Age,Gender,Income,SpendingScore,PurchaseAmount,ProductCategory,PaymentMethod,City,State,Country,IsActive,Returns,DiscountUsed,ReviewScore,Browser,Device,SessionTime,Churn,Year,Month
41,0,35167,65,3992,0,3,1,0,1,2,2.0,0,3.3151996483363315,3,0,253,0,2023.0,1.0
63,1,20636,38,4968,1,0,2,2,2,0,0.0,0,2.1890858610240578,1,1,214,1,,
34,2,29854,78,2807,1,3,1,1,0,0,2.0,1,3.7608381487573066,0,1,61,1,,
54,2,108678,82,3305,0,1,0,0,1,1,2.0,1,3.188210723622391,0,1,167,1,,
67,0,114929,49,4407,4,0,2,4,1,0,0.9984059511158342,0,3.0031016598150484,2,3,296,1,2023.0,1.0
44,1,103583,64,4630,2,1,4,1,2,1,0.9984059511158342,0,1.627473171982051,1,0,287,1,,
67,1,59807,27,1205,1,0,0,0,0,1,2.0,0,2.908296937797031,0,1,129,0,,
56,0,85451,50,4133,2,1,3,1,3,1,0.9984059511158342,2,3.580191789807551,2,1,95,1,,
58,0,64415,31,1045,2,2,2,3,1,0,1.0,1,4.354113490755543,3,0,199,0,,
66,1,83155,97,579,1,4,2,0,1,1,1.0,2,1.4008398164403757,1,3,37,0,,
51,0,77757,82,4650,2,4,1,1,2,2,0.0,1,2.8615225012079195,2,2,137,1,,
18,0,37573,63,1881,1,0,2,4,2,0,2.0,2,4.695635772264631,0,2,203,1,,
29,1,115852,21,3095,1,4,1,0,2,2,1.0,0,4.14374112364696,3,1,83,1,,
53,1,86483,80,4284,0,0,1,0,1,0,0.0,0,1.7880360433842577,1,1,295,0,,
34,1,64518,25,3364,4,0,4,1,1,0,0.0,1,1.1988498017092524,2,0,247,0,,
46,1,69047,53,4879,4,2,1,1,3,2,0.9984059511158342,0,4.9411782817848415,1,2,10,0,,
37,0,24414,16,1651,4,4,3,0,0,0,1.0,1,2.3301335821497,2,3,102,1,,
23,1,98627,3,4450,4,1,0,1,0,1,1.0,2,4.707255542720478,2,2,15,0,,
58,2,84450,3,3071,3,0,4,2,1,1,0.9984059511158342,1,3.654997942591292,1,0,136,1,,
63,2,51346,86,3674,3,0,3,1,1,0,0.0,0,2.28842058334158,3,3,160,0,,
28,2,113103,58,2660,4,2,0,3,3,1,0.9984059511158342,2,2.186945945916787,2,3,40,0,2023.0,1.0
65,1,87381,9,4623,0,0,2,4,3,2,1.0,1,4.212240184820525,3,1,231,0,,
32,1,78706,90,3125,1,3,2,4,3,1,0.0,1,3.1652761124100657,3,3,158,1,,
52,1,20056,61,4777,2,2,2,4,3,1,0.0,1,1.1303147245168028,3,1,140,1,,
53,0,20440,65,362,3,3,3,3,0,2,0.0,1,1.6572930034918714,1,0,225,1,,
45,1,113249,3,4018,4,3,3,1,3,2,0.9984059511158342,0,1.1668242103899251,0,1,98,1,,
34,0,22366,56,984,0,4,2,0,1,1,1.0,0,4.51735797082674,1,3,241,0,,
33,1,101072,87,3379,2,4,4,1,0,0,1.0,2,4.504802215790833,3,2,35,1,2023.0,1.0
50,2,34974,42,689,4,3,1,0,0,1,0.9984059511158342,0,2.515019854513892,3,1,245,1,,
34,0,70870,19,675,1,1,1,1,3,0,2.0,1,2.9435906004253023,1,0,176,1,,
68,2,75006,27,2448,1,0,0,1,1,0,1.0,1,4.372576352940115,3,0,174,0,,
30,1,24008,83,4141,3,4,0,0,0,2,2.0,0,1.1195839512076584,1,3,78,0,,
22,0,38812,32,360,3,4,0,3,3,0,2.0,2,1.0642474705494736,3,2,162,0,,
35,0,101144,94,2986,0,2,2,3,2,0,2.0,2,1.9851631480489744,0,0,11,1,2023.0,1.0
58,2,48439,28,3915,3,1,2,2,1,2,2.0,1,3.360763651885728,1,0,136,1,2023.0,1.0
54,1,114542,66,4302,3,1,3,4,1,2,2.0,0,1.7240547289431305,1,1,123,0,,
37,0,111257,58,573,4,2,3,2,0,2,0.0,2,3.6924588999882575,0,1,275,1,,
55,2,37118,37,2772,3,2,4,0,0,0,2.0,1,2.638298472612066,2,2,22,1,,
37,1,21701,36,2966,4,3,3,1,2,2,0.9984059511158342,2,4.319503991344611,0,0,221,1,,
28,1,76241,3,1232,4,3,2,2,1,2,0.9984059511158342,1,4.664585797789328,1,3,214,0,2023.0,1.0
39,0,45457,12,1777,4,4,4,0,2,1,1.0,0,2.766374890054765,0,1,134,0,,
30,2,43434,36,4194,1,2,4,0,2,2,0.9984059511158342,0,2.5809204709231954,2,3,56,0,,
23,0,80719,64,2320,3,0,2,1,3,1,1.0,1,2.138695646161441,3,3,168,1,,
47,0,38033,92,1960,3,2,1,0,3,0,2.0,1,1.0584756506668906,1,3,71,1,,
36,2,59023,39,3340,0,4,2,3,0,0,2.0,2,2.1033685517260667,0,2,220,0,,
65,0,111472,7,4163,2,1,3,1,2,2,0.0,2,4.394389663490644,3,2,57,0,2023.0,1.0
64,1,106274,71,2585,2,3,3,1,0,0,0.0,1,2.1801245851649367,2,3,119,1,2023.0,1.0
47,0,38715,10,4650,2,2,0,1,3,1,0.0,1,2.8177768679005624,1,1,45,1,,
51,0,27377,48,2251,4,4,4,4,1,1,0.9984059511158342,1,2.57589625632632,3,2,161,1,2023.0,1.0
20,2,65210,84,3469,2,0,2,3,1,2,0.9984059511158342,0,4.442560274859023,0,2,107,1,2023.0,1.0
37,0,44524,78,2572,4,4,0,0,0,0,0.0,1,1.137337778879313,1,3,203,1,,
38,2,93251,61,3452,0,3,0,3,3,2,2.0,2,2.0933588285210414,3,0,278,1,,
26,1,29004,74,661,4,4,0,0,3,1,1.0,2,2.066495658475237,3,2,7,1,,
31,1,24830,8,3424,3,3,1,2,1,0,0.9984059511158342,1,2.064520668209786,0,3,1,0,2023.0,1.0
28,0,80481,38,3223,2,0,1,1,1,0,0.0,2,4.709765164172172,1,0,1,0,,
35,1,94466,20,3604,3,4,2,0,1,1,2.0,0,4.036061292037572,1,3,94,1,,
41,1,53270,34,4700,2,2,2,0,3,1,1.0,1,1.2701908084007436,1,2,271,0,2023.0,1.0
29,1,49427,36,1328,2,1,4,1,1,0,2.0,0,2.7010940990562764,0,0,80,0,,
24,0,82919,12,2341,0,2,3,2,3,1,2.0,1,4.097877974203537,1,3,125,0,,
56,2,64839,43,1391,1,1,3,1,1,0,0.0,2,3.2014087867434062,1,3,22,1,2023.0,1.0
31,1,52152,66,1559,2,2,0,2,0,2,2.0,2,1.270664054845513,0,1,93,1,,
22,0,72669,48,2820,2,2,1,3,3,0,1.0,0,3.215651206748594,3,2,103,0,,
59,1,69044,29,1201,1,3,0,3,0,2,0.9984059511158342,0,1.7470652869669658,1,1,109,1,,
67,2,111951,68,4677,4,4,3,0,3,1,0.9984059511158342,2,2.247519814218516,3,3,73,1,2023.0,1.0
64,0,41818,18,4235,3,3,0,1,2,0,0.0,1,3.232027180203061,1,3,251,0,,
29,2,37116,71,1109,1,0,2,3,3,2,0.9984059511158342,2,1.49792931228609,1,0,110,1,2023.0,1.0
29,0,37939,15,675,0,1,4,3,2,2,1.0,1,4.695389251740315,0,3,115,1,2023.0,1.0
40,1,113287,67,767,3,3,3,1,3,0,2.0,1,3.323363106568137,0,1,133,0,,
47,0,88258,49,155,0,3,3,4,1,2,1.0,2,1.261162286861706,2,1,185,1,,
30,1,75965,72,4999,1,0,0,2,2,2,0.0,2,1.6994122440287485,3,3,175,1,2023.0,1.0
59,1,82389,9,853,3,0,2,4,1,2,1.0,2,2.0459640142531814,0,0,80,0,2023.0,1.0
25,0,81009,94,831,3,1,2,2,1,1,1.0,1,2.507216168989261,0,2,140,1,,
38,1,28733,29,1627,1,2,4,3,3,0,0.0,2,3.8371032326695103,2,3,282,1,,
26,1,83865,79,3264,2,3,3,2,2,0,0.9984059511158342,0,4.345431919992423,0,3,98,0,,
36,1,33587,53,4649,1,3,0,0,1,2,0.9984059511158342,2,4.510014604212667,1,2,286,1,,
53,1,81707,85,1185,3,4,2,1,2,2,1.0,0,1.5994736861491123,2,2,269,1,,
64,2,93489,41,1948,4,1,1,3,2,2,0.0,2,4.609171330066001,0,1,233,1,2023.0,1.0
52,0,87439,40,4530,3,3,4,2,0,2,2.0,0,4.241825729276144,3,0,277,1,,
19,0,63744,74,757,3,4,0,0,1,1,0.0,2,2.1294267104537994,1,1,132,1,,
19,1,76782,95,3366,4,3,0,3,2,0,1.0,1,4.529880143714011,0,3,223,0,2023.0,1.0
53,0,108810,16,689,4,4,4,3,3,0,1.0,2,1.282603492100416,3,2,146,1,,
36,0,108003,48,1117,1,1,1,1,1,0,1.0,2,4.430267665291297,3,3,141,0,,
30,2,47740,54,3936,1,2,4,0,3,0,1.0,0,2.8512231137327952,2,3,29,1,2023.0,1.0
33,0,82636,14,2185,1,0,0,4,3,2,1.0,0,3.946405283942484,2,2,259,1,2023.0,1.0
52,1,44474,73,859,0,4,3,0,1,1,2.0,1,2.763438284754683,2,0,11,0,,
53,1,83083,99,785,2,0,4,2,3,1,0.0,0,4.499281864396229,3,0,223,0,,
35,1,100981,70,2103,2,4,3,0,1,0,1.0,2,2.8865976450922397,2,0,159,0,,
58,0,85350,15,3868,1,4,4,2,0,2,1.0,0,3.2885832350027915,3,3,185,0,,
62,1,74333,48,3071,4,4,1,2,1,2,2.0,0,2.290600177748482,3,1,259,1,,
57,0,40939,38,1380,3,4,2,2,1,2,0.9984059511158342,1,3.0838575540482327,3,0,10,0,2023.0,1.0
51,0,47207,95,2311,2,4,1,0,3,0,0.9984059511158342,0,4.0661179688531215,2,3,201,1,,
37,2,88226,75,1957,1,4,2,0,1,0,0.0,2,3.221048940934472,1,2,239,1,2023.0,1.0
63,1,87061,86,4467,2,1,1,0,0,2,0.0,0,3.775930268443558,2,2,31,1,,
52,0,84591,6,3631,4,0,0,1,2,0,0.0,0,2.0346035600657317,1,2,169,1,,
30,2,31517,17,3397,0,3,4,0,2,0,0.0,2,4.66573013556259,3,3,187,0,,
69,1,113433,21,557,0,0,2,2,2,2,1.0,2,3.890756911947323,1,3,22,1,,
21,0,68621,35,1961,1,1,1,2,0,0,0.9984059511158342,1,3.710019870672732,3,2,41,1,2023.0,1.0
59,1,84442,18,2463,2,0,1,1,1,2,2.0,0,1.584285420283328,1,0,102,1,2023.0,1.0
32,0,52356,32,3160,1,0,3,4,3,2,0.9984059511158342,2,3.116991189050609,3,0,106,0,,
68,0,82948,37,3024,2,2,2,1,2,2,2.0,0,3.5504700120289385,1,0,166,0,,
59,1,105024,38,4429,0,1,0,4,3,0,2.0,1,2.621168667655573,2,2,65,0,,
66,2,34123,58,2212,0,2,2,4,1,0,0.9984059511158342,2,4.712212326561504,3,3,87,0,,
40,2,89109,34,2372,2,4,4,0,1,0,2.0,0,1.5063796221982613,3,1,169,0,,
20,1,47050,14,1812,2,4,0,4,2,0,0.0,1,2.323690057836997,0,2,92,0,2023.0,1.0
36,0,105548,1,162,0,1,2,0,0,1,0.9984059511158342,1,2.5204113490833446,1,2,243,1,,
50,1,31419,30,1009,4,0,3,4,3,1,1.0,1,3.890736330682077,0,3,256,0,,
64,1,24369,25,3519,3,2,3,0,2,1,0.0,2,4.808934865093493,2,3,185,1,,
69,1,23664,61,2076,0,3,1,1,2,0,0.0,2,1.1938577954032397,0,3,157,1,,
42,2,92683,97,597,3,2,3,0,3,2,2.0,0,2.583278231227857,3,0,7,1,,
32,0,41832,28,137,1,1,2,1,3,2,2.0,2,1.511436955741448,3,1,188,0,,
39,1,27410,29,3328,4,1,3,1,0,1,2.0,0,2.591239388506548,1,0,8,0,,
55,0,47430,44,4737,2,0,2,0,2,0,0.0,2,3.837241795114931,0,0,86,0,2023.0,1.0
24,2,65950,38,460,4,1,0,2,2,0,1.0,2,4.379659753806223,1,0,33,1,,
23,1,77865,88,2464,0,0,0,2,0,0,2.0,1,3.223179224316738,1,1,247,1,,
69,1,116669,74,536,0,3,0,1,2,0,2.0,0,4.621863245565594,3,3,191,1,,
22,1,49873,4,2567,0,2,3,0,2,2,0.9984059511158342,0,1.274167768746227,0,1,287,0,,
54,0,109682,4,1955,1,0,0,0,0,1,2.0,1,3.502485309136904,0,3,116,1,,
69,0,103251,63,101,1,1,3,1,3,0,0.0,2,4.93522811263278,2,0,280,1,,
35,1,80727,96,1417,2,2,1,4,1,2,2.0,0,1.642121308124874,3,0,198,1,,
23,0,118656,94,3163,2,4,1,0,3,0,0.0,1,1.5567355133796037,3,3,198,0,,
67,2,52926,71,2714,0,1,1,4,1,2,1.0,2,4.722058933209329,0,2,190,0,,
58,2,76361,64,941,0,1,2,4,1,2,0.9984059511158342,1,4.8907874857844345,0,0,26,0,,
62,1,20244,53,2969,2,4,4,2,0,2,0.9984059511158342,0,3.668159490514375,1,1,228,1,,
18,2,54512,85,4469,0,4,2,1,3,1,2.0,0,1.0056018582500137,2,2,166,0,,
48,1,51481,19,4474,2,2,2,0,2,2,0.9984059511158342,0,1.3837676263387153,0,0,3,1,,
35,0,67632,83,3044,0,2,4,2,0,2,0.0,0,2.907183443004387,2,3,278,1,2023.0,1.0
21,0,87428,15,4203,3,4,0,3,1,2,0.0,1,2.69909200262592,3,0,151,0,2023.0,1.0
25,0,64358,26,4918,4,4,2,2,0,2,2.0,2,2.6558300874065965,3,3,145,0,,
44,2,83042,70,3614,4,3,4,3,1,0,0.0,0,1.2264587019541389,1,3,57,1,,
48,2,79940,80,3774,2,3,1,4,3,2,0.0,2,1.4893215104036104,2,1,158,1,,
49,0,96292,50,4832,2,4,3,3,2,2,1.0,1,4.008372390840272,0,3,54,0,,
63,0,93927,92,3922,1,1,4,1,1,0,2.0,1,3.669400451071301,3,2,192,1,,
27,2,93551,14,2792,2,1,4,2,0,2,0.0,0,2.3907401234052106,0,2,161,1,,
45,1,75654,97,2045,0,1,1,3,0,2,0.9984059511158342,0,1.1823533092234744,1,1,11,1,,
33,0,82694,89,2377,0,2,3,0,0,0,1.0,2,2.8621666938161088,0,1,108,1,2023.0,1.0
21,0,68068,45,2899,3,2,3,3,2,1,1.0,1,2.2269282414962315,0,3,255,0,,
57,0,69322,45,1574,0,3,4,2,0,2,0.9984059511158342,2,4.295412353578918,3,3,222,1,,
60,1,103203,58,2132,4,4,4,2,1,0,1.0,2,1.310785729425865,0,3,172,0,,
48,0,110999,49,659,2,4,4,4,2,2,0.9984059511158342,1,1.0813452278340074,3,3,102,1,,
29,2,28584,99,1523,3,2,1,1,1,0,2.0,0,2.817932247605846,3,0,220,0,,
21,1,53639,17,1813,0,3,3,2,2,1,0.9984059511158342,0,4.85233344098026,3,2,229,0,,
24,2,116008,6,3098,1,4,0,2,2,2,0.9984059511158342,0,4.432614078896659,3,3,27,1,,
39,0,20840,9,1494,0,2,0,4,0,2,0.9984059511158342,0,4.229587269341332,0,2,138,1,,
49,0,108263,15,493,3,2,0,3,1,2,0.0,0,1.584944023151334,2,0,197,0,,
32,1,60888,83,770,0,4,0,0,1,0,2.0,1,1.541367639372185,3,1,100,1,,
20,0,66733,21,3953,2,0,4,0,3,1,0.9984059511158342,2,2.73824654003771,0,3,48,0,2023.0,1.0
20,1,114905,2,4942,2,3,0,4,2,0,1.0,2,4.342972198394996,2,3,291,0,2023.0,1.0
36,0,63016,62,2609,4,3,3,4,3,2,0.0,1,3.690250518614167,3,0,290,1,,
52,0,52813,17,3063,1,0,2,4,1,0,0.0,1,3.3048295081912946,2,1,209,1,,
26,2,75096,86,3448,4,4,2,0,0,2,1.0,0,4.6918157834716085,3,0,267,1,,
46,0,102799,18,502,4,2,0,1,3,2,1.0,0,3.603655342841968,3,0,297,1,,
48,1,21816,34,570,3,3,4,4,2,1,0.9984059511158342,0,3.10507073970023,3,0,49,1,2023.0,1.0
44,0,26749,25,2553,2,3,0,4,3,2,0.9984059511158342,0,4.621245037483412,1,2,7,1,,
26,0,27436,82,4627,4,1,2,2,0,0,0.9984059511158342,0,4.342931063958441,1,0,139,1,,
62,1,97000,65,1615,0,0,0,2,3,0,0.9984059511158342,2,1.6482689188485566,0,1,136,0,,
46,0,40946,60,1844,1,2,0,2,3,0,0.0,0,3.5824395753958926,3,3,206,0,,
57,1,78734,10,708,4,3,4,3,1,1,2.0,2,2.0040686341036773,2,1,77,1,,
34,2,95351,34,3870,1,0,1,0,2,2,1.0,1,2.4233540729697745,1,0,162,1,2023.0,1.0
45,1,69220,48,2550,4,3,3,3,3,1,0.0,0,4.1787244145459725,0,3,37,0,,
55,2,114120,75,1131,1,2,3,2,3,2,2.0,2,3.269005495416342,0,1,70,1,,
25,1,89650,74,648,2,0,3,2,1,1,2.0,2,2.9871927764453003,1,0,197,1,2023.0,1.0
48,0,106135,74,1478,1,0,4,3,0,2,1.0,1,3.762634780110787,1,2,18,1,,
38,0,94095,81,532,2,1,2,4,0,0,2.0,2,2.9435669416310253,2,3,170,1,,
56,2,69757,42,3413,4,1,4,4,2,2,0.9984059511158342,1,2.5123452194293616,1,1,260,1,,
68,2,108606,1,4040,1,4,2,0,0,2,1.0,1,4.678014824813299,0,3,235,0,,
61,2,109300,25,1331,4,4,3,1,3,2,0.9984059511158342,1,4.696099697443528,3,0,279,0,,
20,0,41730,20,4949,4,4,3,3,3,0,0.0,2,4.131328960419271,2,1,122,0,,
35,0,32521,98,3449,2,4,3,4,0,2,0.0,2,4.822149816710361,2,2,180,0,,
55,1,86177,83,2067,1,4,3,3,0,2,0.9984059511158342,0,4.373664162846245,1,1,91,1,,
69,0,81404,66,3562,4,2,4,4,1,2,0.0,0,2.785704632275911,1,2,271,0,2023.0,1.0
68,1,83965,7,751,2,0,0,0,3,2,0.9984059511158342,2,3.1511461364999205,1,0,286,1,,
29,1,117662,86,3319,3,3,4,2,3,2,2.0,1,1.016121624549196,1,3,202,1,,
22,0,82107,66,887,3,2,4,1,0,1,2.0,2,4.337752253185716,0,2,277,1,,
33,1,31920,54,2135,1,4,3,2,0,2,0.9984059511158342,2,4.046090064893955,2,3,2,0,,
25,2,62816,29,674,1,2,1,2,3,2,1.0,2,3.7415331575176656,2,2,224,1,,
64,2,84558,5,3109,0,0,2,4,2,0,0.9984059511158342,1,1.8306163735978784,2,3,273,1,,
31,1,54954,66,2583,1,3,1,0,1,0,2.0,2,3.179162441629235,2,2,84,1,,
61,0,75038,10,1174,4,3,1,0,1,1,2.0,2,3.778890207752848,2,2,294,1,2023.0,1.0
32,0,68920,24,2742,4,4,1,3,3,0,0.0,0,4.236407780530582,1,0,278,1,,
21,0,75114,91,1117,4,3,0,3,1,1,0.0,2,1.054700026561009,1,2,30,1,2023.0,1.0
63,0,36065,96,2580,1,2,1,3,1,2,1.0,2,3.636430272554001,2,0,294,0,,
45,0,75279,66,584,2,4,2,2,3,2,0.0,2,3.532777257363404,0,2,82,0,,
47,1,27939,68,520,0,4,1,0,2,2,0.9984059511158342,2,2.332660950194366,0,1,43,0,,
43,2,80422,13,3179,3,1,4,3,2,0,0.9984059511158342,1,3.339047208047245,3,1,144,1,,
43,0,38261,8,4559,1,1,2,2,0,1,0.0,0,3.0324362964352938,3,2,232,1,,
24,1,70406,15,2957,4,4,4,3,3,0,0.9984059511158342,1,1.087407973481875,2,0,296,1,,
19,0,28798,22,912,0,3,2,1,1,1,2.0,1,3.4883851691391983,1,1,51,0,,
58,0,34690,66,2003,0,1,4,3,1,2,2.0,2,2.3672212103602,3,3,291,1,,
67,1,41976,70,2532,3,2,4,1,3,2,0.0,2,1.5882923738547057,3,2,75,1,,
54,1,106078,93,2477,1,2,4,1,2,2,0.0,1,1.8276821668265448,0,1,264,1,,
33,1,36978,53,3613,3,1,2,4,0,2,1.0,1,4.64825583495845,2,1,164,0,2023.0,1.0
29,0,64112,81,3426,2,2,2,3,3,0,1.0,0,2.4951824981086896,0,1,28,0,2023.0,1.0
43,0,104216,17,1503,1,4,1,1,3,2,1.0,1,2.6797167855620976,3,2,168,0,,
44,0,59749,24,3783,2,4,3,3,3,0,2.0,2,3.9534507751368566,1,3,226,0,,
45,1,60954,80,286,3,1,1,0,3,2,0.9984059511158342,2,1.1336553999088568,3,0,288,0,,
43,0,52675,33,4823,3,2,1,0,1,2,2.0,2,1.8539284985029056,3,3,147,0,,
64,2,115347,64,2082,1,4,0,2,3,0,2.0,2,4.582799455953099,0,0,135,1,,
65,1,27176,73,681,1,3,3,4,1,2,0.9984059511158342,2,2.2166167721799344,2,3,287,1,,
58,1,52544,27,3237,3,2,2,3,1,2,1.0,2,2.47638479028992,2,0,99,0,,
23,1,109405,19,3376,4,2,3,0,2,0,1.0,0,3.6587835049372535,1,2,47,0,,
36,1,74273,21,3174,3,4,4,2,1,0,0.9984059511158342,0,3.4160307579397453,1,3,16,0,,
57,0,118694,15,819,3,0,4,1,1,0,0.9984059511158342,2,3.158764747671186,3,2,94,1,,
66,0,86617,5,2541,2,2,1,4,3,2,0.0,1,2.4579787696076485,0,0,291,1,,
65,0,40968,18,4672,4,0,1,3,2,1,0.0,1,4.708681070375244,3,2,270,0,,
37,1,73010,72,1412,4,3,2,2,3,0,1.0,0,2.3085829106274423,0,2,81,1,,
51,1,54017,22,3761,3,1,4,3,2,0,0.0,1,4.8127316769593484,1,1,220,0,2023.0,1.0
33,0,78150,95,2880,0,3,4,1,3,0,0.9984059511158342,0,2.6316652317574856,0,2,3,1,,
30,0,74711,14,2786,2,1,1,3,2,1,2.0,1,3.2353045997293512,1,1,151,1,,
51,1,30686,51,1002,4,4,4,2,0,1,0.9984059511158342,0,4.6478096281432855,3,1,202,0,2023.0,1.0
67,2,113697,59,2893,3,2,3,1,0,0,0.0,1,2.6136905411625166,2,0,207,1,,
19,0,113976,38,913,1,3,0,1,2,2,1.0,1,1.0528581159738368,1,0,26,1,,
46,0,118628,42,1825,1,2,4,3,1,0,0.0,0,1.3385189440211591,2,0,133,1,,
26,2,28711,28,716,2,2,0,0,2,2,0.0,1,3.890210467989023,3,0,41,1,,
57,0,53440,16,3639,3,2,4,2,3,0,1.0,1,4.473469801777285,3,1,130,1,,
55,1,107148,99,210,0,3,4,3,2,0,0.0,1,3.077585804776798,2,0,250,0,,
22,2,66835,96,2850,2,2,1,1,3,2,0.9984059511158342,0,3.4198934002683417,1,0,201,0,,
23,0,96700,97,692,2,1,4,2,1,1,0.0,1,1.984787571093042,2,0,215,1,2023.0,1.0
64,0,71999,9,337,1,0,0,2,0,1,0.9984059511158342,2,1.1607296393852131,1,1,264,1,,
54,0,56181,89,3601,2,4,4,4,0,0,1.0,0,4.077919759078236,1,0,50,1,,
23,0,58031,8,4744,1,3,1,1,1,0,0.0,0,4.700362270281774,2,2,118,1,,
20,0,111281,76,3065,0,3,2,2,2,2,0.0,2,4.840764155294677,3,0,161,1,,
48,2,69262,81,1306,2,3,1,1,2,2,1.0,0,2.8591889052060564,1,2,169,0,,
56,1,92467,97,2204,2,3,2,4,0,2,2.0,0,4.51012779829491,3,2,97,0,,
66,1,103184,46,4939,2,3,3,3,3,2,0.9984059511158342,0,4.41039728706201,1,1,199,1,2023.0,1.0
55,1,61632,92,263,1,0,4,0,2,0,1.0,2,3.2596500997140323,3,0,73,0,,
19,0,23980,18,2934,0,1,3,3,0,2,0.0,1,3.075985747550345,2,3,294,1,,
53,1,34193,39,3904,3,1,0,2,2,2,0.9984059511158342,0,1.1629899104876862,0,3,191,0,,
33,2,68926,79,4228,4,3,2,2,2,1,0.9984059511158342,1,1.2346715673059876,2,3,73,0,,
58,0,112019,91,1470,3,1,4,3,3,0,0.0,0,4.641703534623479,2,3,170,1,2023.0,1.0
68,0,97214,9,4186,4,0,4,0,3,1,0.9984059511158342,2,2.116279591130118,3,3,68,1,,
28,0,118750,86,2396,4,1,2,0,1,2,0.0,2,4.15028094610167,3,2,269,0,2023.0,1.0
19,0,38452,6,960,0,0,0,0,2,0,1.0,2,4.378808837559934,0,1,124,1,,
52,0,47746,89,376,1,4,1,1,2,2,0.0,0,1.7736753580601676,0,0,12,0,,
67,0,93973,29,3434,1,1,3,4,3,0,2.0,2,4.601081725294055,2,2,85,0,,
49,1,101614,20,4149,1,3,0,0,3,2,0.9984059511158342,2,1.189662097835153,3,0,277,1,,
38,1,93309,13,3209,3,1,2,2,3,2,1.0,2,3.641536773806412,0,0,96,1,,
62,1,76091,39,3314,4,1,0,4,0,0,0.9984059511158342,0,1.2399383299984974,3,3,105,0,,
31,2,61722,81,1604,0,4,3,3,2,0,2.0,2,2.7372270518011583,3,0,264,0,,
26,0,38756,74,4605,2,4,0,2,3,2,0.9984059511158342,2,2.2297686691112952,2,2,242,1,2023.0,1.0
65,2,64610,8,1470,0,4,1,3,0,0,0.0,1,3.497452169260608,3,3,10,1,,
45,0,20209,20,1708,0,4,2,1,0,0,0.9984059511158342,1,2.7395239100660107,0,3,8,1,,
18,0,92914,8,1295,3,0,2,2,3,0,0.9984059511158342,2,3.593385979411887,3,3,158,0,,
63,2,53717,91,1373,2,4,3,1,0,0,1.0,0,3.791950452780002,0,3,131,0,,
41,0,50552,34,1347,3,3,2,2,3,2,2.0,0,4.122407870889224,1,0,125,1,,
21,0,72703,37,3405,4,4,3,3,0,2,2.0,2,2.7337352506919714,3,1,291,1,,
25,0,42578,93,1875,3,2,2,4,1,2,0.0,2,2.5911034346699147,0,3,43,1,,
54,2,70624,92,1090,3,0,0,1,0,2,2.0,0,3.589134172540773,3,0,121,0,,
51,0,22019,20,3837,2,3,0,3,3,0,0.9984059511158342,0,3.9592849836895416,0,1,147,1,,
38,0,65612,15,1167,4,2,3,0,2,2,1.0,1,3.891644948321016,2,1,51,0,,
66,0,29745,58,4229,2,1,4,2,0,0,1.0,1,2.5217383499720043,3,1,278,0,2023.0,1.0
35,1,64397,5,3241,1,3,0,4,0,2,2.0,0,3.1710657758014613,2,2,20,1,,
19,1,41446,21,1112,0,0,3,2,2,2,1.0,1,4.9123677353992985,3,3,163,1,2023.0,1.0
61,1,116876,29,4417,4,4,4,4,3,1,0.0,0,2.3848453094379773,2,1,160,0,,
50,2,118869,84,1797,4,0,3,0,2,2,1.0,0,4.139570412410589,0,3,162,1,,
24,2,95257,66,4450,0,2,3,1,0,1,1.0,1,2.564205047172331,3,2,262,1,,
52,0,37300,5,232,2,4,3,0,1,0,1.0,1,3.593209846903261,0,1,208,1,2023.0,1.0
66,1,68458,57,4608,4,0,4,1,1,2,0.9984059511158342,1,3.929528905350888,0,2,23,0,,
40,1,37883,11,1418,2,0,2,1,0,2,1.0,2,1.1280769504408577,3,3,72,0,,
34,0,35797,15,1957,1,2,1,1,3,2,0.0,0,4.021487054536356,0,0,174,0,2023.0,1.0
47,0,54346,64,4453,2,0,2,1,3,1,1.0,1,1.4462186935159314,3,2,17,0,,
18,0,57211,27,3996,0,1,4,3,3,2,2.0,1,3.99155233867429,1,2,128,1,,
42,1,84373,82,938,2,1,4,2,2,1,2.0,1,2.077124406291036,1,3,114,1,2023.0,1.0
68,1,23017,25,903,3,3,4,4,2,2,1.0,1,2.0332918860591165,3,3,82,0,2023.0,1.0
48,2,36661,37,4250,3,2,4,1,2,1,2.0,1,1.443061963093942,0,2,205,0,2023.0,1.0
54,1,90966,87,1907,0,1,3,2,2,0,0.0,0,4.302146571301572,2,3,30,0,2023.0,1.0
39,2,96764,17,3141,0,4,0,4,3,2,0.9984059511158342,0,1.292341301275973,2,3,229,1,,
42,2,40323,21,1702,4,4,4,2,2,0,1.0,1,1.0291692179674867,3,0,163,0,,
29,0,73836,97,1987,3,1,3,2,1,0,0.0,1,4.580053990604659,1,0,183,0,,
27,2,39159,25,1859,4,2,1,0,0,0,2.0,0,3.463757878049494,2,1,193,0,,
35,1,116382,17,2721,4,1,2,0,1,1,0.0,1,1.541471399162864,1,2,118,0,2023.0,1.0
57,1,116188,69,1137,3,3,2,3,3,0,0.0,1,2.0963304940729635,3,1,6,0,,
32,1,42733,66,4810,1,1,3,2,1,0,0.0,1,2.518951942901441,3,0,177,0,,
42,1,108954,19,1775,4,1,0,3,2,2,0.9984059511158342,0,2.2929164962922264,1,1,92,0,,
38,0,59551,40,3619,4,1,3,2,1,1,2.0,0,4.092350378358887,0,3,77,0,2023.0,1.0
27,1,115549,63,4507,1,4,1,1,2,0,1.0,1,4.894653540852301,3,3,36,1,2023.0,1.0
33,2,86422,14,3757,3,1,0,4,3,1,0.0,2,3.715174998810838,2,1,230,1,,
36,2,102494,9,3866,1,2,2,3,0,0,2.0,2,1.1581322986505946,3,3,80,0,,
42,2,63714,25,3948,0,3,1,2,1,2,2.0,1,3.2313432912973874,0,3,239,1,,
61,2,70893,97,2234,1,4,1,4,2,2,0.0,2,3.7453031680340874,1,1,236,1,,
68,2,35977,98,197,4,0,0,2,2,1,2.0,2,3.1563347941504327,2,0,228,1,2023.0,1.0
62,2,60180,90,1860,3,4,1,0,3,2,2.0,2,2.447376360315754,3,0,65,0,,
43,1,38895,73,4381,0,1,1,3,1,0,0.9984059511158342,2,2.9975443496765037,3,2,17,1,,
25,0,64331,25,4368,4,3,4,0,0,0,0.0,0,1.514238467896679,0,3,89,1,,
46,1,81596,4,2127,4,3,4,3,1,2,1.0,0,3.5883164487323094,3,1,84,0,,
19,1,50314,55,3084,0,1,2,1,3,0,0.9984059511158342,0,2.0959560994245146,3,3,134,0,,
19,0,97830,32,3805,2,3,1,0,2,2,0.0,2,4.746185402055982,2,2,250,1,,
29,2,52442,57,2328,4,0,4,3,0,2,1.0,2,4.07780158279244,0,1,66,0,,
46,0,31319,29,1015,2,4,2,1,2,0,0.0,0,1.1374949801487189,0,0,9,0,2023.0,1.0
39,0,28720,85,4317,1,4,0,0,3,0,0.0,0,4.820120134769743,3,1,262,1,2023.0,1.0
41,2,82901,29,2131,4,3,2,1,1,1,0.9984059511158342,0,3.6241218506394457,2,1,249,0,2023.0,1.0
63,1,53826,64,3659,2,3,2,4,1,0,1.0,1,2.0758881741015776,1,0,228,1,,
38,1,72576,63,2953,0,2,4,1,2,1,0.0,2,2.2159333948279847,1,0,153,0,,
19,0,99287,2,3506,3,2,1,1,2,0,1.0,1,2.730707473141351,1,1,243,1,,
48,2,114315,31,3561,2,4,2,4,0,2,1.0,0,2.023725970362543,1,3,299,1,2023.0,1.0
40,2,36360,19,1220,3,1,0,2,3,0,2.0,0,1.4211248363452271,1,0,128,1,2023.0,1.0
52,1,66798,90,2947,3,1,1,3,1,0,0.0,0,4.904752080447741,3,3,121,0,,
68,0,116185,54,4747,3,4,1,3,0,2,1.0,1,3.196049080913625,3,1,132,1,,
49,1,67800,94,2279,2,4,4,3,1,2,2.0,1,2.777009771174757,2,0,22,0,,
68,1,40654,89,1529,4,4,4,1,3,1,1.0,2,4.604369471295167,0,1,202,0,,
66,2,57569,67,375,4,2,4,3,0,0,1.0,2,2.7584814502392154,2,1,59,1,,
65,1,20997,18,1070,3,0,0,3,0,1,2.0,1,3.4989795807926245,0,0,251,0,,
32,0,44151,81,2098,1,2,4,2,3,0,1.0,1,1.36358918903574,2,2,16,1,,
59,1,58108,33,2259,3,0,1,4,2,0,2.0,2,4.977297733801343,0,0,286,1,,
45,0,61368,20,4509,2,3,0,4,1,1,1.0,1,1.0338323621712533,0,1,18,0,2023.0,1.0
19,0,69116,3,1649,4,3,3,3,2,2,2.0,2,1.8377367617159572,1,0,170,0,,
50,2,47939,19,3875,0,4,2,2,3,2,0.0,2,2.4870928634373164,2,0,197,0,2023.0,1.0
60,2,117091,26,1216,1,2,3,2,1,0,1.0,1,4.958789000555269,1,3,43,1,,
26,0,93150,43,3410,3,4,4,3,2,2,2.0,2,3.905791959049482,3,3,82,0,,
66,1,93920,87,3295,0,4,3,3,2,2,1.0,2,1.0372443810570533,0,1,35,1,,
24,1,69107,67,3492,2,4,4,2,1,0,2.0,2,2.2718950739852013,3,1,138,1,2023.0,1.0
53,2,112889,4,4029,3,4,1,0,0,1,2.0,1,1.4392204356034992,2,2,85,0,,
23,1,48287,79,4782,1,1,0,4,3,0,0.0,1,2.4336827383955177,1,0,29,0,2023.0,1.0
66,1,99409,86,1021,2,4,4,2,1,0,2.0,2,3.441408178842105,0,2,140,1,,
40,0,75041,6,2258,2,0,0,0,3,1,2.0,0,2.1932901042495714,1,0,181,0,,
66,0,111903,5,2120,1,4,3,0,0,0,0.9984059511158342,1,2.7121265457435157,0,2,52,0,2023.0,1.0
67,1,112290,15,4239,2,0,3,0,0,2,2.0,1,3.9647823039219583,2,0,206,1,,
48,0,25914,9,1325,2,1,2,3,3,2,2.0,1,4.91253046668105,0,3,37,0,,
67,0,57321,52,1292,2,2,3,1,0,2,0.0,0,2.9416114962199824,3,2,213,0,,
66,0,78798,90,251,4,4,1,1,3,0,0.9984059511158342,2,1.6445026435997765,0,2,54,1,,
22,0,110032,52,653,3,0,0,3,1,2,0.0,0,4.373989383964707,0,2,122,0,,
34,1,69984,53,1120,0,3,4,0,2,2,0.9984059511158342,1,3.721791944009827,1,2,15,0,,
18,0,94716,24,4242,2,3,3,1,0,2,1.0,0,2.661835628630665,2,2,141,1,,
63,0,66008,13,814,1,2,4,3,3,1,2.0,1,4.773463889631897,2,0,248,1,,
42,0,76516,51,2128,1,2,3,2,3,0,0.9984059511158342,1,1.1407847777329003,3,2,212,0,,
52,0,101541,2,4710,1,2,0,2,1,2,0.9984059511158342,0,1.8274687015372024,3,0,290,0,2023.0,1.0
43,0,83869,34,4388,4,4,1,4,2,0,2.0,0,2.490239515231634,0,1,243,0,2023.0,1.0
50,2,40229,67,4774,2,1,1,0,3,0,2.0,0,4.328237124897457,0,3,247,1,2023.0,1.0
40,0,63978,38,4755,1,2,4,4,1,0,0.0,1,4.220190623514291,1,3,132,1,,
46,1,119887,89,4840,0,3,0,1,1,1,2.0,0,4.930962150623083,2,1,255,1,,
51,2,80817,42,2627,4,4,3,2,3,1,2.0,0,4.999017841737324,3,2,252,0,,
37,1,37533,73,2125,4,4,1,2,0,0,0.9984059511158342,2,2.166070371883333,2,3,22,1,,
34,2,49317,35,1678,2,3,1,3,0,0,0.9984059511158342,2,2.741011093054336,2,3,180,1,,
62,1,70521,48,324,3,4,2,1,2,2,1.0,0,2.361056771052399,0,1,170,1,,
39,1,75048,16,1355,2,0,1,2,0,2,1.0,1,3.909340937396693,2,2,86,0,2023.0,1.0
50,0,98018,69,1817,1,1,0,0,3,0,1.0,1,2.280665527528498,3,3,192,1,,
44,2,47603,58,2450,0,1,2,3,2,2,0.9984059511158342,1,4.216714171776886,2,0,293,1,,
36,2,57180,36,588,0,1,4,2,0,1,0.0,2,4.302015935564645,2,3,263,0,,
54,2,64645,3,3030,0,1,3,3,2,1,0.0,1,1.1226541369666685,1,0,99,0,,
22,2,104583,95,1800,1,0,4,2,2,2,0.0,0,3.8377916140955817,1,2,277,1,,
62,0,46519,10,739,0,2,3,1,0,0,2.0,0,2.3806571469096025,1,2,142,0,,
57,1,66069,81,843,2,4,0,0,1,2,2.0,1,4.794669819434826,2,3,262,0,,
59,0,73950,22,1734,2,4,4,1,2,2,1.0,1,4.499344303908051,0,1,182,1,,
40,0,79099,92,4414,0,4,1,0,1,1,0.0,1,3.3569990007184067,0,1,240,0,2023.0,1.0
22,1,36603,27,593,4,4,4,2,1,2,1.0,2,3.868719338036304,3,3,255,0,,
25,2,96719,8,3717,4,1,4,1,0,2,0.0,2,1.2081928192871771,2,3,114,1,2023.0,1.0
69,1,61335,77,3046,2,0,4,3,1,2,2.0,1,4.682278298982233,0,0,136,0,,
56,1,111310,47,887,0,1,0,2,3,2,2.0,0,3.870996831494709,3,2,85,0,,
47,2,117885,97,238,2,3,1,0,3,2,2.0,1,2.381888477088653,3,3,41,0,2023.0,1.0
24,0,119290,42,2448,3,4,1,3,3,0,2.0,2,1.1727841024949592,1,1,52,0,,
56,0,83116,91,3563,2,1,4,3,3,0,2.0,1,4.742162563743898,0,1,101,0,,
62,2,25703,13,2260,2,2,2,2,1,0,2.0,1,4.0512352249261765,0,0,19,0,,
67,2,116090,7,2921,0,0,2,3,2,2,0.0,2,2.5029868024735014,2,2,267,1,,
43,2,65380,73,3355,4,3,2,2,3,0,2.0,1,1.1753014901646424,0,2,68,1,2023.0,1.0
35,0,82112,18,4097,3,4,1,2,3,1,0.9984059511158342,0,2.1605397904262458,2,0,166,0,,
22,1,93166,92,2005,1,4,4,1,3,2,0.0,0,2.768641546873092,1,1,75,1,2023.0,1.0
36,1,84514,16,4419,3,3,3,3,0,2,0.0,0,2.5451784149383614,3,0,279,0,2023.0,1.0
18,1,105757,4,4808,4,0,4,4,0,1,0.9984059511158342,2,4.2801737347858415,1,0,107,1,,
50,2,71672,61,2262,0,0,4,2,0,2,0.0,2,4.318228037838534,0,3,21,0,,
53,0,46411,56,886,2,0,0,2,0,0,2.0,2,2.9015737033011963,3,2,253,0,2023.0,1.0
65,0,34901,81,1738,3,0,0,0,0,2,0.0,1,1.3633932923068786,3,1,217,1,2023.0,1.0
25,1,27928,26,4290,0,4,4,2,2,2,0.9984059511158342,1,2.648422642694048,3,1,47,0,,
54,2,41061,66,705,0,1,4,1,3,2,0.9984059511158342,1,1.0028591805141582,0,2,26,0,,
61,2,56051,41,2468,4,1,4,2,2,0,2.0,2,2.256570781976423,1,3,153,0,,
38,0,84814,24,411,4,1,1,4,1,0,0.9984059511158342,1,1.947963322486562,1,2,248,0,,
55,0,119854,11,1455,4,3,2,2,2,2,0.0,2,1.5237724463842448,1,0,79,0,,
18,1,86920,79,3155,2,0,0,2,0,2,2.0,0,2.398768793234019,2,3,262,1,,
68,0,30652,94,3186,4,3,0,3,0,0,0.0,0,1.620094299584955,0,2,144,0,,
25,1,78445,39,4328,4,4,0,2,1,1,2.0,2,4.080634447249121,0,2,228,0,,
67,1,110005,79,3290,1,2,0,4,0,0,2.0,1,3.5739841426339214,2,3,63,0,,
54,2,67922,28,3411,2,4,2,3,3,2,1.0,2,1.2101671160140084,2,1,7,0,,
28,1,66309,58,3493,1,1,0,2,3,0,0.9984059511158342,2,4.673006794903582,3,3,17,1,,
40,1,36116,15,2146,2,1,4,0,3,2,0.0,0,4.270176147302792,1,2,8,0,,
47,0,53001,6,4239,4,4,3,2,1,0,2.0,2,3.267604132355568,1,3,262,1,,
23,0,40478,97,2699,0,0,1,2,3,2,1.0,0,2.6156389948229983,1,1,96,0,2023.0,1.0
24,1,25255,7,4676,0,4,4,2,1,0,0.0,1,3.1601188179201207,2,2,30,1,2023.0,1.0
27,1,47209,88,4993,4,2,4,3,1,0,2.0,1,2.6364321348694304,2,3,194,0,,
39,0,20868,87,4101,2,3,0,4,2,0,0.9984059511158342,0,3.784504495707583,1,2,90,0,,
57,0,82643,26,3087,4,1,4,1,0,2,0.9984059511158342,2,2.0152188803425064,3,0,221,1,2023.0,1.0
55,0,34901,67,926,4,4,0,1,1,0,2.0,0,2.8353754343049653,0,2,164,1,,
57,0,23273,9,409,3,3,1,2,3,2,0.0,2,1.2196861555170808,1,3,215,0,,
43,1,66766,78,4041,4,4,3,3,1,0,2.0,2,4.246920801824212,0,3,113,0,,
23,2,33731,46,1324,0,3,4,3,3,0,1.0,0,1.8311324944921408,2,1,238,1,,
69,0,91543,90,4610,3,3,0,0,0,2,2.0,1,1.8997934434335608,2,2,94,1,,
61,1,101311,31,1389,0,3,0,1,0,1,1.0,1,4.92835428079974,2,3,222,0,,
58,1,87551,46,3016,4,3,4,4,3,1,0.9984059511158342,1,1.2782600235476038,1,0,39,1,,
18,2,37861,12,3283,3,1,3,1,0,2,0.0,0,3.1718654318437385,0,2,245,0,,
54,0,53927,64,2150,1,3,4,3,3,2,2.0,2,2.0262830080859424,1,3,51,1,2023.0,1.0
57,1,22176,28,3597,3,0,1,1,1,0,1.0,2,4.706668693375819,2,3,112,0,,
53,1,98382,4,4457,0,2,4,4,2,1,2.0,0,2.4243478924815585,3,1,56,1,,
40,0,32563,77,3215,1,2,3,4,0,2,0.9984059511158342,2,1.9816058051951808,3,2,105,0,,
54,1,115149,38,202,0,1,2,1,3,1,0.0,2,2.051324677960447,0,3,47,0,,
23,1,96579,18,3438,0,2,4,3,1,2,2.0,2,3.953085412655928,1,3,60,1,,
20,1,64458,82,1560,1,4,4,0,1,2,2.0,1,4.486446247900957,0,0,225,0,,
58,0,116578,74,205,1,4,3,2,3,2,1.0,0,4.263636482829336,0,2,232,1,,
52,1,32823,47,3999,3,0,0,1,1,2,0.9984059511158342,2,2.6568186201043766,1,0,160,0,,
49,1,62687,30,1269,3,3,0,3,0,0,0.9984059511158342,1,1.6202460351690422,3,3,99,0,,
29,0,35701,78,2708,4,2,0,4,0,0,0.9984059511158342,1,4.062098245370427,3,1,53,0,,
47,0,50177,43,3121,2,0,4,0,1,0,0.0,0,2.992439083088621,1,3,94,0,,
53,0,27248,57,4796,1,4,0,2,1,2,0.9984059511158342,0,4.566703112184654,0,3,65,0,,
38,2,64721,45,3194,2,2,2,0,3,0,0.9984059511158342,2,2.373181359471565,2,2,202,0,,
52,0,72204,87,683,1,0,4,3,3,1,0.0,0,2.696383827782846,2,2,19,1,,
39,0,57251,19,2720,4,3,4,1,2,1,1.0,1,1.984748858901611,3,2,185,0,,
43,0,78784,79,4528,4,2,2,1,0,1,2.0,0,2.156562049221234,0,2,111,1,2023.0,1.0
52,0,43671,80,4171,4,4,1,3,0,0,2.0,2,3.0886421481168527,1,2,218,1,2023.0,1.0
25,0,86567,84,3239,3,3,0,1,0,2,0.0,1,3.891041512649235,3,0,198,0,,
53,0,22670,15,4611,3,0,3,2,1,2,2.0,2,2.3723664663632635,3,1,245,1,2023.0,1.0
38,0,81480,79,3277,0,4,0,3,3,0,0.0,1,1.031089610759198,3,3,167,1,,
22,1,71248,66,2828,0,0,3,1,1,0,1.0,1,2.956011849845971,1,3,167,0,,
30,0,110995,14,955,0,1,2,4,2,1,2.0,2,2.950327181508314,0,3,75,1,,
29,0,22597,78,1037,2,4,2,3,0,2,1.0,0,1.79571230427262,1,2,137,0,,
69,1,42694,40,103,4,4,1,3,2,1,1.0,0,2.35901826889302,2,2,208,0,,
20,2,38526,75,2082,4,4,0,1,1,1,1.0,2,1.6193282711155677,2,2,90,0,,
68,0,112689,40,2761,2,0,2,2,0,2,0.9984059511158342,0,3.314084663834176,1,0,77,0,,
47,2,53038,14,1820,0,1,0,1,0,2,2.0,1,2.196025910843425,3,1,222,1,2023.0,1.0
58,1,36254,15,1706,2,0,2,2,2,1,0.9984059511158342,1,3.061017953431002,2,0,32,1,,
68,0,111057,70,4938,3,2,3,0,1,0,2.0,0,3.941903998538104,0,2,93,1,,
25,0,25192,34,2430,2,1,1,3,1,0,0.9984059511158342,1,4.269807250695342,0,1,173,0,,
52,0,60647,20,3542,4,2,2,1,0,0,2.0,2,1.977454270435926,3,2,150,1,,
32,0,92108,15,2939,2,4,4,1,2,2,0.0,1,4.770483458665665,3,0,233,0,,
51,1,69063,45,666,3,4,1,1,2,1,2.0,1,1.174627966412435,2,2,187,1,2023.0,1.0
64,0,39142,29,787,4,3,4,2,0,0,0.9984059511158342,0,3.1020058172612366,1,2,151,1,2023.0,1.0
66,1,116434,71,2156,1,4,3,2,2,2,1.0,2,1.9641639910227229,1,1,166,0,,
22,1,118078,57,2522,4,1,1,0,2,0,0.9984059511158342,1,2.4502187827604835,0,0,75,1,,
39,1,50924,13,2623,2,0,2,4,2,0,1.0,1,4.95150092232123,3,2,158,1,,
25,0,83593,30,1184,3,0,2,3,0,0,0.0,0,2.2627134836838088,0,0,281,0,,
37,2,63066,77,4805,3,1,2,0,2,2,0.9984059511158342,1,2.335944292470753,1,1,244,1,,
22,1,101588,18,4895,3,1,1,2,1,0,0.0,0,2.216146994280489,0,1,132,0,,
21,0,106755,13,2102,3,2,3,1,0,0,2.0,1,1.6023188932356582,3,1,94,1,,
43,0,61833,83,1815,4,0,4,1,1,2,1.0,0,4.088668925023635,2,3,220,1,,
67,0,55568,17,719,4,0,3,3,1,0,0.0,0,1.264933634675914,0,1,26,0,,
52,1,115028,52,2781,1,2,1,2,0,0,0.0,0,3.332543189837296,2,1,38,0,,
60,2,41534,65,4860,1,2,4,0,1,2,1.0,2,4.314039546317962,3,3,67,0,,
29,1,33727,1,793,1,2,0,3,3,2,2.0,2,2.672811461027563,2,1,42,1,,
41,2,110945,20,2955,0,4,0,0,3,0,1.0,2,2.3657693794935524,2,1,118,1,2023.0,1.0
42,0,112604,38,1545,0,2,2,0,3,0,2.0,0,1.8885217097417677,3,3,122,0,,
29,2,41662,78,1165,1,1,4,4,3,2,1.0,1,4.889166185951593,0,0,160,1,,
28,0,27253,23,4190,0,0,1,0,2,1,2.0,1,1.4419487180620707,2,3,99,0,,
53,2,22786,71,1813,4,1,4,2,0,2,2.0,1,3.7773363618644593,1,1,299,0,,
57,1,100989,95,4370,0,0,4,1,1,2,1.0,0,4.281280807689388,3,0,281,0,2023.0,1.0
60,0,119064,22,4730,4,2,2,2,2,2,1.0,2,4.263471406146449,1,0,267,0,,
43,1,87936,53,2075,3,0,4,2,2,1,0.9984059511158342,1,3.4066348902543133,3,0,214,0,,
27,2,69086,71,1170,3,4,2,1,0,1,0.9984059511158342,0,3.895761990607708,3,2,71,1,,
29,1,106785,41,4873,0,4,2,0,2,0,2.0,1,3.0377395574271646,2,3,128,0,,
24,1,95320,59,1178,3,3,4,1,0,0,0.0,1,1.6831489021981731,0,3,188,0,,
22,1,71939,40,1861,1,0,2,2,3,2,1.0,2,1.8602602009583435,1,0,264,1,,
36,0,100402,56,2807,1,1,4,2,2,2,1.0,1,4.01070365584733,3,1,96,0,,
31,0,53359,20,4819,4,3,4,0,1,2,2.0,1,1.3442798045283149,0,0,68,1,,
60,1,96534,25,4360,2,2,4,2,0,1,1.0,1,4.535026401578204,1,1,71,0,2023.0,1.0
34,1,64293,69,2761,1,4,1,1,2,2,0.0,1,3.690501363478862,0,3,217,0,,
40,1,21617,76,1245,4,3,2,0,0,2,0.0,1,1.8149299745488667,1,2,215,0,,
41,1,109710,41,3529,2,0,4,2,0,2,0.9984059511158342,1,1.3340571221590452,0,2,270,1,,
51,0,26806,17,2145,1,4,0,2,1,2,0.0,1,2.6791604013323798,0,3,120,0,,
52,2,104846,69,755,1,4,3,2,2,0,1.0,2,4.679131313086758,2,1,23,0,,
40,0,49877,36,295,1,1,1,4,3,2,0.9984059511158342,0,3.879059920387239,3,0,210,1,,
18,0,83308,30,2126,1,4,4,1,3,1,2.0,2,3.5013724461051243,0,2,152,1,,
65,1,102970,62,1057,0,0,0,1,2,0,0.0,0,3.842055880136012,3,2,262,1,,
47,1,57190,74,4829,0,0,2,0,3,0,0.0,1,3.4004764788644426,1,3,244,0,,
48,2,29399,21,3649,3,1,3,4,1,2,1.0,0,2.0910484887881733,0,0,150,1,,
62,1,97088,6,2036,0,4,0,2,0,2,2.0,1,1.2597502239857925,3,0,167,0,2023.0,1.0
62,1,93551,6,2429,2,0,0,3,0,2,0.9984059511158342,1,3.801125473173161,2,3,286,0,,
64,0,69431,93,4253,0,0,0,3,3,0,0.9984059511158342,1,3.751444051905768,3,1,147,1,,
35,1,59963,19,4960,3,4,4,4,0,0,0.0,1,2.4239115424317266,3,0,102,1,,
44,0,75797,55,2896,0,2,4,3,2,2,2.0,1,4.429511334338182,3,2,121,0,,
53,0,74240,89,4604,4,1,3,0,1,0,0.0,0,3.138314064262784,2,2,147,1,2023.0,1.0
20,1,61037,24,3771,2,3,4,2,3,2,1.0,0,2.6494198441255867,0,3,237,0,,
41,0,105825,1,1127,0,4,4,4,0,2,0.0,0,2.4648865267059943,0,1,120,0,,
21,0,66336,86,2348,2,1,3,2,1,0,2.0,1,1.4342909072720254,2,2,69,0,,
33,1,88476,15,3658,0,0,1,1,0,0,0.9984059511158342,0,2.2167043080226376,3,3,225,0,2023.0,1.0
38,2,26929,9,2044,2,2,0,4,0,0,0.9984059511158342,2,3.223921001802988,0,3,196,1,,
45,1,28831,64,4222,2,1,4,4,1,1,2.0,0,2.169578033915299,3,0,259,1,,
25,1,36101,46,1592,1,2,4,3,3,2,0.0,0,3.670067556168487,1,2,212,1,,
41,2,68581,70,1332,0,1,4,2,2,0,1.0,2,4.640959820544198,3,3,48,0,2023.0,1.0
49,1,38890,15,4024,3,3,3,0,2,1,1.0,2,3.5379710491455314,2,0,178,0,,
38,1,69819,86,4947,1,3,0,1,3,0,2.0,2,3.8003533451192335,2,2,95,1,,
55,0,33418,66,1259,0,3,4,4,3,0,1.0,2,2.065389039398076,3,3,85,0,,
49,1,29862,4,515,3,2,0,3,2,2,1.0,1,3.173402534593967,0,3,294,1,,
63,1,54866,21,567,4,4,1,2,3,0,0.9984059511158342,2,1.8751798913321247,2,3,180,1,,
47,1,66365,43,4095,3,3,2,2,3,2,0.9984059511158342,2,2.590622800406829,1,3,154,1,,
24,0,60985,24,2480,0,0,1,3,2,2,2.0,2,3.628116756510046,0,0,105,1,,
40,0,89306,50,3106,4,4,4,0,2,0,0.0,2,2.708591380129284,0,1,190,0,,
42,1,107695,71,1591,1,1,3,4,2,0,2.0,1,1.2761830689792002,2,3,14,0,2023.0,1.0
56,0,48906,85,4497,2,0,0,0,3,2,1.0,2,4.520833314883788,0,0,285,1,,
42,2,45037,10,475,1,2,1,3,0,1,0.9984059511158342,2,2.381612932611406,1,1,137,0,2023.0,1.0
50,0,29422,75,4636,2,3,0,4,0,2,2.0,0,1.2848734096945185,2,2,92,1,2023.0,1.0
46,2,46567,18,2312,0,3,3,1,0,0,1.0,2,1.6349722365877026,2,1,62,0,2023.0,1.0
22,1,94090,73,906,1,4,2,1,3,2,0.0,0,4.415275257064016,0,3,46,1,,
55,0,113409,63,2457,4,1,2,1,1,0,0.0,2,1.49100744308691,2,3,29,0,,
32,1,64472,50,534,2,2,0,3,1,2,0.9984059511158342,0,3.376322481201754,1,2,264,1,,
18,0,116160,88,206,0,0,3,1,0,0,2.0,2,1.3915080116801914,0,1,107,0,,
26,2,49250,92,1158,4,1,4,2,3,2,0.0,1,2.439231384658078,2,2,146,1,2023.0,1.0
60,2,65313,51,4852,2,1,3,3,2,0,0.9984059511158342,2,2.7935231252205903,0,2,10,1,,
19,2,64291,12,1398,3,2,3,4,3,0,2.0,2,1.2844329263187175,0,1,5,1,2023.0,1.0
66,0,81344,63,1821,4,1,0,4,1,1,0.0,0,2.337030968662442,1,0,123,0,,
39,2,35250,44,595,4,3,2,4,0,2,2.0,0,2.7213790615113305,2,2,19,0,2023.0,1.0
65,2,56648,39,4846,1,1,2,2,3,2,0.0,1,2.201707307711007,3,0,96,1,,
60,1,80011,30,100,1,3,2,1,1,0,0.9984059511158342,2,3.147022069241,2,2,50,0,,
56,0,98233,33,499,3,1,1,1,2,0,0.0,2,4.63880542154501,0,1,100,1,,
43,0,74149,9,479,0,0,0,0,3,2,0.9984059511158342,0,2.53265262471625,3,3,297,1,,
48,0,115842,21,1013,4,3,0,2,1,0,0.9984059511158342,0,4.715467564605065,1,2,140,0,,
29,1,55613,99,4131,2,2,0,2,2,0,1.0,1,4.060704517705645,0,2,12,1,,
32,0,64732,73,2588,0,1,0,0,1,1,0.9984059511158342,0,2.476830614392414,3,3,239,1,,
30,2,87865,89,3696,2,2,1,4,3,2,0.9984059511158342,2,4.347588280067492,0,1,196,0,,
69,0,44578,82,2225,0,2,1,2,0,0,0.0,2,3.708473345483276,2,1,223,1,,
39,1,111238,27,3019,2,0,0,3,0,1,0.9984059511158342,1,4.2870271796957855,3,1,248,0,,
38,1,117360,82,214,1,1,1,0,1,0,0.0,1,1.03191657347032,2,0,94,1,,
50,1,102324,6,3455,3,2,3,1,3,1,2.0,2,2.347095224362513,2,2,82,1,,
62,2,36651,50,2746,3,2,2,1,3,1,0.9984059511158342,0,1.0750518681458878,1,3,213,1,,
43,0,42106,1,3369,0,0,2,4,0,0,0.0,1,2.429949117950039,3,1,34,0,,
45,1,91923,92,1106,3,4,3,4,1,2,2.0,2,3.584604413071273,3,3,150,1,,
21,0,47213,74,118,4,4,0,3,3,0,0.9984059511158342,1,1.7814048290628337,0,1,128,0,,
24,0,107659,67,3518,1,4,2,1,2,2,2.0,0,1.2177903612279004,2,3,13,0,,
18,2,30846,94,3579,3,3,3,0,2,0,0.9984059511158342,2,3.804989769609493,3,0,72,1,,
58,2,98610,12,2802,3,1,2,4,1,0,2.0,1,3.8341524296435647,3,0,297,0,,
53,0,20386,29,1846,1,4,2,0,1,2,0.9984059511158342,0,4.578624830623406,0,1,128,1,,
49,1,22837,65,2593,0,4,4,2,0,0,1.0,0,3.3149580606954294,3,1,106,0,2023.0,1.0
65,0,84610,77,2802,1,1,1,3,3,2,2.0,2,4.407667780100465,2,1,208,1,,
66,1,38268,7,717,2,2,2,1,2,2,0.9984059511158342,2,3.4670139443110446,0,0,176,1,2023.0,1.0
45,2,55790,18,2709,1,2,3,0,2,2,0.9984059511158342,2,4.972171011233183,1,3,295,0,,
51,0,111501,20,2620,1,2,4,2,1,1,0.0,1,1.1897198441493084,1,3,227,0,,
62,1,92105,50,1714,3,2,0,2,2,2,0.0,1,3.210053005541616,2,3,285,0,2023.0,1.0
51,1,34126,39,1294,4,4,2,3,0,2,2.0,1,1.0537093954695314,3,3,268,1,,
50,0,93150,99,1538,3,0,4,2,0,1,2.0,0,2.934226019638171,0,1,270,0,,
55,2,85308,82,1235,0,0,0,3,1,0,1.0,2,2.231712207467476,1,3,57,1,,
56,2,103482,9,2177,0,0,2,3,2,1,2.0,1,3.61386187748524,1,0,23,0,,
19,0,37358,78,4937,2,0,0,3,0,2,1.0,2,3.782543047920997,0,0,79,1,2023.0,1.0
44,2,68002,49,4383,2,0,2,2,1,2,0.9984059511158342,0,1.3928416128178056,1,2,127,1,2023.0,1.0
47,1,51912,43,4795,0,2,2,4,1,2,2.0,2,4.686352817980684,1,0,125,1,2023.0,1.0
62,1,53822,80,2224,0,1,2,0,1,2,1.0,2,2.625878615091145,2,3,109,0,,
50,1,57594,21,3140,4,1,1,1,2,2,0.9984059511158342,0,1.0005158079409178,1,2,46,1,,
21,0,111225,83,490,0,4,0,4,3,0,0.0,1,3.587299011638582,2,3,289,1,,
52,0,76880,95,1518,0,3,0,0,2,2,1.0,1,4.356794861423492,3,3,159,1,,
22,1,39924,95,3120,1,0,1,4,2,0,1.0,0,2.308640892607076,3,2,57,1,,
56,2,58138,98,2646,1,3,3,0,3,0,1.0,1,1.0527383731950204,3,0,95,1,,
58,0,52899,68,1087,0,0,0,3,1,0,0.9984059511158342,2,1.1060671674549505,2,2,180,1,,
52,2,42076,49,3897,1,0,2,4,1,0,2.0,0,3.155018978926384,3,3,88,0,,
66,2,53586,91,1000,0,3,1,0,0,0,1.0,1,1.8576879000393256,0,0,247,1,,
65,0,26408,21,1939,2,3,2,4,3,2,0.9984059511158342,1,3.87545972170262,0,0,166,1,,
25,0,26553,63,1867,4,2,4,3,2,0,2.0,2,2.792023430639143,2,1,47,0,2023.0,1.0
51,1,63952,17,173,2,2,2,0,3,2,0.9984059511158342,0,2.510159541647836,3,0,108,0,,
28,1,107317,97,2153,0,0,2,0,0,2,1.0,0,1.6658415188683633,3,2,231,0,,
58,1,68700,31,3066,1,3,4,1,2,1,0.0,0,3.068089350991883,3,3,208,0,,
54,0,109001,72,3159,3,3,0,4,0,0,0.0,0,2.661688139016776,1,0,154,0,,
25,1,25392,29,3967,0,1,0,0,0,0,0.0,2,3.895130015485234,3,1,244,1,,
31,1,64045,59,4923,3,3,1,0,0,2,0.0,2,3.721564096697212,1,3,243,0,,
39,1,89001,2,4800,0,1,0,2,1,0,0.0,0,1.3157443341159176,2,3,149,1,,
37,1,67842,37,985,1,1,3,0,0,2,0.0,2,3.5113661304364285,2,3,212,1,,
24,1,118560,39,3725,2,3,2,4,0,1,2.0,1,1.1816956331210489,3,3,51,1,,
47,1,70304,54,2175,1,0,0,1,2,0,0.0,0,2.164767917061267,1,1,141,1,,
68,1,29465,20,3172,4,4,3,2,1,0,0.9984059511158342,0,1.5697346221297317,1,3,149,0,2023.0,1.0
51,2,49381,9,4456,4,1,1,1,3,2,2.0,1,1.5494620956277996,2,2,106,1,2023.0,1.0
25,0,76194,79,3780,3,4,0,1,3,2,2.0,1,4.566100637292668,2,0,282,1,,
59,1,111628,14,2325,4,2,3,0,1,1,2.0,2,2.4796788101173197,1,0,135,1,2023.0,1.0
61,2,43482,75,2100,2,0,4,3,1,2,0.0,2,2.4172676675934097,1,3,155,0,,
47,0,83763,56,1967,3,3,4,1,0,2,0.9984059511158342,0,1.5127612907748658,2,1,275,1,,
42,0,29114,51,2028,2,4,0,0,1,2,0.0,2,1.02680425539299,0,0,227,0,,
42,2,111211,16,3224,4,4,4,2,0,0,0.0,0,4.063898637291903,0,3,4,1,2023.0,1.0
54,0,44756,64,1770,4,2,3,1,3,0,0.9984059511158342,2,3.2567209726805397,2,3,282,0,,
64,0,70772,50,3307,3,1,1,1,0,2,1.0,2,1.5711710480475882,1,2,284,1,,
25,0,76095,23,1870,4,3,1,4,1,0,1.0,1,2.3872198200974,3,1,187,1,2023.0,1.0
23,0,31219,14,3309,0,3,2,4,1,1,1.0,2,2.108827071813285,1,0,113,0,,
42,1,45465,56,4067,2,4,1,3,0,2,1.0,0,3.4400134126555724,0,2,49,1,,
64,1,114515,30,1241,1,3,1,2,3,0,0.0,1,2.8017362533628565,2,3,235,1,,
66,0,78046,83,4906,2,2,4,2,2,0,2.0,1,1.0144124222031945,1,1,48,0,,
42,1,43772,51,3305,4,2,1,3,3,1,2.0,0,3.408274493822335,1,3,219,1,,
56,0,39977,23,4535,1,1,4,4,3,2,0.9984059511158342,2,3.4006038114997827,3,0,208,1,,
36,0,66514,78,3385,3,3,1,2,0,2,0.9984059511158342,1,2.7325190592628905,2,2,87,1,2023.0,1.0
66,1,48069,46,4676,1,2,0,3,3,0,0.0,0,1.393267463346776,3,2,53,0,,
25,0,44240,62,4615,2,4,2,3,1,1,1.0,0,1.5363851650101954,1,1,295,1,,
34,2,82451,1,3684,1,3,3,3,0,2,2.0,1,3.030113533763845,1,1,205,1,,
38,2,41326,23,4299,4,0,0,0,1,0,0.0,2,1.583435126339274,3,0,183,1,,
35,1,118635,10,1305,1,0,1,0,1,2,0.9984059511158342,1,2.956392145109941,2,1,115,0,,
32,1,117423,90,4604,2,3,4,3,3,1,0.0,2,3.093192337381428,3,1,134,1,,
56,0,33782,11,4076,4,4,4,3,1,2,1.0,0,3.610147562735595,3,1,155,1,,
18,0,77042,40,654,2,3,0,3,2,0,1.0,0,1.8553290995779528,3,1,159,0,2023.0,1.0
49,1,23747,91,4757,4,4,0,3,0,0,0.0,1,4.078814525606344,0,3,76,1,,
50,0,43244,13,1310,3,2,1,4,3,0,2.0,2,4.455906631990673,1,0,191,1,,
45,1,93914,3,507,2,2,2,1,1,2,1.0,2,1.3504978944140211,0,1,13,1,2023.0,1.0
40,0,50985,34,3390,4,4,0,4,1,0,1.0,0,2.3116286248138502,0,1,80,0,,
61,0,63832,2,2352,1,0,4,4,3,2,0.0,2,2.661732232427413,0,2,186,1,,
62,0,117955,64,3230,2,1,0,2,0,2,2.0,0,1.986918606974076,2,3,215,1,2023.0,1.0
36,1,114335,39,4638,3,1,4,2,3,2,1.0,2,1.538750755626782,1,3,293,1,2023.0,1.0
40,2,94779,53,3557,1,2,3,0,1,2,0.0,2,4.385355294144096,0,2,177,0,,
27,2,35008,46,3188,1,4,3,2,2,2,1.0,1,4.41718084471346,2,2,148,1,2023.0,1.0
68,0,67046,61,2449,1,0,3,4,0,0,1.0,1,2.9478640464688675,2,0,204,0,2023.0,1.0
24,0,91494,86,2918,0,3,1,3,1,2,0.9984059511158342,0,1.0614537941402835,3,1,127,0,2023.0,1.0
59,1,29416,14,1895,2,3,4,4,1,0,0.0,2,1.5230879948408087,0,3,138,0,,
33,0,98170,15,3307,2,2,4,2,2,1,1.0,2,1.0206852166803064,2,3,242,0,,
61,2,82471,9,1528,0,2,4,2,2,0,0.9984059511158342,2,2.761417095842389,1,0,64,0,,
45,2,30204,53,459,0,1,0,2,1,2,0.9984059511158342,1,3.2181594176895696,1,3,124,1,,
53,1,21942,62,4721,4,4,2,4,0,0,2.0,1,3.6547902490855817,0,2,218,0,,
34,1,71897,28,554,2,1,3,2,0,2,0.0,2,3.6949639182199134,3,1,116,0,2023.0,1.0
57,0,45838,93,2443,4,4,3,4,1,2,0.9984059511158342,2,4.302153750449886,2,0,297,1,,
57,2,30057,49,4642,3,4,4,1,2,1,0.9984059511158342,0,2.3690172112807906,0,3,188,0,,
29,2,70621,49,529,1,2,1,2,1,0,2.0,1,4.654019822982516,2,0,90,1,2023.0,1.0
66,1,81336,99,702,0,4,3,1,3,2,0.9984059511158342,2,2.6267410504471176,3,2,146,1,2023.0,1.0
60,0,31596,36,349,2,4,2,0,1,1,0.9984059511158342,1,1.1570422444209043,3,3,80,0,,
26,0,34026,54,1432,3,4,2,4,3,0,0.9984059511158342,0,1.577371008660304,0,0,190,1,,
23,0,74592,95,4036,1,4,1,4,1,2,2.0,1,4.542750997161478,1,3,181,0,,
46,1,74021,23,4563,2,2,1,1,1,1,0.0,0,3.157091142483089,0,2,123,0,2023.0,1.0
24,2,35021,98,4114,4,3,4,3,3,2,1.0,1,1.7337745211738298,0,3,280,1,2023.0,1.0
19,1,27235,18,4979,3,2,1,4,2,2,0.0,1,2.0671010258473426,1,2,282,0,,
19,1,103045,76,3907,0,2,2,2,2,2,0.9984059511158342,2,2.750517183264391,0,3,211,0,,
50,0,79894,94,3796,0,4,0,3,3,0,0.0,1,2.3324374824779865,1,0,22,1,2023.0,1.0
30,0,110073,90,3602,1,1,3,0,1,1,1.0,0,4.579451964526816,2,2,51,1,2023.0,1.0
23,2,23065,66,293,1,3,3,2,0,2,0.9984059511158342,2,1.6827024062671656,0,2,236,0,2023.0,1.0
45,2,113330,67,4188,4,4,1,3,2,0,0.9984059511158342,1,3.539098866154583,3,2,186,1,2023.0,1.0
21,2,48490,35,4247,1,1,4,0,1,2,2.0,2,1.400727262980582,0,2,270,1,,
34,1,28888,89,1450,4,1,0,0,2,0,1.0,2,1.5208050605174108,0,2,57,1,2023.0,1.0
43,1,41573,25,3915,0,2,1,3,2,1,1.0,0,3.2314565235614903,0,1,276,1,,
25,0,76087,5,4845,4,3,1,3,0,1,2.0,1,1.7649059547166273,1,2,84,1,,
44,1,88771,35,2075,4,1,2,0,2,2,0.9984059511158342,0,2.789832612950746,1,3,134,0,,
60,0,117077,5,2423,3,0,3,2,3,0,2.0,0,4.271088751556122,2,0,100,1,,
61,0,48180,84,2886,0,0,3,2,2,0,1.0,2,2.0745336534099508,2,1,244,1,,
68,1,33313,79,3338,2,2,4,2,2,0,0.9984059511158342,2,2.365564024840632,1,0,4,1,,
31,0,58097,25,2079,0,2,3,1,1,0,0.9984059511158342,0,4.942034600241428,1,0,68,1,,
63,1,89778,80,4105,4,2,1,1,3,0,2.0,0,2.95346017514439,0,1,288,0,,
52,1,39798,28,3609,0,2,0,3,3,0,2.0,1,2.5569323001355126,2,3,204,1,,
42,1,37881,14,4808,1,1,1,2,0,1,0.0,0,1.641541334821138,1,2,218,1,,
32,2,86095,40,4218,3,0,4,4,3,2,1.0,1,2.5034263374218013,0,0,129,1,,
27,1,71455,28,667,2,4,4,0,3,2,1.0,0,4.689856774304352,3,0,173,0,,
40,2,59015,49,464,0,4,0,1,2,0,0.9984059511158342,1,2.9372274584128286,0,1,179,1,,
45,2,116925,67,1704,1,2,0,2,0,2,0.0,0,1.311746461474395,1,3,121,0,,
20,1,53043,31,4206,4,4,0,2,2,1,0.0,0,2.9705929244188725,2,3,124,1,,
43,0,106555,4,4490,0,0,0,0,0,1,1.0,2,2.370989545837656,0,3,148,1,,
30,2,99522,38,1003,4,2,1,1,3,2,1.0,2,2.484422805281532,0,3,224,1,,
40,0,119058,27,1193,1,2,1,2,1,0,1.0,1,1.0016214207613428,2,0,20,1,2023.0,1.0
67,1,118421,38,1871,3,4,1,4,2,2,1.0,2,3.815479592861371,0,2,114,1,2023.0,1.0
36,0,105677,40,4616,0,4,0,3,1,0,0.0,2,2.8257327747986767,2,2,152,1,2023.0,1.0
69,0,28076,95,3285,2,0,1,1,2,2,2.0,2,2.7911468200843794,1,2,278,0,2023.0,1.0
28,1,62197,40,1888,0,3,1,1,3,2,0.0,1,2.388442512988815,1,2,21,0,,
45,0,44142,16,4398,4,0,0,3,3,1,0.9984059511158342,1,2.9409300552293174,1,2,287,0,,
31,2,113034,76,2195,2,3,2,2,3,2,0.0,0,4.499541021556867,2,1,259,0,,
51,0,46548,78,3262,1,1,0,4,0,0,0.9984059511158342,2,3.928218849450275,3,3,216,0,,
18,1,76063,42,1681,3,0,3,0,0,0,0.9984059511158342,1,4.636836142379922,0,0,255,0,,
35,1,86098,62,1635,1,4,4,2,2,0,0.9984059511158342,2,2.6080368067518007,3,0,3,0,,
42,2,52596,96,4224,3,2,0,0,0,0,2.0,0,3.688611560628948,0,1,170,1,,
59,0,91947,38,760,1,3,1,2,0,2,2.0,2,2.5244306836637325,2,2,294,0,,
50,1,105464,84,3926,2,0,4,3,2,2,0.9984059511158342,2,2.7769207532808267,0,2,264,0,,
56,0,117819,13,2352,4,1,1,1,0,2,1.0,0,2.243016987433364,0,0,287,1,,
66,1,115067,1,4771,0,2,0,2,3,1,0.9984059511158342,0,4.538313694908212,3,0,88,0,,
66,1,81394,64,1286,3,3,0,4,1,1,0.9984059511158342,0,1.58139258439178,3,3,221,0,2023.0,1.0
19,1,53529,69,4224,3,4,0,0,1,2,2.0,2,2.609316107255489,0,1,282,0,,
26,0,50104,72,2427,3,4,0,2,3,0,2.0,0,2.572147028526261,3,2,118,0,2023.0,1.0
46,0,97089,83,2520,1,3,2,3,0,2,2.0,0,1.3797455708349329,0,3,26,1,,
46,0,37942,73,529,4,1,0,0,1,2,2.0,0,3.5906780386409047,0,1,8,0,,
59,0,75808,91,2357,1,1,0,3,3,2,0.0,1,1.123461176019028,0,3,287,0,,
59,1,109941,41,2966,0,1,1,2,2,2,2.0,2,3.3803680080253367,3,0,252,0,,
67,0,55057,89,644,0,3,3,0,2,0,0.9984059511158342,0,2.22661356792755,2,3,243,0,,
30,0,48013,21,1400,0,2,4,1,2,1,0.0,1,1.3920787110968915,2,0,237,0,,
36,0,57361,55,1457,4,2,3,0,1,1,0.9984059511158342,2,4.260449324630375,2,3,110,0,,
62,0,27038,38,915,0,1,1,3,0,2,0.9984059511158342,2,1.7958764418627076,2,3,172,1,,
30,0,106157,55,1621,1,2,1,0,3,1,0.9984059511158342,0,3.5642521635330007,2,0,148,0,2023.0,1.0
45,0,56331,4,3068,2,0,0,2,3,2,2.0,1,4.881274707689885,2,2,136,0,,
46,1,98971,90,731,1,2,3,1,0,0,0.9984059511158342,2,3.926024192466773,2,1,290,0,,
64,1,31698,26,222,3,1,2,2,1,0,1.0,1,1.3946870599732302,3,1,243,1,,
26,1,40293,51,2879,4,3,3,3,0,0,0.9984059511158342,1,4.067925106318988,3,2,113,0,,
24,2,108365,25,108,2,4,2,2,0,2,1.0,1,3.3326050306327675,0,0,78,0,,
29,1,44331,45,2851,0,4,4,1,2,0,1.0,0,2.3136731939269084,2,0,237,0,,
43,0,87904,71,4852,4,2,1,2,3,0,1.0,2,4.489403147181283,0,2,291,1,,
38,0,63481,17,2172,3,2,1,3,1,1,0.0,0,1.369241680841596,3,2,6,0,,
18,2,60004,10,2583,4,4,0,1,0,0,0.9984059511158342,0,1.3254860096129706,0,0,122,0,,
67,1,35748,19,1618,4,1,0,2,2,2,1.0,0,4.507658889631028,1,1,51,0,,
18,0,95350,18,4627,1,0,4,2,3,2,0.0,2,1.1867492191495317,3,1,70,1,,
34,1,82708,86,288,2,4,3,3,3,0,1.0,0,4.678446144561896,2,3,133,0,,
57,1,23088,76,1643,4,4,1,0,2,0,1.0,0,1.2327445692609018,1,0,166,0,,
35,1,45921,60,4926,4,4,1,2,2,2,0.9984059511158342,1,3.425573383832832,1,2,209,1,2023.0,1.0
37,0,102533,58,575,1,3,2,1,0,0,0.9984059511158342,1,4.759989555955608,2,2,273,0,,
58,1,33882,40,151,2,0,2,3,0,0,1.0,0,1.558461527849353,3,0,11,0,,
46,0,47659,24,1023,1,1,3,2,1,0,1.0,2,4.463067753713114,2,2,133,1,,
65,0,102025,22,1936,4,4,1,1,3,1,0.9984059511158342,2,3.943740565897516,3,1,22,1,2023.0,1.0
66,1,63246,1,3796,4,2,3,1,0,0,0.9984059511158342,2,4.921895685899742,2,0,150,0,,
56,2,62607,89,210,3,0,1,3,0,2,2.0,1,1.8549271932443752,1,1,180,1,,
42,0,67498,84,4815,0,4,0,0,1,2,0.9984059511158342,2,3.221135940208993,3,2,150,0,,
62,1,32598,84,4587,3,3,3,2,2,2,2.0,2,1.9619117813284808,2,1,141,0,,
61,1,24311,71,824,2,0,3,3,3,0,0.0,2,3.2637106389570576,0,0,202,1,,
21,2,119721,59,4898,4,2,0,1,2,2,2.0,1,3.334023030643839,0,1,215,0,,
43,1,103301,30,274,4,4,1,0,0,0,1.0,1,2.298805184602662,0,0,100,0,2023.0,1.0
68,0,22631,69,935,2,3,0,3,3,2,2.0,1,2.3840870432482157,2,0,27,0,,
62,0,76911,61,3568,3,4,0,0,0,2,1.0,0,2.818027482576174,1,2,142,1,,
39,0,32380,10,2677,3,0,4,2,3,0,1.0,0,1.4756842086788835,1,0,218,0,,
63,2,80124,77,866,4,2,3,1,0,2,2.0,2,4.071922016588123,2,2,84,0,,
63,2,89868,50,4617,1,4,3,3,0,2,0.0,0,2.300900461163375,1,2,199,1,,
69,2,50782,17,1794,3,0,1,1,2,0,1.0,1,2.4767710347859557,3,1,112,0,2023.0,1.0
32,1,108919,9,3557,3,3,4,4,3,0,0.0,0,4.351373268143497,3,2,259,1,,
34,1,56303,80,1994,2,2,4,3,3,0,1.0,1,2.5980934802105318,2,3,114,1,,
39,1,27450,66,2294,1,1,1,4,1,2,0.9984059511158342,0,2.296694033264865,0,1,181,0,,
21,0,45378,15,410,3,4,1,3,2,0,0.9984059511158342,0,2.619843673879495,1,1,130,0,,
18,2,107985,22,4407,0,0,1,3,0,0,1.0,0,1.3564139503566857,0,0,41,1,2023.0,1.0
47,1,35802,41,1546,2,1,4,1,0,2,0.9984059511158342,2,1.5574357828695995,3,3,225,0,,
63,2,40504,45,4435,0,3,1,4,0,1,2.0,0,1.4538264013051077,1,3,58,1,2023.0,1.0
31,2,70430,35,2315,4,2,3,2,1,0,0.0,0,1.4412700910685057,2,1,85,0,,
34,0,64406,1,3609,3,3,2,0,3,2,0.0,1,3.821028824748078,2,0,92,0,,
54,1,103828,35,1593,3,4,3,4,3,2,0.0,1,2.1565744270254026,1,0,86,0,,
25,0,92762,84,4411,2,1,1,0,3,2,0.9984059511158342,2,4.366763158774466,1,1,231,0,,
22,1,47684,72,3599,2,0,1,4,3,0,0.0,0,4.24191164748728,3,1,218,1,2023.0,1.0
55,2,85037,67,1984,2,4,4,4,0,1,0.9984059511158342,1,3.5153830158478216,0,1,224,0,,
68,1,105782,72,1414,3,1,1,0,2,0,0.9984059511158342,0,3.488171173866296,1,0,109,1,,
42,0,117881,41,2270,3,1,0,4,0,2,2.0,2,3.679461425321055,3,3,227,1,2023.0,1.0
53,1,88259,37,548,4,3,0,2,3,1,0.9984059511158342,2,4.89154105432543,2,2,186,1,,
41,2,96310,9,485,3,4,4,2,1,0,1.0,2,2.5895040152883104,0,0,142,0,,
46,1,47757,4,168,3,4,1,2,1,0,0.0,2,4.929145721724439,2,3,36,1,,
51,1,37776,39,2424,3,3,2,2,3,1,1.0,0,1.4061949100466125,2,1,236,0,2023.0,1.0
55,0,43457,38,2914,0,2,1,2,0,2,0.9984059511158342,2,4.485691204491914,0,2,265,0,,
56,0,23810,38,1991,4,1,2,4,1,2,0.0,2,1.0432886320046584,1,0,195,1,,
64,2,28680,63,3313,4,2,2,2,1,1,2.0,2,3.7693008660669576,1,1,63,1,,
49,1,112404,34,2127,3,4,3,0,3,2,2.0,0,3.1926180440181797,2,3,85,0,,
18,1,98553,85,531,2,3,3,3,3,0,2.0,0,1.348281142355983,0,1,214,1,,
61,0,87438,51,2116,3,3,4,3,2,0,2.0,2,3.84118609936023,2,1,54,1,2023.0,1.0
31,0,62145,62,1961,4,1,4,2,1,1,0.9984059511158342,2,2.964826751032533,3,3,269,1,,
46,0,99434,44,2650,3,0,2,2,2,2,1.0,2,4.591617792932143,2,0,252,0,,
20,1,27043,29,3331,4,0,2,2,2,2,2.0,1,2.1219030662892178,2,3,204,0,,
61,0,52875,69,3024,2,3,1,3,1,2,0.0,2,4.588427708927086,2,0,79,0,,
52,1,49377,24,3605,0,4,3,0,0,2,0.0,2,2.3475447706525365,2,1,115,0,,
37,1,115812,59,651,3,1,4,3,2,1,2.0,2,1.3979539502526173,2,2,191,1,,
50,1,61476,62,3410,4,4,3,1,1,0,1.0,1,1.6184627347978742,3,3,140,0,,
56,0,42650,53,124,2,2,0,0,1,2,0.9984059511158342,0,3.221807821559178,3,2,289,1,,
33,1,119655,32,4830,0,3,4,4,2,1,0.9984059511158342,2,2.600098513867457,0,1,267,1,,
32,2,82744,46,4059,4,3,4,1,0,0,0.9984059511158342,2,1.714927473489932,1,2,269,0,2023.0,1.0
62,0,40108,70,150,0,4,1,4,3,0,2.0,0,4.498908485389846,2,0,85,0,,
56,1,25914,69,4795,2,0,0,4,0,2,0.9984059511158342,0,3.172882962994091,0,2,134,0,2023.0,1.0
36,2,99782,60,3317,4,3,1,4,0,1,0.0,0,4.531500068880305,3,2,26,0,,
64,0,34588,80,1025,0,0,4,0,0,2,2.0,0,2.7978292614740203,0,0,208,0,,
26,1,94095,14,4775,3,3,2,2,0,2,1.0,0,4.139836893100874,3,1,180,1,,
66,1,109336,82,2668,3,4,3,2,2,2,1.0,0,3.4641787291172146,0,1,102,0,2023.0,1.0
34,0,27399,93,225,3,2,4,4,1,0,0.0,1,3.822075301725697,3,3,107,1,,
49,1,70955,90,3109,2,4,2,0,0,2,1.0,2,3.430089368153592,1,1,137,0,,
57,0,32569,94,3528,1,0,0,4,3,2,2.0,0,1.565917758338112,3,2,87,1,,
36,1,107116,55,150,0,0,1,3,2,2,0.0,2,1.9490885805265807,0,2,195,0,,
64,1,58015,20,2871,4,3,0,3,0,0,2.0,2,4.886041744481133,0,0,290,1,,
22,0,78726,93,3262,3,0,1,3,1,2,2.0,0,2.739803225992351,2,3,99,0,,
44,0,23736,76,2451,1,2,3,3,3,1,2.0,2,2.748753698520206,1,2,284,0,2023.0,1.0
56,0,49717,85,269,1,3,3,1,3,0,0.0,1,1.9603228171275004,0,3,53,0,,
62,1,107483,11,1223,2,1,0,2,0,0,2.0,2,2.042233813805474,2,3,236,0,,
63,0,43365,30,2652,0,2,2,4,1,2,0.0,0,3.3656778431361984,1,0,122,1,,
53,0,107278,59,1638,3,0,4,0,0,0,2.0,2,3.6471697208176144,2,2,83,0,,
45,0,85363,61,3128,3,0,0,1,1,0,1.0,0,4.578791421711932,1,0,113,1,,
21,1,59823,49,2884,0,3,4,3,3,0,0.9984059511158342,1,1.3175388237597403,1,3,189,0,,
68,2,55361,48,285,2,4,4,4,3,0,1.0,1,3.713332577000752,1,0,34,1,,
42,0,43466,25,203,1,4,0,0,1,2,0.0,1,2.850251692509314,0,0,287,1,,
61,1,95017,43,702,4,4,3,2,1,0,1.0,2,2.032702249214094,2,3,61,0,,
39,1,82513,99,4639,4,1,3,2,3,2,0.0,0,2.846322647692966,2,1,247,0,,
34,0,21212,37,890,0,4,4,3,3,1,2.0,1,1.4803874497858185,0,1,77,0,,
24,1,73380,54,3434,3,1,1,0,3,0,2.0,2,4.462991329503962,2,0,207,1,,
40,1,106379,50,843,2,4,1,1,3,0,0.9984059511158342,0,1.8284505816173744,3,2,176,1,,
52,2,31805,56,981,4,1,3,3,1,2,2.0,2,3.822809227865608,0,3,108,0,,
29,0,30564,97,1075,2,1,2,0,3,2,2.0,2,3.3280831394260493,0,1,151,1,,
41,0,76950,14,4275,0,3,0,3,0,2,2.0,2,4.093533610368636,2,0,293,0,,
40,2,89035,64,242,4,0,0,2,2,2,1.0,1,1.435359846239404,0,1,186,1,2023.0,1.0
58,0,69608,96,400,1,0,1,2,3,0,1.0,2,2.08893676049573,2,0,107,0,,
41,0,76901,92,2810,1,1,0,2,3,2,0.0,1,2.82027579392987,2,0,261,1,2023.0,1.0
64,1,38263,36,4012,0,4,0,4,0,0,1.0,2,1.478742147035241,2,2,51,1,,
54,0,85424,91,3925,2,0,2,3,3,0,2.0,0,2.656987146103833,0,3,123,1,,
57,1,73365,47,1363,0,1,1,1,1,1,0.9984059511158342,1,3.1090699105904114,2,0,150,0,,
18,1,104179,55,653,0,1,2,0,2,1,0.9984059511158342,0,4.656284920984975,1,1,138,0,,
58,1,53064,85,3116,2,2,0,3,0,2,1.0,0,1.4563403134596649,2,0,123,1,2023.0,1.0
37,0,47843,11,472,3,4,2,3,1,0,2.0,0,2.445369339398228,2,0,74,1,2023.0,1.0
37,1,90393,63,3595,2,0,0,4,2,2,2.0,2,2.758952687727002,0,0,32,0,,
18,2,36705,39,1848,0,4,4,4,0,2,1.0,2,3.3788375985428334,0,2,264,0,,
27,2,105693,16,3643,2,4,2,4,1,0,0.0,0,1.6173969913206694,2,1,28,1,,
46,2,92805,61,894,1,3,4,2,0,2,0.0,1,4.878185167972386,1,1,138,1,,
25,2,45218,47,4509,1,4,2,0,0,0,0.9984059511158342,1,1.067278614461042,0,0,49,0,,
28,2,35419,71,4310,0,3,4,0,3,2,0.0,0,1.5068988514102677,1,1,91,1,,
34,0,63262,20,4959,2,0,3,4,2,0,0.9984059511158342,2,2.68648111279121,1,3,169,0,,
45,1,39797,45,1317,0,4,4,3,0,0,0.0,0,1.376923318908076,3,1,41,1,,
47,2,24695,65,3085,4,2,1,3,3,2,0.9984059511158342,0,4.664470617919471,2,0,140,0,,
39,0,101196,92,4518,0,3,3,3,3,1,0.9984059511158342,2,2.2832089365854253,3,3,169,0,,
38,1,27140,31,4091,4,3,2,2,2,2,0.9984059511158342,0,1.1502913758535185,2,1,281,1,2023.0,1.0
65,1,107640,9,1350,0,2,2,3,1,1,2.0,0,2.9316187868787926,2,1,231,1,,
41,2,80653,27,1616,3,3,2,1,1,0,2.0,0,4.750190920243425,1,3,204,0,2023.0,1.0
56,0,49545,17,393,1,0,2,1,0,0,2.0,0,2.8144334602972663,0,2,33,1,,
50,1,34817,14,2793,3,4,0,4,0,1,1.0,2,2.590401830985158,3,0,45,0,,
26,1,51094,52,608,2,1,1,3,3,2,1.0,1,3.380823370221393,1,3,136,0,,
18,2,118723,6,1235,3,2,3,2,3,2,1.0,2,3.9822167486455617,3,0,104,0,,
36,0,47742,87,1817,0,2,0,1,1,2,0.9984059511158342,0,4.630044969034064,0,1,21,1,,
61,0,22925,93,538,2,3,1,3,0,2,2.0,1,3.816604116135637,3,0,136,1,2023.0,1.0
55,0,104242,55,3654,2,3,1,4,0,2,1.0,0,3.228378043702377,2,2,142,1,,
68,1,78601,59,4235,4,2,0,2,3,2,1.0,0,2.510439343534296,3,0,99,0,2023.0,1.0
64,1,109541,80,4651,0,1,0,1,3,2,0.9984059511158342,2,1.640075365234702,0,3,18,1,2023.0,1.0
42,1,38909,24,1432,3,3,1,0,0,2,0.9984059511158342,0,2.3802816082820137,3,0,131,1,2023.0,1.0
18,2,97701,32,3925,3,4,1,1,2,1,1.0,0,1.1351648744917129,1,2,156,0,,
31,0,102970,57,844,2,4,2,4,3,0,0.0,2,1.228490929501783,3,1,90,1,,
21,0,91180,6,561,4,3,0,2,1,2,0.9984059511158342,1,4.051254431455285,3,0,45,1,,
20,0,71571,54,948,2,2,1,1,0,1,0.9984059511158342,1,1.6245284346821571,1,0,172,0,2023.0,1.0
40,0,113677,90,2052,2,0,0,2,0,1,2.0,2,4.912779483907583,3,2,214,0,2023.0,1.0
35,1,107235,74,273,2,2,3,1,1,2,0.0,1,3.8431072243540743,0,3,171,0,,
33,0,69272,89,4868,2,3,2,4,0,2,0.9984059511158342,1,4.468978010566564,2,1,114,0,,
42,1,82008,40,1027,4,0,3,1,3,1,0.9984059511158342,0,1.105754276426675,1,1,289,1,,
43,1,37279,16,110,3,1,0,1,1,1,2.0,0,1.219322917437739,0,1,199,1,2023.0,1.0
64,2,97681,47,1786,0,0,2,0,2,1,2.0,1,4.962132753467911,3,3,196,1,2023.0,1.0
66,2,96286,50,2532,4,3,0,1,1,2,1.0,2,2.328913455399879,2,1,3,1,2023.0,1.0
30,2,108242,98,4552,4,2,3,3,1,1,0.9984059511158342,0,3.6397873453776186,3,1,230,0,,
33,0,95147,98,3698,0,4,3,0,2,0,0.0,2,1.1132755996732877,1,3,241,0,,
36,0,92728,5,124,1,4,0,3,0,0,1.0,2,2.382039250375892,2,1,12,0,,
54,0,115494,20,4020,3,2,1,1,2,0,2.0,2,2.9617205428093305,2,1,3,1,,
54,2,52210,81,1614,2,4,3,3,1,0,0.9984059511158342,0,2.482312087924784,3,0,87,1,2023.0,1.0
55,0,73938,51,4326,3,0,2,0,1,2,0.0,0,2.2548082400541745,1,0,168,0,,
39,2,43238,30,1322,4,4,3,4,3,2,2.0,1,2.787328086607383,3,0,76,0,,
20,0,58575,1,4075,2,0,1,4,1,0,1.0,0,3.1831524097133754,0,0,251,0,2023.0,1.0
59,1,103768,65,2140,4,0,4,2,0,2,2.0,0,2.772858376588103,2,1,101,1,2023.0,1.0
59,1,22459,73,4824,4,1,4,2,1,1,1.0,0,1.0654725198502253,2,1,2,1,,
62,1,46745,56,3060,0,2,0,0,3,1,0.9984059511158342,2,2.490419083927105,0,3,224,0,,
20,2,105779,78,4804,4,3,2,1,0,2,1.0,2,1.3766448887189209,2,3,132,0,,
52,1,118841,26,3377,3,3,3,1,3,2,1.0,0,3.000988824530741,0,1,6,0,,
69,0,89392,39,1594,1,3,0,3,3,1,2.0,2,1.8192481097087327,0,0,176,1,,
54,1,70690,42,870,3,2,2,2,3,2,1.0,2,3.7267275932684094,1,0,57,1,,
50,1,63663,71,2820,4,2,1,2,0,2,1.0,0,3.883035974528197,1,0,52,1,,
56,1,30110,18,3387,3,2,1,0,3,2,0.9984059511158342,1,4.340045674633903,1,3,230,1,,
61,1,21128,35,1577,3,2,1,4,3,1,1.0,2,3.799743995040607,1,2,141,0,,
20,1,102208,43,2226,0,4,4,1,3,2,0.0,0,3.494673504359424,1,2,9,0,,
38,0,76815,1,765,4,1,2,3,0,0,1.0,2,2.6744929783853992,3,3,209,1,,
19,0,67653,62,1597,1,0,4,0,1,2,0.0,1,2.665479630366386,3,2,158,1,,
49,0,49894,47,1395,3,4,0,2,0,1,2.0,2,4.049559329214664,2,1,42,1,,
40,0,81901,82,1276,0,0,3,3,1,2,1.0,1,2.1188373104040545,1,3,103,1,,
41,1,81455,66,3984,2,2,2,3,3,1,2.0,1,1.576462334971552,0,0,270,0,,
44,1,20944,26,1802,0,1,0,3,2,2,1.0,0,3.7165829799226553,2,0,20,0,,
36,0,53971,78,2233,0,0,4,2,1,1,2.0,2,1.7855504031358818,0,1,169,1,,
66,0,47414,30,318,1,3,3,0,1,2,2.0,0,3.511040541657911,1,2,15,1,2023.0,1.0
28,1,24833,68,3660,1,0,3,2,1,2,2.0,0,4.876942561954335,3,3,201,0,2023.0,1.0
47,1,53583,91,231,2,4,0,3,1,0,2.0,2,1.6518050897013694,1,1,29,1,,
52,2,62244,67,716,3,2,2,4,2,0,1.0,1,1.1066472089693131,3,0,39,0,2023.0,1.0
26,2,22036,98,841,1,4,3,1,3,1,1.0,2,3.523586593476817,1,0,86,0,,
22,0,63284,56,1363,2,1,3,2,3,0,0.0,2,2.6431115549422586,0,2,241,0,,
22,1,23535,67,3379,3,3,0,4,0,2,0.0,2,2.9336831504211243,0,1,190,0,,
32,2,53525,29,622,1,3,1,3,3,2,2.0,0,3.378410571972318,3,1,20,0,,
68,1,111735,87,3809,4,1,1,0,3,1,1.0,1,4.05426274956835,0,3,266,0,2023.0,1.0
55,2,47399,27,469,4,2,0,1,2,2,0.0,1,3.210001399182221,3,2,20,1,2023.0,1.0
69,1,56491,36,2949,4,4,3,1,1,0,1.0,0,3.549541893719357,2,0,264,0,,
33,1,106711,27,4800,4,1,4,3,0,2,0.0,1,1.9337940587783693,2,2,174,0,,
41,1,56212,5,1256,0,3,4,1,2,0,1.0,0,1.3968061527572515,2,1,259,0,,
53,0,67928,13,262,4,3,0,1,2,2,2.0,1,1.822702855327857,1,1,164,1,,
26,2,110787,49,1465,4,3,1,3,0,2,0.0,2,1.722080363535755,3,0,279,0,,
47,1,78382,32,1345,3,0,1,2,2,2,0.9984059511158342,2,3.9469558996271936,3,2,154,0,,
29,2,47915,23,3951,0,3,2,0,0,1,0.0,1,3.230609803310924,1,2,10,1,,
29,0,82457,12,847,1,4,3,3,1,0,0.0,1,3.776794231716453,1,3,200,1,,
20,0,24646,61,981,2,3,4,1,2,0,1.0,1,2.416240522590358,1,1,172,1,2023.0,1.0
29,0,84892,28,1030,3,3,1,1,1,2,0.0,2,4.170191155413111,2,3,166,0,,
52,1,101007,17,2538,1,0,3,3,0,1,0.9984059511158342,1,4.7912712473261125,3,1,260,0,,
47,2,33189,21,3234,2,2,3,3,1,1,0.0,0,4.133597705407162,2,0,68,0,,
64,0,25079,31,4272,1,1,1,3,3,0,2.0,0,1.5601327061418928,0,3,102,0,2023.0,1.0
29,2,77153,32,876,1,1,4,4,0,0,1.0,0,3.764846679411736,0,2,246,1,,
24,2,54033,62,2311,2,3,4,3,0,0,0.9984059511158342,1,4.396411180092647,0,0,225,0,,
39,2,63665,68,4939,4,4,1,0,1,2,1.0,2,4.387548078900246,0,1,31,0,2023.0,1.0
30,2,45103,42,3720,1,0,1,4,3,0,0.0,0,1.5340278335878477,0,1,123,0,,
45,1,43447,1,4050,2,4,3,0,3,0,0.9984059511158342,0,3.90243231336327,0,2,171,1,2023.0,1.0
23,0,95863,15,4833,3,3,4,3,2,2,0.0,1,1.2931202984422288,2,0,97,1,2023.0,1.0
39,0,21924,28,3423,2,2,4,4,1,1,2.0,1,1.692895651767468,1,2,261,0,,
59,2,93757,96,2361,1,2,2,4,1,2,0.9984059511158342,1,2.7188406564711323,1,2,181,1,,
23,1,27704,16,4713,2,4,1,3,1,0,0.0,0,3.473710882728222,1,3,128,1,,
49,0,59950,71,3957,0,3,0,2,1,0,1.0,0,3.1831038379745507,1,3,265,0,2023.0,1.0
37,2,95287,52,422,1,2,1,1,0,0,0.0,0,2.559374729432645,2,0,30,1,,
54,2,21502,84,1955,3,1,2,1,2,0,2.0,0,1.1657545438142964,0,1,216,0,,
65,0,81256,56,4274,4,3,4,4,3,1,0.9984059511158342,1,3.67005224553864,0,2,282,1,,
29,0,43880,31,914,2,2,2,4,1,2,2.0,0,3.987189744981363,2,0,77,1,,
23,2,54296,54,2561,4,4,0,4,3,0,0.9984059511158342,1,4.814120088019084,1,1,101,1,2023.0,1.0
40,1,36911,61,3830,3,4,1,3,3,1,0.9984059511158342,0,4.41513694934712,3,1,100,1,,
33,2,79252,73,4364,4,1,1,0,2,2,2.0,0,3.215088995468358,3,2,271,1,2023.0,1.0
48,0,83220,67,2070,4,1,4,4,3,0,0.0,1,3.5645124811445927,0,0,191,0,,
37,1,90825,58,1924,0,1,2,1,3,2,0.9984059511158342,1,4.102430205424669,0,3,170,0,2023.0,1.0
42,1,56533,31,1493,0,3,1,4,3,0,0.0,1,3.1319828731699757,1,2,21,1,2023.0,1.0
57,2,56135,81,1993,0,4,3,0,0,2,0.0,2,1.0581328072140923,3,3,48,1,,
24,0,66732,63,2056,1,0,2,2,0,0,2.0,2,2.867503774460142,0,1,213,0,,
56,0,84377,98,2438,1,2,0,3,1,2,0.9984059511158342,2,3.4483280588041594,3,3,122,0,2023.0,1.0
57,0,71626,38,3713,1,1,2,4,2,0,1.0,2,3.775209087209303,2,2,249,0,2023.0,1.0
18,0,60498,58,3783,0,3,1,1,0,0,1.0,2,2.013297887451604,2,3,259,0,,
20,0,108993,29,1670,3,3,2,4,2,0,0.0,0,4.592348913363015,1,3,9,0,,
19,2,92254,32,4528,0,0,1,1,1,1,0.0,2,1.287394126001288,1,2,159,0,2023.0,1.0
25,0,38781,54,4997,2,2,3,2,2,2,2.0,2,4.768995494978556,1,0,168,1,,
36,1,95705,63,1568,1,0,3,1,0,0,0.9984059511158342,2,4.131297232186739,2,3,156,1,2023.0,1.0
33,0,23212,99,3818,4,1,2,3,2,2,0.0,2,4.927846061272657,0,0,197,1,2023.0,1.0
45,1,115525,66,693,1,3,2,1,1,0,0.0,1,3.76091695139732,3,3,62,0,,
47,0,100146,23,903,0,0,0,1,0,0,0.0,1,1.437119273834726,2,0,144,0,,
53,1,103456,95,2716,4,4,3,3,2,1,2.0,2,3.684633243858989,2,0,211,1,,
51,2,84226,34,4616,1,3,0,0,3,2,0.9984059511158342,0,1.960659989743923,0,3,172,0,2023.0,1.0
26,2,87509,91,261,2,3,3,1,2,2,0.0,0,2.000276959478346,2,3,265,1,,
18,1,26764,61,4610,0,3,1,3,3,2,0.0,1,3.0290938557748337,2,1,232,0,2023.0,1.0
51,0,68228,15,3218,3,1,4,0,2,1,1.0,2,3.253244240607849,2,1,169,1,,
56,1,74238,94,2481,3,3,1,0,2,2,1.0,0,1.4915197677559968,1,0,45,1,,
51,1,81401,64,2832,4,1,2,3,2,1,2.0,0,2.6378202195322387,0,2,40,0,,
25,2,65439,60,3772,1,4,4,4,0,1,0.0,0,4.187453925639755,2,0,75,1,2023.0,1.0
50,1,37671,23,1349,3,1,0,4,0,0,0.9984059511158342,0,3.378855864984525,2,1,184,1,2023.0,1.0
39,0,22260,34,223,3,1,2,2,1,2,0.9984059511158342,1,4.163924563597736,3,1,98,0,2023.0,1.0
32,1,79056,54,3006,2,0,3,1,0,2,0.0,0,2.546083734984761,2,1,8,1,,
61,1,76888,43,811,0,2,4,3,2,2,2.0,0,1.518607259774582,1,0,90,1,,
44,0,66940,85,4149,0,4,4,3,0,0,0.9984059511158342,1,3.1331851343283152,0,3,177,0,,
25,0,71553,88,3428,3,1,2,3,0,0,2.0,0,2.0082867189489875,2,3,114,1,,
29,2,43341,45,1538,3,1,4,1,1,0,1.0,1,2.698852496940007,1,1,81,0,,
29,0,28983,92,3239,3,1,2,4,2,0,0.9984059511158342,0,3.365521255310937,2,1,272,1,2023.0,1.0
35,2,69395,43,3336,4,3,1,0,3,2,2.0,2,2.1155284211890373,2,1,106,0,,
28,1,108281,59,2598,2,1,0,4,2,0,0.9984059511158342,0,1.0762494981476842,1,0,195,1,,
28,1,81756,48,2813,1,3,3,3,0,1,2.0,1,1.9615050139148087,2,2,219,0,,
31,1,104743,57,1715,2,4,2,0,1,1,0.9984059511158342,2,3.2713234639561803,3,1,281,1,,
39,1,38688,57,2455,2,2,4,4,1,2,0.0,2,4.335926315864642,1,3,231,1,,
39,0,110724,86,3471,0,1,1,2,0,2,0.9984059511158342,1,3.127944629585649,0,3,121,1,,
52,1,107122,36,1925,2,4,2,4,1,1,2.0,1,2.9328573304601817,0,3,108,0,2023.0,1.0
64,1,58311,76,1928,4,0,1,0,3,0,0.0,0,1.094328870735939,0,1,280,0,,
41,2,51457,17,4565,0,4,3,0,0,2,0.0,2,4.679015374250293,1,1,287,0,,
40,0,118092,39,1455,1,0,0,4,1,2,1.0,2,3.013982684000311,3,0,180,1,,
18,0,61340,26,3992,3,1,2,0,0,1,2.0,2,1.922004343220748,1,2,124,1,,
62,1,28118,31,790,1,1,0,1,0,0,1.0,0,4.830237599240739,3,2,283,1,,
58,0,31441,41,4135,2,0,1,4,1,2,0.9984059511158342,0,2.599667658933944,2,3,104,0,,
49,2,118718,25,3879,1,1,1,0,0,0,0.9984059511158342,1,2.387990406673417,1,2,16,1,,
28,1,54600,50,1639,1,3,1,4,2,2,2.0,1,4.978896850749711,3,0,71,1,,
51,1,81009,6,3540,4,2,4,3,1,2,1.0,2,1.819968324751409,3,1,175,1,,
25,2,90897,31,237,4,1,0,4,3,0,0.0,2,4.226310604352367,3,3,122,1,,
54,1,75547,77,1056,4,4,1,1,3,0,1.0,2,2.556755802278355,2,3,232,1,,
40,1,46797,87,3384,4,2,4,1,1,2,1.0,2,4.658968544526056,0,1,234,1,,
32,0,97870,10,1831,2,1,1,2,2,2,2.0,1,3.685810259835756,3,1,68,1,,
34,2,63826,18,408,2,4,2,1,0,0,1.0,0,4.4294566886401245,3,0,290,0,,
58,1,60934,80,1367,1,2,1,1,0,2,1.0,1,4.264772048714169,0,2,220,0,2023.0,1.0
42,1,110245,20,4289,4,3,4,2,1,2,1.0,1,2.765946152957789,1,3,149,0,,
27,2,26805,7,1720,3,4,1,4,0,1,1.0,1,1.4552141125242617,3,1,154,1,,
42,1,105550,13,3614,4,2,1,0,1,0,2.0,0,2.8318379613269338,2,3,69,1,,
50,0,58712,65,3014,0,3,0,1,0,0,2.0,0,1.3713371263380498,3,1,27,0,,
20,0,107710,36,1526,1,4,4,3,1,0,1.0,0,3.737429609441533,3,3,134,0,,
65,1,118204,59,2099,0,3,3,2,2,2,0.9984059511158342,1,3.8666309973065935,2,2,75,1,,
25,0,39544,29,481,2,4,1,0,3,0,2.0,2,1.801449782146596,0,2,279,0,,
65,1,22708,68,1136,4,4,3,4,2,2,0.9984059511158342,1,2.157177444834772,0,2,270,0,,
55,0,118759,15,903,3,3,0,3,3,0,0.0,2,1.4562438465409806,3,1,225,1,,
33,0,39522,13,2854,2,4,4,2,1,2,1.0,1,2.7122236911826283,2,2,143,1,,
20,2,75309,8,3671,0,1,2,2,2,0,1.0,0,2.3034845551125853,1,1,114,1,,
50,1,94474,28,1929,0,1,0,3,2,1,2.0,2,3.9020504680999513,1,2,264,0,,
33,1,62220,34,4438,0,0,4,0,3,1,0.0,1,3.6982254362082543,0,1,140,1,,
20,2,59767,99,3206,0,2,2,2,3,2,2.0,0,3.1292326951357783,1,1,235,0,,
64,1,65565,2,946,0,2,0,1,1,2,2.0,0,2.7421102370693995,2,0,29,0,,
43,0,119065,93,2156,1,3,1,1,0,1,1.0,1,2.4277964617622447,3,0,262,1,,
66,1,38891,78,955,3,3,4,4,2,2,0.9984059511158342,2,2.428871560023992,3,0,79,0,,
68,1,86330,79,3121,0,4,4,4,0,1,0.0,2,4.697438827084486,2,0,86,1,,
62,1,36979,78,1428,1,1,2,4,2,0,2.0,2,1.526209132236573,0,1,164,1,,
27,0,77207,11,2419,2,2,1,0,1,2,1.0,2,4.869540901667309,0,0,212,1,,
29,1,77730,59,3595,1,3,2,4,1,0,0.0,2,2.633002990728341,2,0,157,1,,
62,0,38013,33,790,3,1,3,1,0,1,0.9984059511158342,1,1.8653683981291105,1,2,177,1,,
49,1,41309,66,2413,4,4,1,2,2,0,2.0,2,1.411424502969322,1,1,69,1,,
46,0,103137,58,3281,1,4,0,0,2,1,0.0,1,3.5058693214680905,3,0,260,1,2023.0,1.0
60,0,58244,60,4534,2,0,4,2,3,0,2.0,1,2.2860185043769934,0,2,141,0,,
61,1,91694,47,655,4,3,1,4,3,0,1.0,1,3.9994853529549577,2,2,248,0,,
45,1,93633,27,748,4,2,2,0,0,1,1.0,1,3.3123119745883605,2,1,97,1,2023.0,1.0
41,0,113337,91,3818,4,1,1,3,2,2,0.0,1,2.302491556173407,1,3,193,1,,
33,1,53642,86,136,4,4,4,2,1,2,2.0,1,1.6885817371262473,3,2,146,1,,
33,1,107977,61,2058,0,2,0,4,1,2,2.0,2,4.252793652540239,0,0,113,1,,
45,0,47453,49,2310,0,0,2,1,0,0,2.0,2,2.760286725564147,3,2,162,1,,
45,0,98004,17,3967,3,2,2,3,0,1,2.0,2,4.111717361586072,2,1,150,1,,
40,0,117697,3,179,0,2,3,3,3,0,2.0,0,3.9951501123650375,3,3,139,1,2023.0,1.0
42,0,95720,68,1374,3,0,2,2,0,1,2.0,2,4.710302758755201,2,2,139,1,,
40,0,74604,92,3624,0,2,2,2,1,0,2.0,2,1.2498762617300354,1,3,62,0,2023.0,1.0
63,1,70029,8,895,1,3,0,1,0,0,2.0,2,1.7197903247133506,1,3,65,1,2023.0,1.0
67,2,73281,79,2345,0,3,4,1,2,2,0.0,0,3.3985497517121286,3,0,204,0,,
25,1,48900,58,1402,1,2,2,2,2,1,2.0,0,1.52448963198416,0,0,155,0,,
52,1,62321,70,2247,2,4,0,3,3,1,0.9984059511158342,2,4.317832494659853,0,3,214,1,,
19,2,88682,87,2303,3,2,0,4,3,2,0.9984059511158342,2,1.0279231655679433,0,1,161,1,,
57,0,39416,36,496,4,3,0,1,0,2,1.0,0,1.0080426671347182,3,0,238,1,2023.0,1.0
58,2,116299,87,4761,0,4,2,2,1,2,0.0,1,4.699867897892178,2,0,249,1,,
60,1,101490,85,1052,1,1,2,4,0,2,2.0,1,3.657700535333409,3,0,89,0,,
40,0,68127,24,211,0,0,3,2,1,2,1.0,0,4.04721558116289,1,2,82,1,,
44,1,98590,87,4962,0,2,2,4,2,2,0.0,1,4.14716348100804,1,3,51,1,2023.0,1.0
49,1,104631,30,4314,3,3,4,3,3,0,0.0,0,2.4008871038442723,1,3,120,1,,
54,1,77988,59,2215,1,0,1,2,0,0,0.9984059511158342,1,4.844133818895848,1,1,244,0,,
20,1,102681,96,3982,4,4,0,3,0,1,2.0,1,3.144032427608793,1,2,158,1,,
52,2,83394,74,2434,4,0,0,0,0,1,0.0,2,3.711015930262016,2,0,43,1,,
63,0,23093,33,4678,2,3,0,2,2,0,0.0,2,3.2419345130585024,1,1,280,1,2023.0,1.0
36,1,83397,53,2482,3,3,3,1,1,2,1.0,0,2.6796693833276697,1,3,22,1,2023.0,1.0
36,2,70062,49,4200,1,4,4,3,0,2,1.0,2,3.798014021735809,1,3,33,1,,
22,0,47452,46,2234,4,1,1,3,3,1,0.9984059511158342,0,4.383916158543434,3,2,279,1,,
50,1,62865,56,1935,0,1,1,3,0,0,2.0,2,4.695244245740319,1,1,242,0,,
20,2,59846,37,4155,0,0,1,2,0,0,1.0,1,1.2855924547702426,0,2,218,0,2023.0,1.0
29,1,84829,72,2663,0,4,2,4,0,2,2.0,1,4.905948350461884,3,2,228,1,2023.0,1.0
19,0,119430,7,2804,1,2,4,0,1,0,0.9984059511158342,0,4.928521211166689,1,2,124,0,,
28,1,32683,48,1942,2,2,2,0,1,0,0.9984059511158342,0,4.296125148328835,0,0,93,1,,
42,0,35863,23,527,2,2,3,0,2,0,1.0,2,1.012797005446077,3,3,165,1,,
58,0,77014,41,1121,0,3,3,2,2,2,0.9984059511158342,2,1.2782686525581677,0,3,139,1,2023.0,1.0
35,0,33470,64,1047,0,3,3,3,0,0,2.0,2,3.7395678950786224,2,3,96,1,,
31,0,45168,36,392,3,3,4,4,3,0,2.0,0,3.908674849992268,0,0,90,1,,
19,2,63039,50,4996,1,0,1,0,2,1,0.0,2,1.2984946466460197,3,0,202,0,2023.0,1.0
47,1,76974,57,1671,0,1,1,1,3,0,2.0,1,3.3400170647577534,3,1,42,1,,
66,1,94092,92,4663,4,3,2,2,1,0,0.0,2,4.10159828605045,0,0,32,1,,
42,1,106426,14,4378,2,0,0,3,3,0,0.9984059511158342,1,3.340905955724014,1,3,234,0,2023.0,1.0
32,1,68738,17,1091,3,4,4,1,3,2,1.0,0,3.99513718873822,1,3,66,0,,
24,0,54980,74,1507,4,0,2,3,3,2,0.0,1,4.748138428301708,2,1,284,1,2023.0,1.0
24,0,55999,51,763,4,4,2,1,3,1,1.0,1,4.194849188961938,2,3,231,1,2023.0,1.0
57,2,94489,77,2289,1,1,2,4,1,1,0.9984059511158342,1,2.8732385673739653,3,3,242,0,,
45,0,94312,40,4266,4,3,4,1,1,0,1.0,2,3.709782215375084,1,2,178,0,,
40,2,43446,24,3548,0,0,0,2,1,2,2.0,0,2.462250561111872,3,0,96,1,2023.0,1.0
59,0,56394,61,4847,2,4,0,0,2,0,0.0,2,3.929277277629061,2,2,159,0,2023.0,1.0
22,1,77893,47,4899,2,0,0,0,0,1,0.0,1,2.029266680756239,3,1,13,0,,
54,0,72870,57,202,3,2,3,0,1,0,1.0,2,4.746150309295625,2,3,171,0,,
40,0,75371,8,705,1,2,1,4,1,0,1.0,2,1.3427672423623205,2,2,90,1,2023.0,1.0
32,1,100879,69,2636,0,2,1,3,2,1,0.0,2,3.549730422186586,2,1,169,0,2023.0,1.0
27,0,111110,68,339,0,4,2,0,2,0,0.0,2,4.976616302450676,1,1,99,0,,
48,2,91718,79,307,3,3,4,3,0,0,0.0,0,1.4934816033823537,1,2,225,1,,
33,1,117553,26,2452,3,0,4,0,0,0,0.0,0,1.388813330779834,3,1,100,0,,
57,0,104787,37,4593,4,1,2,0,0,2,0.9984059511158342,1,3.576824595624322,0,3,136,1,,
43,0,48064,3,328,1,1,1,1,0,0,1.0,2,4.017701821526863,2,2,4,1,2023.0,1.0
47,0,20671,98,2157,0,0,3,3,2,0,0.9984059511158342,2,1.4184506730953172,3,1,118,0,,
19,1,101304,58,4164,3,2,2,2,2,0,0.9984059511158342,1,2.513799478051838,3,0,232,0,2023.0,1.0
54,2,45017,45,3571,0,1,4,4,3,0,0.0,2,4.969431529775099,3,0,240,0,,
54,0,116032,53,4874,2,3,0,2,0,2,0.0,1,2.38159111419948,2,0,208,1,,
49,0,65798,7,2035,3,4,3,0,1,2,1.0,0,4.607582700352495,1,2,255,1,,
52,1,97066,34,2266,4,1,0,1,2,2,0.0,0,4.313946504534094,1,1,276,0,2023.0,1.0
54,0,112561,97,2364,3,2,3,0,1,2,0.9984059511158342,0,1.186274283227922,1,2,108,1,,
57,0,118938,53,345,4,0,2,1,1,0,0.9984059511158342,2,4.995620819566643,0,2,177,0,,
27,0,24300,77,1964,3,2,1,1,2,0,1.0,2,2.766456473630387,0,1,171,0,,
23,0,70192,80,937,4,1,1,4,1,0,0.0,1,4.327637086671643,3,2,239,1,2023.0,1.0
66,1,102336,58,4790,1,0,2,2,1,2,0.0,0,2.8632912211094657,0,0,222,0,,
52,1,80110,92,3842,4,4,3,0,0,2,0.9984059511158342,2,4.238338446254377,2,0,170,1,,
62,1,51283,23,4511,1,0,0,0,2,2,2.0,2,3.3133161353118883,0,2,167,0,,
24,1,32300,59,1691,3,0,0,4,0,2,1.0,2,4.105916376291082,2,0,236,1,,
43,2,21894,5,4873,1,3,4,4,1,1,1.0,1,3.728487594119304,0,0,261,1,,
62,1,58059,7,3864,2,0,2,3,2,0,0.9984059511158342,0,4.5649082644138215,1,3,126,1,2023.0,1.0
46,0,73276,48,493,3,2,2,4,1,2,1.0,2,4.492382875479456,3,3,208,1,,
61,1,35739,15,863,1,3,1,0,2,2,2.0,0,1.3488612169465115,0,3,145,1,,
53,0,82751,55,180,1,1,0,2,2,0,0.0,1,3.707133237017824,2,1,38,0,,
46,1,55725,14,322,2,1,0,0,0,0,0.0,2,1.5097288147808006,1,0,42,1,,
24,0,62940,10,2296,4,2,0,2,3,2,0.0,0,1.32040548534408,2,2,209,1,2023.0,1.0
52,2,108241,8,308,0,0,1,1,1,2,1.0,0,3.199783968303128,0,3,66,0,,
36,2,81407,68,4098,4,2,4,0,1,1,1.0,1,1.1354864595111622,2,2,176,1,,
57,0,49204,30,1073,2,4,1,2,0,2,1.0,2,1.6211697457745462,3,3,116,0,,
40,0,113743,55,4962,0,2,3,2,3,2,0.0,1,3.84506174778868,3,0,122,1,,
19,1,116129,82,3012,4,4,2,4,3,1,2.0,1,3.7464419427977935,1,3,105,1,,
21,1,110810,45,1645,0,2,0,4,3,2,0.9984059511158342,1,3.869371465911281,2,0,7,1,,
45,1,61723,55,4581,4,1,4,3,0,0,1.0,1,2.118484712445487,3,0,17,0,2023.0,1.0
55,0,102667,49,4159,2,3,1,4,0,2,1.0,1,2.3943798996088987,3,3,150,0,,
32,0,75030,19,926,4,0,1,3,0,0,0.0,1,4.326814705785557,1,1,253,0,,
50,1,70016,37,3083,1,0,2,4,3,1,2.0,2,3.672681710485581,1,1,173,0,2023.0,1.0
32,1,70131,88,2602,1,1,1,2,2,1,1.0,0,2.350654048932703,1,2,20,1,,
46,1,106787,62,907,1,2,2,0,1,0,2.0,0,3.187382236749259,2,0,72,0,,
53,1,24820,26,2698,3,4,3,3,0,2,1.0,2,3.4745840184929597,2,2,108,0,,
43,0,69222,17,1167,4,2,1,1,3,2,0.0,1,4.915439661284982,2,3,36,0,,
48,2,29032,88,4717,3,3,0,2,2,2,0.0,1,2.961816748579083,2,0,44,0,,
57,1,75781,48,2174,1,2,3,0,1,2,0.9984059511158342,0,2.689734375595076,1,2,121,1,,
58,0,36943,37,3727,4,3,4,0,0,2,0.0,2,1.417821091804205,2,3,259,0,,
19,2,58515,30,1748,2,0,3,3,3,0,1.0,0,3.29725015703406,0,2,47,1,,
57,2,64464,48,947,2,0,3,3,3,0,0.0,1,4.649808566811687,1,3,114,0,,
48,0,105195,38,2119,4,3,4,2,0,0,0.9984059511158342,1,3.3700529448587613,1,2,127,1,,
64,2,118662,2,1299,2,1,3,2,2,1,0.0,0,2.2534945222426024,2,2,159,0,,
69,0,108529,32,2944,2,1,0,3,2,2,0.0,1,3.942664377002503,1,2,12,0,,
42,1,62425,67,1452,3,1,0,4,0,1,2.0,2,4.767857741447047,3,0,168,1,,
23,1,90258,35,2026,1,1,1,4,0,2,2.0,2,2.370466092315292,1,2,86,1,,
30,1,55367,87,3246,1,2,3,3,2,1,2.0,1,3.37480696226192,0,0,133,0,,
43,1,107052,44,654,0,4,0,0,0,0,0.9984059511158342,1,1.1763871142669315,0,2,235,0,,
62,1,102600,8,672,3,1,4,4,2,1,1.0,2,1.2266109547139237,0,1,21,0,2023.0,1.0
20,0,26610,17,4625,2,3,2,2,3,1,0.9984059511158342,2,2.2069272734146272,0,1,4,1,,
39,2,51153,15,435,3,0,1,3,2,0,2.0,1,3.837760070234664,1,0,114,1,,
61,0,74816,43,4541,1,2,4,2,2,0,0.9984059511158342,0,4.517905417233216,1,2,89,0,,
54,1,118557,60,786,3,3,1,4,2,2,1.0,2,2.922481915676292,3,0,203,0,,
26,2,48555,82,4542,1,0,3,2,3,0,2.0,1,2.8604865303380507,3,1,181,1,,
20,0,44855,4,3658,1,1,3,2,0,2,0.0,1,2.8469028384136745,2,1,109,0,,
35,1,119187,72,970,0,1,0,0,0,0,0.0,2,3.30198289955542,3,0,257,0,,
64,1,48390,42,4805,0,0,3,3,0,0,2.0,1,4.436616304964967,2,0,59,1,,
55,0,28630,73,2466,3,3,4,1,3,1,2.0,2,4.22507668508854,0,2,4,0,,
56,2,30537,67,1255,1,1,4,0,2,0,0.9984059511158342,0,2.872728304216773,0,2,151,1,,
25,0,57010,30,4791,0,4,1,2,3,2,2.0,1,2.548733132193101,3,1,244,0,,
23,1,42149,41,1372,0,0,3,1,0,2,0.9984059511158342,1,3.848241791832341,3,3,125,0,,
64,2,81501,26,4528,3,0,0,2,1,2,2.0,2,4.749672394606655,2,0,179,1,,
67,0,95700,95,1525,3,2,1,1,0,2,0.9984059511158342,2,2.881976154023235,1,0,125,0,2023.0,1.0
37,0,37824,7,4492,2,1,0,3,0,2,1.0,2,2.8675072705466533,3,1,234,1,,
29,0,111707,54,1374,1,1,4,3,1,2,0.9984059511158342,2,3.0864648309097222,1,0,115,1,2023.0,1.0
20,0,74555,96,1371,4,2,1,3,3,0,0.0,1,4.329774865866743,0,0,209,0,,
55,2,22654,8,4169,1,4,3,0,3,2,0.0,2,1.0286347343813702,0,2,116,1,,
51,2,60983,27,4015,1,0,2,1,3,2,0.9984059511158342,1,3.3633022716700087,1,3,91,0,,
29,0,102104,26,329,1,4,0,2,3,1,2.0,2,4.628607294958572,1,0,154,0,,
33,0,25829,39,3405,1,2,4,1,3,0,2.0,2,3.4111693455527736,3,2,83,0,2023.0,1.0
69,2,51568,23,2873,0,3,1,1,0,2,0.9984059511158342,1,1.3274921029309057,2,2,263,0,2023.0,1.0
59,1,68821,80,1723,4,0,4,4,0,2,0.0,1,1.295057580873018,0,1,46,0,2023.0,1.0
60,1,48605,86,1299,0,2,0,4,2,0,0.0,2,1.4423859594404895,3,3,82,1,,
27,2,101131,32,3144,3,1,4,0,3,0,0.0,0,1.3458253515517669,3,2,75,0,,
36,1,27904,66,2518,2,0,1,3,3,1,0.9984059511158342,1,3.708085785346729,2,1,138,0,,
25,0,93588,41,919,3,2,3,0,2,1,2.0,2,4.245158434840535,2,2,36,0,,
27,0,56735,14,3596,2,3,2,0,2,2,0.0,0,4.800185903298689,0,3,258,1,,
31,0,80180,20,4642,4,1,4,1,1,0,0.9984059511158342,1,2.1467458449704417,3,2,165,1,,
42,1,85077,35,2604,2,0,2,1,3,2,0.9984059511158342,1,1.879063080581998,1,0,122,1,,
49,0,81824,52,4973,1,3,3,4,3,2,2.0,2,4.714459603530736,0,0,270,0,,
47,1,69294,97,2525,1,0,1,4,2,0,0.0,2,1.3736114880190158,3,3,293,1,,
69,1,79258,53,2792,0,0,3,0,3,1,2.0,0,3.367017696885153,3,1,249,1,,
46,2,110664,10,3656,0,3,3,4,1,2,2.0,2,1.9879963186880785,0,2,166,0,,
43,0,82524,3,2986,0,3,0,3,2,2,0.9984059511158342,1,4.363339907173076,2,1,202,0,2023.0,1.0
48,1,102027,39,2626,4,2,1,3,3,0,1.0,0,3.7319358672357335,0,1,222,0,,
24,0,109439,98,2882,1,1,0,4,1,0,1.0,0,3.069466192432845,0,1,218,1,,
18,2,82963,14,154,1,3,1,3,3,1,0.9984059511158342,0,2.430564746645366,0,0,8,0,,
27,0,24535,35,1196,3,4,0,4,3,2,2.0,2,4.646395846160317,1,0,120,1,2023.0,1.0
33,0,78806,44,4649,0,1,1,0,3,2,2.0,0,3.9540040545599657,0,2,68,0,,
65,1,79332,19,2950,2,1,0,0,2,2,0.0,1,1.88477720902624,3,3,164,0,,
54,0,116248,69,3292,2,3,0,0,1,1,0.0,0,3.3888920633992714,1,0,10,0,2023.0,1.0
57,0,70438,7,4544,2,0,4,4,0,0,0.0,2,3.491180612358956,0,1,296,1,2023.0,1.0
40,1,101686,10,1099,2,1,0,2,0,0,1.0,1,3.279823045904803,1,3,232,0,,
69,1,114655,77,2367,3,0,3,2,1,0,0.9984059511158342,1,2.075855664564563,3,0,139,1,2023.0,1.0
38,0,73879,79,4622,2,0,1,2,3,2,1.0,1,3.5366127739538,1,3,285,1,,
52,1,60308,87,2662,0,3,1,4,1,2,2.0,0,3.4109644552044625,1,1,80,1,,
60,1,30222,42,491,0,1,3,0,2,2,1.0,0,1.6612595236899566,1,1,69,1,,
24,1,106916,42,154,3,3,0,3,0,0,0.9984059511158342,0,3.100858531694039,3,3,2,1,,
36,2,52177,85,2126,1,0,4,2,3,2,2.0,0,1.1371656079229329,2,2,222,1,,
38,1,59713,87,1947,4,4,3,4,3,2,2.0,0,3.652788208448855,0,3,294,0,2023.0,1.0
47,1,22892,33,958,0,4,4,0,2,1,2.0,1,1.1294327951742744,3,2,247,0,,
35,0,39333,21,3536,0,4,1,3,3,2,2.0,0,3.0249141181450616,0,3,222,1,2023.0,1.0
22,1,80162,32,213,1,0,2,4,3,0,1.0,1,1.656997649906034,3,2,190,1,,
68,2,82409,55,240,1,0,0,3,0,2,2.0,0,1.4101200582874052,0,3,298,0,,
22,1,97442,50,4733,2,2,1,2,1,2,0.9984059511158342,1,3.1249798354861067,1,3,103,1,,
31,1,67573,67,2208,1,2,4,2,2,0,0.0,1,4.35591668252302,2,3,95,1,,
34,0,85898,41,4269,2,0,4,4,3,0,1.0,0,2.377448744326156,3,2,268,0,,
20,2,33908,16,937,3,1,1,1,3,0,0.0,0,3.281055689333781,0,3,290,1,2023.0,1.0
44,2,70877,41,4642,4,3,0,4,1,0,0.9984059511158342,2,3.4546039134896978,2,3,24,1,,
47,2,27283,91,4510,2,0,0,0,1,0,0.0,0,4.211934950093923,3,2,34,0,2023.0,1.0
53,1,78905,80,3163,4,3,3,0,3,0,2.0,2,2.537109611011814,1,1,225,1,2023.0,1.0
52,2,31167,42,3716,3,4,1,1,3,0,1.0,0,3.953188346733529,1,3,240,0,2023.0,1.0
64,0,38344,7,3938,3,3,4,0,0,0,2.0,1,1.6140795446785678,2,1,219,1,,
34,0,76232,50,2517,3,4,3,3,1,0,1.0,1,1.891581660357672,0,2,133,0,,
57,2,55447,67,4242,3,2,2,4,0,2,2.0,0,2.835342429850174,1,1,273,0,,
59,2,52543,1,338,4,2,3,2,0,0,0.9984059511158342,2,3.4317357604088814,1,0,218,0,,
42,1,54674,33,2367,2,3,3,0,0,1,1.0,1,2.413938567120661,3,2,107,0,,
30,0,54579,95,1701,3,0,2,4,1,0,0.0,2,2.475145985729679,1,1,158,1,,
23,1,94944,38,1696,3,3,3,1,3,0,2.0,0,4.402526388235863,0,1,68,1,,
45,2,69223,63,1380,2,1,2,1,1,2,1.0,0,1.920135124492123,3,0,269,1,,
66,1,77256,67,3077,1,3,1,2,0,1,0.9984059511158342,1,2.576467215542324,2,1,59,1,,
62,0,112993,15,3440,0,0,4,3,2,2,2.0,1,2.203095036483038,0,0,261,0,2023.0,1.0
33,1,40641,67,626,2,2,2,3,3,0,0.0,0,2.667943641592286,3,0,214,0,,
39,1,85277,79,206,3,0,4,4,0,2,1.0,2,2.7775503211983,3,0,18,0,2023.0,1.0
32,0,74261,88,438,0,3,4,0,3,2,1.0,2,4.636335347169634,3,1,110,1,,
54,1,36375,70,4659,3,3,3,0,3,0,2.0,1,4.563873330747205,1,0,116,1,,
24,2,89070,19,4571,1,0,1,2,1,2,0.9984059511158342,2,2.401628225352092,1,2,127,0,,
22,0,62299,66,214,4,1,4,1,2,2,0.9984059511158342,1,2.2041526140358747,0,0,34,1,2023.0,1.0
27,0,50121,91,3187,1,4,4,3,2,1,1.0,2,4.168708522354487,1,0,220,0,,
22,1,110887,36,1430,1,1,1,0,3,0,0.9984059511158342,2,3.666534963395168,2,1,111,0,,
61,1,85018,66,1076,4,4,2,4,3,0,1.0,2,2.8137858523555392,3,0,67,1,,
20,0,72137,23,1516,1,2,0,0,3,1,0.0,1,3.072026055898257,3,2,190,1,,
52,1,102335,62,961,2,0,4,2,0,1,2.0,2,2.579073704571609,1,1,67,0,,
18,1,117123,48,2606,4,4,3,4,3,0,0.9984059511158342,2,4.565169535568389,0,0,162,1,,
21,0,102862,13,565,2,3,1,1,0,2,0.9984059511158342,2,2.3495550639820277,3,3,111,1,,
58,0,60412,74,2043,2,0,3,4,0,0,0.0,2,4.214473952102535,0,1,29,1,,
31,0,118892,81,4060,4,0,3,0,0,0,0.0,2,1.84119111027823,3,2,199,0,,
52,0,90690,20,1626,3,4,4,2,2,0,2.0,1,3.087145323515613,3,3,113,0,,
31,0,65783,58,3639,4,1,2,2,3,1,2.0,0,2.833396391565779,1,2,131,1,,
44,1,91520,75,4162,1,1,0,1,1,0,0.9984059511158342,2,4.994660016944499,3,0,55,1,,
39,1,61190,82,1846,0,4,4,2,3,2,1.0,1,4.014465863503068,2,0,82,1,,
28,1,104977,47,864,4,1,1,1,0,0,0.0,2,1.7705208545831723,0,1,141,1,2023.0,1.0
68,1,74921,27,1538,1,2,2,3,2,2,0.0,0,4.566431907218583,1,0,164,0,,
35,0,89358,34,3448,1,2,3,1,0,1,0.0,2,1.0875418430779678,0,3,251,1,,
69,1,48853,96,4164,2,3,4,3,3,1,0.9984059511158342,1,3.643736035201159,1,2,20,0,,
57,2,62039,27,3636,2,4,3,4,0,2,2.0,2,2.001220718177316,0,2,85,0,,
62,1,41446,49,3374,1,0,4,1,1,0,0.0,1,4.894383945081818,0,2,180,0,,
49,2,50866,76,3340,4,2,1,1,0,0,1.0,2,1.6188826010741255,3,3,90,1,2023.0,1.0
25,1,35954,27,3867,1,0,1,3,2,1,0.9984059511158342,2,1.2250184360489316,1,0,272,1,2023.0,1.0
66,1,94822,52,3077,0,2,3,4,2,2,2.0,0,3.4806937411870127,2,3,70,1,2023.0,1.0
45,0,76440,79,1228,4,0,1,3,0,0,0.9984059511158342,1,3.833778138458486,0,2,251,0,2023.0,1.0
47,1,66902,68,3075,4,2,1,3,0,1,0.0,2,2.3814629655438626,0,1,214,1,,
28,1,99472,54,4458,0,2,2,0,0,0,0.9984059511158342,2,2.6994361406435226,0,0,55,0,,
54,1,42187,83,2882,2,2,1,1,1,0,1.0,0,1.9202980660316051,1,0,274,1,,
40,0,62459,2,2115,1,0,2,4,2,0,2.0,1,2.918946297243666,0,0,9,0,,
29,1,89110,77,127,4,3,4,0,2,0,0.0,0,2.007472215203008,3,2,194,0,,
38,0,82509,53,2447,0,3,1,2,3,2,0.9984059511158342,2,1.0491740815391597,1,3,261,1,,
57,0,107228,40,3002,4,4,4,4,3,0,2.0,2,4.813314413235178,0,1,26,1,,
59,2,31825,48,298,0,3,4,2,1,1,2.0,1,2.1757563638060065,0,2,142,0,,
37,0,91838,57,2411,1,1,4,2,1,2,0.9984059511158342,0,3.6197616206044767,3,3,118,1,,
51,2,65752,31,2955,0,0,0,2,2,2,1.0,0,1.645868343226366,2,2,96,0,,
41,1,69416,38,2543,1,0,0,1,2,2,2.0,1,2.279853068827507,2,2,238,1,,
69,1,58546,69,4473,4,2,4,0,0,0,0.9984059511158342,2,2.1484098859944827,1,0,24,0,,
69,1,103071,53,2454,4,3,0,3,1,2,1.0,1,4.014154643709968,3,0,299,1,,
62,1,31217,72,4981,4,0,1,4,0,2,2.0,2,3.48369718830665,2,2,267,1,,
59,1,75773,98,1912,1,4,0,4,3,0,1.0,1,3.913812862840389,1,3,282,0,,
30,1,42725,75,1899,0,0,4,4,0,2,0.9984059511158342,1,1.0185359796734232,2,1,151,0,,
23,0,106676,23,3615,4,1,0,2,0,2,0.9984059511158342,2,2.714957304305267,3,0,261,1,,
46,0,93228,65,1696,2,1,2,1,3,0,0.9984059511158342,0,2.8227082455647508,3,0,201,1,,
41,0,45557,7,665,1,4,0,2,0,2,2.0,1,4.429688434090839,1,0,277,1,,
69,2,40754,80,635,2,1,2,3,2,2,1.0,0,3.6660231081253434,3,0,215,0,2023.0,1.0
44,0,111205,94,3470,1,3,1,2,1,0,0.9984059511158342,2,2.8679567646226536,0,1,85,0,,
20,0,50615,85,2803,0,2,4,4,0,2,0.9984059511158342,0,4.548654897647124,0,2,279,0,,
41,0,107840,79,1539,4,4,1,4,2,2,0.9984059511158342,0,1.9215580578377884,1,3,295,1,,
61,1,99720,99,3010,0,4,3,0,2,2,0.9984059511158342,0,2.9224376064671813,0,1,289,1,2023.0,1.0
60,2,49782,60,4307,1,3,3,2,0,2,1.0,1,2.330706445916144,0,3,4,0,,
48,0,21391,57,732,2,0,0,2,2,0,2.0,0,4.845078185626429,3,3,180,0,,
53,1,21780,67,2457,0,4,0,1,2,0,0.9984059511158342,1,1.984338326234368,2,2,161,1,,
39,1,87913,73,435,0,2,0,3,0,2,0.9984059511158342,0,3.248411993235077,2,2,38,0,,
62,0,108495,74,3769,4,2,0,3,1,1,1.0,1,3.240725705081257,0,0,259,1,,
61,1,89831,85,3842,3,4,4,3,2,1,2.0,1,2.688822975075435,0,2,271,0,2023.0,1.0
55,0,77987,74,2940,3,0,2,2,2,1,1.0,2,4.389605835460343,2,3,122,0,,
44,2,73444,61,718,0,0,1,1,1,0,2.0,0,3.470545040731456,3,3,68,0,,
30,1,102543,20,4418,2,1,2,0,3,1,1.0,1,4.468190425442446,1,0,161,1,,
34,1,94176,76,2112,2,1,4,4,2,1,0.0,0,1.7829009315611215,1,2,35,1,2023.0,1.0
47,1,69725,73,4910,4,0,3,0,2,2,2.0,2,1.8098130559596448,1,1,108,1,,
43,0,29001,83,3640,1,4,4,3,2,2,0.9984059511158342,0,3.3932636356102583,1,1,128,1,,
66,0,41825,93,4643,4,3,0,3,2,1,1.0,2,1.10209721031869,0,3,14,1,2023.0,1.0
24,2,106067,45,3307,1,0,4,2,0,2,0.0,2,3.217018804419917,0,1,91,1,,
45,0,99397,63,2966,3,1,4,4,1,1,0.9984059511158342,1,1.9719490961050825,2,1,77,1,2023.0,1.0
45,0,55950,98,3653,4,1,1,3,3,0,2.0,0,2.268339321940036,0,3,130,0,,
66,1,87396,37,1389,3,4,0,3,2,0,1.0,0,4.843449971584933,3,1,237,0,,
65,0,30995,13,2427,2,2,1,0,2,1,0.0,1,3.3430037549104217,2,3,227,1,2023.0,1.0
34,1,69485,10,426,2,4,1,1,3,0,0.9984059511158342,2,4.44526809582219,1,2,12,1,,
37,0,110045,79,4123,4,1,3,2,3,0,0.9984059511158342,1,3.405541500417691,1,2,186,1,2023.0,1.0
45,0,87264,5,581,4,0,2,1,2,0,0.0,0,3.3223027028376158,2,1,254,1,,
51,1,24722,2,1842,4,3,3,3,2,0,2.0,0,2.376287343999457,0,2,260,1,2023.0,1.0
36,2,53545,62,2411,0,4,0,0,0,0,0.0,2,3.841199096540013,2,3,38,0,,
42,0,90949,41,3019,3,4,0,0,2,0,0.9984059511158342,1,4.594314733226478,3,3,251,0,,
29,1,114799,24,339,1,2,1,3,0,0,0.0,0,1.636834914465958,3,0,102,1,,
36,0,62719,26,1031,2,2,2,2,2,1,2.0,1,2.7765331367416293,2,1,110,0,,
60,1,106602,98,1580,4,2,2,4,0,0,0.9984059511158342,1,4.972224437472461,3,2,258,1,2023.0,1.0
21,0,93511,67,2964,2,2,0,2,3,2,0.9984059511158342,1,3.5185252432499934,3,2,29,1,2023.0,1.0
48,1,64876,77,926,4,2,0,1,0,0,1.0,1,3.604664235707332,3,3,37,1,,
42,0,71801,68,2706,1,4,2,3,3,2,1.0,0,2.631830008444647,0,3,157,1,,
46,1,90394,97,1147,1,1,1,2,0,2,2.0,1,3.107510549646096,3,3,5,1,,
52,0,52747,74,2038,4,0,4,2,1,2,2.0,1,1.565008409278656,1,3,297,0,,
62,1,32661,10,4210,4,0,0,3,1,2,0.0,2,3.1236833075614574,2,2,158,0,2023.0,1.0
56,1,79819,32,1692,1,3,4,2,0,1,1.0,1,2.6632503172908546,1,3,285,1,2023.0,1.0
41,0,107938,26,2142,4,1,0,0,1,2,0.9984059511158342,2,1.4394728523970226,1,2,243,0,,
43,1,48768,11,3430,1,3,0,3,3,1,1.0,1,1.1057550930523483,3,2,43,1,,
67,0,32150,17,1015,3,0,0,2,0,1,2.0,0,4.814182803299156,1,3,6,0,,
57,0,68807,57,3854,0,4,4,4,2,1,2.0,1,3.0469776677739984,1,3,4,1,2023.0,1.0
57,2,88811,95,1223,4,1,3,3,0,0,2.0,0,1.3194798994129862,1,2,109,1,,
69,1,36995,48,522,1,1,3,3,0,0,2.0,0,4.259779293291997,0,2,82,0,,
41,1,96120,62,4047,3,3,1,2,3,1,1.0,0,3.6396080734243705,2,1,268,1,,
69,0,21995,92,2558,0,0,1,3,2,2,1.0,1,2.2496887072968126,3,3,100,0,,
38,1,106134,65,2526,1,2,0,2,0,0,2.0,2,3.839653198025556,3,0,128,0,2023.0,1.0
54,2,93686,56,372,2,3,4,2,1,2,0.9984059511158342,0,3.006270453382755,2,0,243,0,,
38,2,69004,48,725,1,3,2,4,2,0,0.9984059511158342,2,1.4124232372891483,1,1,16,1,,
50,1,90051,48,1547,0,2,3,2,0,0,0.0,0,4.6000326779572,3,2,187,0,2023.0,1.0
64,0,76238,53,4144,0,0,2,3,0,2,0.9984059511158342,0,1.1470616136966658,3,2,251,0,2023.0,1.0
56,2,42024,70,3561,3,0,0,4,2,0,0.9984059511158342,2,3.390655167330761,2,1,107,0,,
49,0,66104,25,1298,4,0,1,2,2,0,0.9984059511158342,1,3.0944691499376478,2,2,97,1,,
24,0,26574,61,3675,4,0,4,2,2,1,1.0,0,2.6117025783033525,0,1,121,0,,
21,0,106348,9,2794,4,4,2,0,1,2,0.0,0,4.977974390863742,2,1,268,0,2023.0,1.0
39,0,115208,77,4468,2,1,4,2,3,0,2.0,0,3.103609229911728,3,2,241,1,,
45,2,91200,32,364,3,2,1,0,3,0,0.0,2,3.0416060619566974,0,2,51,0,,
62,1,78792,78,2478,1,2,4,0,0,1,1.0,2,3.5071392499066425,2,0,133,0,,
69,2,73546,53,4783,1,1,0,3,3,2,1.0,2,4.660449053412874,3,1,289,0,2023.0,1.0
43,1,106612,87,1660,0,4,1,4,0,0,2.0,1,3.101959799252315,1,2,4,1,,
41,0,82085,18,2528,1,1,3,0,1,0,2.0,2,1.7039359964157716,0,1,236,1,,
64,0,62464,40,1235,2,3,1,4,0,2,1.0,2,4.632940641189824,0,2,18,0,,
20,1,39748,69,2274,4,0,2,3,2,2,0.0,2,4.201987890830752,3,0,269,0,2023.0,1.0
23,2,60818,95,2552,1,0,3,1,1,2,0.9984059511158342,2,2.331876433563892,3,0,243,0,,
48,1,119502,5,1516,3,0,3,0,2,0,0.9984059511158342,0,2.947813720558534,1,2,261,1,2023.0,1.0
38,0,109787,82,115,1,4,1,0,2,2,0.9984059511158342,0,4.2972081770532,1,3,45,0,,
46,2,39422,21,2475,4,3,3,4,0,0,2.0,1,1.2125252508752111,1,1,154,1,,
58,2,78097,65,712,3,0,2,3,3,2,1.0,1,2.4139274896032856,3,1,167,0,,
38,1,22994,57,4658,3,1,1,2,1,0,1.0,0,4.6737352919812105,1,1,13,0,,
53,0,111715,56,4605,0,4,3,4,3,1,0.0,2,4.115299854011641,0,3,122,1,,
58,1,81606,18,2421,2,1,2,4,2,0,0.9984059511158342,2,2.2251516608978066,1,3,95,0,,
47,0,48371,66,3428,1,3,0,4,1,2,2.0,2,3.1026753642528675,0,1,188,1,,
38,1,90467,31,3045,3,0,4,4,1,1,2.0,2,1.360129180770048,0,2,160,1,,
68,0,30529,99,2132,3,3,3,0,3,2,2.0,2,3.8934571644032703,1,2,69,1,,
31,1,22015,86,1102,1,4,3,1,0,0,0.9984059511158342,1,1.6486675130665276,3,1,112,0,,
52,0,32780,52,2363,4,0,1,3,1,0,0.0,2,2.286791478787068,1,0,159,1,,
36,0,42161,45,356,2,2,2,3,2,0,1.0,0,3.820730017895103,1,3,29,1,,
18,2,34325,71,3161,4,1,4,2,2,0,2.0,0,1.7445726903097103,3,3,137,1,2023.0,1.0
49,1,86793,14,3286,3,2,2,3,1,0,2.0,0,4.07226106166713,3,1,44,1,,
19,0,59218,15,3426,3,1,3,4,0,2,0.9984059511158342,2,1.507940035421278,2,2,294,1,,
21,1,107695,88,771,0,1,4,4,2,1,0.0,2,4.718740650859157,0,3,269,0,,
54,1,47425,85,4872,0,1,0,3,2,0,2.0,2,2.374200077675705,0,0,23,0,,
65,0,38105,33,3729,2,0,0,4,2,1,0.9984059511158342,1,4.366036123220895,1,3,101,0,,
37,0,33580,26,671,1,4,4,1,3,1,0.0,2,3.354756046230008,3,0,44,1,2023.0,1.0
22,2,35732,75,4332,0,3,2,0,2,2,1.0,2,2.4149048563957702,2,0,220,1,,
22,1,95569,57,1980,2,3,4,2,1,0,1.0,2,4.717615302043628,1,2,231,1,,
41,0,93401,15,3022,4,2,1,2,0,0,0.0,1,1.945403551535408,1,1,195,1,,
54,1,45362,10,2952,1,0,2,2,2,2,1.0,2,4.815660177363622,0,3,158,1,,
22,1,75031,72,3402,4,3,0,3,2,0,1.0,2,4.797557168722861,1,3,63,0,,
47,0,77732,33,3924,2,1,1,4,1,2,0.9984059511158342,1,2.169673821755403,3,1,77,0,,
34,1,40684,21,567,4,3,4,0,2,1,0.9984059511158342,1,1.3128151995090538,3,1,156,1,,
66,1,30973,28,2095,3,3,1,4,2,1,0.9984059511158342,1,4.563307628390515,3,2,160,1,2023.0,1.0
37,0,23883,83,4376,4,3,0,2,1,0,0.9984059511158342,0,1.1449484989192027,0,3,38,1,,
20,1,69713,33,3622,0,0,3,3,1,2,0.9984059511158342,0,3.136961049359555,1,2,78,1,,
55,0,32288,79,1976,3,4,0,1,1,2,2.0,2,2.01795238333595,3,0,6,1,,
45,0,99703,68,1404,3,3,4,4,2,1,0.9984059511158342,1,2.412240703601049,2,0,261,0,,
41,1,71468,55,2449,4,3,1,1,1,2,1.0,1,3.0162029127123,2,1,122,0,,
41,2,65028,20,2619,3,1,4,0,1,2,2.0,0,2.23849391975852,2,1,157,0,2023.0,1.0
42,2,30386,90,1721,4,1,3,1,0,2,0.0,2,1.5451327564560051,0,1,51,0,,
50,1,65971,4,2627,0,0,0,2,0,2,0.0,1,3.777243520134384,1,1,247,1,2023.0,1.0
67,2,52599,30,1438,3,3,2,4,1,0,0.9984059511158342,1,1.3637366840758682,0,3,213,1,,
61,0,46398,98,4299,2,0,4,1,1,2,2.0,2,1.642676595021478,1,1,244,0,,
52,0,116324,86,2723,3,2,3,2,1,0,0.0,1,3.453120969355706,3,1,73,1,,
19,0,82537,99,333,3,3,0,3,0,2,0.9984059511158342,0,4.689245439661632,3,1,212,0,2023.0,1.0
52,1,35052,84,3490,0,3,1,0,1,1,0.0,2,3.93263813137674,0,2,95,1,2023.0,1.0
60,1,71331,58,284,4,0,2,1,1,0,0.9984059511158342,1,3.012063023389741,3,0,75,0,,
41,1,99834,23,795,3,3,2,0,0,2,1.0,1,1.5783703918421377,0,1,287,0,2023.0,1.0
51,0,72882,72,1844,0,3,3,2,2,0,2.0,2,4.56370435670885,1,0,200,1,2023.0,1.0
36,0,96256,74,3901,1,2,2,1,0,0,2.0,0,1.1853412167034372,1,1,53,0,2023.0,1.0
50,0,42191,16,3639,1,3,2,3,0,2,2.0,1,4.393286686047107,1,0,46,0,,
21,0,93631,22,2934,3,0,2,2,1,0,0.9984059511158342,2,2.3607496106601817,0,1,249,1,,
55,0,79949,98,3249,2,4,1,4,0,1,0.9984059511158342,2,2.554488484684288,1,1,154,0,2023.0,1.0
56,1,38157,10,4158,4,1,3,1,1,2,0.9984059511158342,0,4.854976332435438,1,3,116,1,,
53,2,113419,93,2247,1,3,1,0,3,1,1.0,2,4.713836705721775,2,2,79,0,2023.0,1.0
24,0,67113,59,1344,0,2,1,2,1,0,2.0,2,2.0773797319687306,3,0,81,1,,
47,2,60910,34,3229,4,1,2,3,1,2,1.0,1,1.432689673002105,1,2,1,1,,
58,1,39689,59,1577,3,1,0,2,2,2,1.0,1,2.2442107639067084,1,1,85,0,2023.0,1.0
23,1,113616,1,3484,2,2,4,2,2,2,1.0,0,2.225631880378346,2,2,234,1,,
20,1,96439,72,261,4,0,3,3,1,0,0.0,1,1.646733298768777,1,1,27,0,,
22,0,108051,75,1448,0,3,0,2,2,2,1.0,0,3.435042080122847,1,1,208,0,,
38,1,92666,53,170,3,4,2,1,3,0,2.0,0,4.306251187778663,1,1,202,1,2023.0,1.0
26,2,90423,73,3609,0,2,3,4,1,1,2.0,1,4.4445684765905575,3,3,30,1,,
25,1,64772,81,4371,3,3,1,0,2,2,0.9984059511158342,0,3.611172558248663,0,0,221,0,,
61,1,57132,41,2382,4,4,2,2,2,0,1.0,1,3.65835210717579,1,1,2,1,,
67,0,47621,47,3011,2,1,1,2,2,0,2.0,2,3.1673595655161093,3,0,222,1,,
37,0,24597,80,2798,3,3,2,1,1,1,0.9984059511158342,2,4.580190183187083,1,3,131,1,2023.0,1.0
46,1,36630,44,3181,1,1,4,1,1,2,1.0,0,2.8915505523938534,1,2,12,0,,
69,2,95312,84,2771,4,2,2,4,2,1,2.0,2,4.153287003020436,0,3,44,1,,
56,2,47115,36,4866,2,0,2,4,3,1,1.0,2,2.604505177306274,0,3,3,0,,
42,0,44544,47,4704,3,2,4,0,1,2,1.0,0,1.4574519349381974,3,2,45,0,,
66,2,98678,18,534,3,2,1,2,0,2,2.0,1,4.466266235421625,2,2,232,0,,
53,1,82502,99,4135,2,0,4,1,0,2,2.0,0,4.549177428688827,2,3,162,1,,
67,0,109520,99,4609,3,0,0,2,0,2,0.9984059511158342,0,1.997057758072546,3,3,293,0,,
67,2,116707,61,3697,3,0,4,3,3,2,2.0,0,3.832824332295512,2,3,28,0,,
53,1,72587,31,3446,1,2,3,2,0,0,0.9984059511158342,1,4.666798328413157,0,2,277,1,,
18,1,51017,8,4843,4,3,2,0,0,2,1.0,2,3.126561006208577,3,2,253,1,,
62,2,104258,89,1772,1,4,4,3,3,0,1.0,0,2.750890690135078,3,3,17,1,,
46,1,20493,35,3336,1,3,0,1,3,2,0.0,0,3.515359389070867,3,1,187,1,,
22,1,41113,87,242,0,3,4,0,3,2,1.0,2,3.322676584887012,0,2,187,1,2023.0,1.0
36,0,62628,83,1914,0,1,1,1,0,1,1.0,0,3.872821895902238,1,2,191,1,,
41,1,59028,80,254,3,4,2,3,3,0,2.0,1,1.9026379869226455,1,3,47,0,,
23,0,96695,86,3290,2,0,0,0,3,0,1.0,0,2.156632860309715,3,2,38,1,,
34,0,87573,84,983,2,3,2,2,1,1,1.0,1,2.6496149507826035,3,0,195,0,2023.0,1.0
35,2,107081,66,3173,1,2,3,4,0,2,0.9984059511158342,2,3.745955628790124,1,1,3,0,2023.0,1.0
43,2,94191,53,1772,3,3,0,1,3,2,2.0,1,4.963527864094512,1,0,190,0,,
33,2,30588,18,1622,3,1,4,0,3,0,2.0,0,1.9070674734213344,3,0,175,1,2023.0,1.0
37,1,20255,61,243,1,3,2,3,2,0,0.0,2,2.1559577824381755,2,1,283,0,2023.0,1.0
39,1,53431,47,4487,4,4,3,2,1,2,0.0,2,1.1118561886952851,0,3,198,1,,
34,2,35467,32,3581,1,4,3,1,1,1,2.0,2,1.816508851014329,2,1,8,0,,
40,0,68432,24,3793,4,0,1,4,1,2,0.0,1,1.6789830676945954,1,2,243,0,,
57,1,115025,81,2938,0,4,1,4,2,1,2.0,2,3.295929316466242,3,1,123,1,,
24,1,82598,51,3271,0,1,2,0,3,1,0.0,0,2.309042835064564,0,2,158,0,,
20,0,28007,65,2744,2,1,3,4,3,0,0.9984059511158342,0,1.9309505165879852,2,2,184,0,2023.0,1.0
47,2,73609,60,360,3,0,4,3,2,0,0.0,0,2.532267358770776,3,0,275,1,,
24,2,93391,93,522,4,4,2,3,3,2,2.0,1,1.367276836186424,1,1,287,0,,
18,2,62503,50,2206,3,0,0,3,2,2,0.0,2,3.793960423355976,3,3,62,0,,
65,1,35957,32,4934,4,1,3,3,1,0,0.0,0,4.671106985373811,3,0,146,0,,
30,1,49992,10,2616,0,0,0,4,1,0,0.9984059511158342,2,2.7164331315566272,0,2,158,0,,
40,2,53741,52,4372,2,4,4,3,0,1,1.0,1,3.686441805391606,0,1,281,0,2023.0,1.0
51,2,25974,33,887,1,1,0,2,0,1,1.0,0,1.318008317587398,0,3,226,0,,
19,2,25239,77,4239,2,0,2,3,0,0,0.9984059511158342,1,4.261774075152723,0,3,17,0,2023.0,1.0
31,1,84170,28,1837,1,2,4,1,3,0,2.0,1,2.1779248831663724,2,3,213,1,2023.0,1.0
69,1,96762,5,2845,0,2,3,4,2,0,2.0,0,1.310785331529264,0,0,272,1,,
60,0,108552,20,1996,3,4,0,0,2,1,0.9984059511158342,1,2.203980023350525,3,2,201,0,,
64,1,43946,66,1261,0,4,0,2,3,2,0.0,0,4.023400950127747,2,0,296,0,2023.0,1.0
37,0,83985,99,4842,3,2,2,4,2,0,0.0,0,3.1075913269782056,0,1,194,0,2023.0,1.0
40,1,25206,46,1273,4,4,4,0,2,2,1.0,0,1.6539812266847478,2,1,207,0,,
67,2,103446,77,4630,2,4,2,1,2,0,1.0,2,4.327282888006605,3,1,87,1,,
19,2,34780,3,2363,2,4,1,2,1,0,2.0,1,2.3974864727841987,3,1,46,0,,
35,1,111556,56,3987,3,1,4,2,2,2,2.0,0,2.630427732267193,1,2,251,1,2023.0,1.0
64,1,119599,7,849,3,2,2,0,1,0,0.0,2,4.0859432945950775,0,2,23,0,2023.0,1.0
30,0,94647,41,4119,0,4,2,1,3,2,1.0,0,4.850126753978529,1,0,127,1,,
26,1,97256,29,4466,0,1,4,2,1,1,0.0,0,4.807673089736218,3,3,28,0,2023.0,1.0
34,2,76965,86,302,0,0,0,3,3,2,0.0,0,3.9226904578796127,2,1,65,0,,
66,2,110596,36,1356,0,3,2,1,2,2,0.9984059511158342,2,2.5708392427888445,2,3,36,1,,
64,0,74165,75,3761,0,3,3,2,1,0,0.0,0,1.8944537549158973,0,2,36,1,2023.0,1.0
22,0,71529,89,4964,0,4,4,4,1,1,1.0,2,3.796143401912755,0,3,147,1,2023.0,1.0
62,0,76947,12,1234,0,0,3,2,1,2,2.0,0,2.104306538433789,2,1,166,0,,
64,1,62678,79,222,3,0,1,2,0,0,0.0,2,2.253985480439121,0,2,171,0,,
19,0,50436,54,3652,3,4,4,1,2,0,0.9984059511158342,2,4.302210495408014,0,1,95,0,,
47,0,119777,96,1676,2,1,4,1,0,0,2.0,1,3.4414413991594954,2,3,233,1,,
33,0,64134,35,4044,4,3,1,3,0,0,0.0,2,3.3892081927061684,2,1,152,1,,
33,1,58893,70,985,1,3,2,2,0,2,0.9984059511158342,0,3.000978416734588,0,1,244,0,,
60,0,106120,63,1387,4,4,4,0,3,0,0.9984059511158342,2,4.711234627824057,3,3,250,0,,
22,2,81365,91,1682,4,3,3,4,1,2,1.0,0,2.994905079071289,0,1,11,0,,
20,0,65097,41,2033,1,4,2,0,0,2,0.9984059511158342,1,2.181777062294055,3,0,263,1,,
44,0,87619,85,4202,0,2,2,1,3,0,0.0,2,3.5935376760016813,2,3,189,0,,
58,1,109025,75,4754,1,4,1,2,0,1,2.0,0,4.371427785109839,1,0,202,1,2023.0,1.0
42,1,23339,87,1174,0,4,0,4,1,0,1.0,0,2.8963946574755224,3,3,179,0,,
47,0,58886,14,928,4,1,2,4,1,2,0.0,1,2.5920798752193406,1,3,231,0,,
30,0,90572,29,2940,3,1,4,4,2,1,0.9984059511158342,0,2.5704779173690824,0,0,135,0,,
41,0,44686,25,3065,1,3,4,4,0,2,2.0,1,1.2190555749273115,0,0,200,0,,
62,0,87445,63,2347,2,1,4,1,0,0,0.0,2,2.0632280276331283,3,1,212,0,2023.0,1.0
26,0,51969,4,871,1,2,1,2,3,0,0.9984059511158342,0,4.091175253518237,0,1,278,1,2023.0,1.0
50,0,112545,16,3538,3,0,0,3,2,1,1.0,0,3.877309602404685,3,1,85,0,,
68,1,53746,46,4485,2,1,3,0,3,0,0.9984059511158342,2,4.5517750438039695,0,2,32,1,,
18,1,104153,4,3505,4,1,1,4,3,2,2.0,1,4.499185173795629,0,0,157,0,,
32,1,35439,81,4761,1,1,3,1,3,2,0.0,2,1.8879970974043845,2,3,151,1,,
25,0,49265,40,804,1,0,2,2,3,1,1.0,0,3.5341759996308277,1,0,63,0,2023.0,1.0
50,0,70298,50,4017,2,0,1,1,0,0,1.0,0,4.63165128850346,0,3,115,0,,
39,0,21832,50,1625,4,4,3,1,2,2,0.0,1,1.6457333380864942,0,3,83,0,,
47,0,104326,65,1802,3,1,4,1,3,0,0.0,0,1.9721126569571117,1,1,73,1,,
45,1,86433,73,999,1,4,1,4,2,2,0.9984059511158342,1,2.207260823839997,3,3,145,0,2023.0,1.0
40,0,74176,8,1244,1,1,4,1,3,0,2.0,2,3.419429328676993,1,2,298,0,2023.0,1.0
21,0,87850,34,143,0,1,1,0,0,0,0.0,2,2.793250044944615,1,0,220,1,2023.0,1.0
25,0,112508,67,3613,4,1,4,3,0,2,0.9984059511158342,1,1.970863746790783,3,2,37,1,2023.0,1.0
43,1,32834,20,3336,3,0,3,0,1,2,0.0,0,2.483166320713052,3,2,210,1,,
28,0,44281,72,1654,1,0,1,1,0,1,1.0,1,1.929233627545945,2,1,111,0,2023.0,1.0
52,0,70969,15,518,1,4,3,4,2,0,2.0,2,2.1832876659635967,1,2,184,0,2023.0,1.0
31,2,24123,95,1152,0,3,2,0,0,0,0.0,2,1.0656469030830693,3,3,47,0,,
55,0,99781,74,1950,1,0,2,1,3,2,0.9984059511158342,2,2.2915447202881816,1,2,195,1,,
54,0,40202,59,4236,1,4,3,1,1,2,0.9984059511158342,2,3.479767492806671,3,3,138,1,,
45,1,110447,90,1853,0,4,0,2,3,2,1.0,1,4.354676478571026,2,3,166,0,,
68,0,72802,59,1704,4,4,2,1,1,2,0.0,2,4.97777600260728,1,3,256,0,2023.0,1.0
60,0,40448,43,3273,0,1,0,2,3,1,0.0,1,4.998002696838741,3,1,78,1,2023.0,1.0
54,0,28328,55,3141,0,3,3,0,2,2,0.0,0,1.7147638006611174,3,0,76,0,,
63,0,27960,31,3687,1,3,1,0,3,2,1.0,0,3.367708523749809,1,1,151,0,,
67,1,28521,33,3207,4,0,3,4,0,1,1.0,2,1.3890094376371818,1,2,262,1,,
25,1,63923,53,3879,0,0,2,1,2,0,1.0,2,3.711577317455337,2,2,89,0,,
41,2,86266,38,4074,2,0,3,2,3,0,1.0,0,3.839725517731283,0,3,185,1,,
28,0,38961,63,4861,4,0,2,3,1,2,1.0,2,4.131635894850583,3,3,298,1,,
33,2,47387,68,578,1,1,1,1,2,2,2.0,2,2.457432330027272,0,3,137,1,,
27,1,105669,29,2128,2,4,0,0,3,2,2.0,2,1.5737353431926184,3,0,74,0,,
26,0,117552,86,1599,4,0,1,4,2,0,0.0,0,2.6196530539244924,0,1,289,1,,
49,0,107238,48,967,1,0,0,0,3,2,0.9984059511158342,2,1.7257887889978618,3,1,166,0,,
21,2,89837,39,3633,2,4,4,2,1,2,0.0,0,4.564285918626702,2,2,33,0,2023.0,1.0
42,1,90729,49,1088,4,2,1,0,2,0,1.0,2,1.6584270847928706,2,2,94,0,,
46,1,51923,90,3766,2,4,3,2,2,0,2.0,0,1.8616176338705293,3,1,7,0,,
31,2,105481,39,2734,4,4,2,3,0,0,0.0,1,1.6914422325540608,0,0,106,0,,
28,2,91975,3,3476,1,2,1,1,1,2,0.0,2,3.5092126145235603,2,1,96,0,,
42,1,66716,7,2658,0,3,3,0,2,2,0.0,1,1.6580014435394248,1,1,223,0,2023.0,1.0
44,2,105848,53,1897,3,3,2,0,2,0,1.0,0,3.009028112227301,3,0,215,0,2023.0,1.0
29,0,89284,81,4755,1,4,0,0,1,0,0.0,2,3.687397733434784,0,2,230,0,,
65,0,25967,59,2963,0,0,4,2,3,1,2.0,0,3.33360831760452,0,3,216,1,,
41,0,112026,48,4048,0,1,1,2,3,0,0.9984059511158342,2,1.2419545180668208,3,2,239,1,,
60,0,52500,37,3536,0,1,1,0,2,0,0.0,1,2.306455627142846,0,1,208,0,,
38,2,23338,24,3391,1,3,3,4,0,1,2.0,1,2.9516948766455777,2,1,65,0,,
36,0,87384,8,129,4,1,1,1,2,0,0.0,0,4.8917565124496,1,1,112,1,,
56,2,86720,6,3558,4,2,1,4,3,1,0.9984059511158342,1,4.191152545430386,2,2,204,0,2023.0,1.0
68,0,33406,78,1537,0,2,1,4,1,1,1.0,1,2.5930951660417008,2,1,4,1,2023.0,1.0
28,1,58735,17,3064,2,0,4,2,1,2,2.0,0,1.3536187756285054,1,0,76,0,,
30,1,36267,56,2130,0,3,0,3,2,0,1.0,2,2.80241940804986,0,0,58,1,,
60,2,79119,12,3252,3,1,0,2,0,1,0.9984059511158342,0,3.827510034963361,3,1,71,1,,
42,0,89110,57,131,4,1,3,2,2,2,0.9984059511158342,1,2.943960592786185,3,0,150,0,2023.0,1.0
68,2,58255,81,1450,0,0,3,3,2,1,0.0,0,2.9556393822849154,1,2,1,0,,
61,2,114527,28,2349,3,4,4,0,1,1,0.0,0,4.146375269459993,0,3,148,1,,
54,1,41942,37,2839,4,4,0,0,2,1,2.0,1,1.90661049638684,2,3,34,0,,
25,0,54607,52,3159,4,4,0,2,2,0,0.9984059511158342,2,4.616197909753625,3,1,151,1,,
64,1,63094,5,3244,2,2,2,4,2,0,0.9984059511158342,0,4.072757248429934,3,1,70,1,,
63,1,21843,50,1864,3,3,1,2,1,0,0.9984059511158342,1,3.5135114909872223,2,2,185,1,,
32,2,61679,50,4190,4,2,4,1,2,2,1.0,2,4.300462706626602,0,3,84,1,,
52,0,39116,15,1048,0,3,2,3,0,2,2.0,1,4.6285519030744044,3,1,100,0,,
61,1,97007,96,439,2,3,0,0,2,0,0.9984059511158342,2,4.019586143264309,1,0,177,0,,
44,0,67655,36,3562,3,0,1,3,3,0,1.0,2,1.0534834481617086,3,1,78,0,,
50,0,75184,58,4299,2,0,0,2,3,2,1.0,2,1.0934792091376928,3,1,229,1,,
54,1,48810,87,1958,4,3,1,1,0,0,0.0,2,1.6256879154441952,1,1,39,0,,
57,1,95675,36,698,0,3,4,1,0,1,1.0,1,1.422692335041107,1,0,194,1,,
65,2,89310,92,457,0,2,2,4,3,2,0.0,1,2.61007931594174,1,0,222,1,,
55,0,106129,24,1819,0,1,3,1,2,2,1.0,0,3.633051491038779,1,3,186,0,,
50,0,39623,27,2548,4,2,3,1,2,0,0.9984059511158342,2,3.809225907755945,2,0,12,0,,
24,0,23598,65,3938,1,4,0,4,2,0,0.0,2,2.913042911812384,0,2,208,1,,
64,0,41395,4,1193,1,2,4,2,3,2,1.0,1,1.4267091853370264,1,2,258,1,,
57,1,75261,77,1668,4,1,3,1,0,2,0.9984059511158342,0,1.9483764131800485,1,2,139,0,,
49,2,32109,82,2312,1,3,0,0,2,0,0.0,2,4.751932433546687,3,0,114,1,,
41,1,37868,66,3809,2,0,4,4,0,0,2.0,2,4.752617357099416,0,1,108,0,,
69,0,37997,93,4191,1,1,3,0,1,0,1.0,0,3.826085854397164,1,0,194,0,,
45,2,31268,36,704,3,4,3,1,3,2,1.0,2,4.988772156937779,1,1,34,0,2023.0,1.0
31,0,30567,74,3952,1,1,1,2,3,0,2.0,2,4.973370789204477,2,3,6,0,2023.0,1.0
43,0,92725,67,3503,0,2,1,1,1,1,0.9984059511158342,2,1.2047530037240717,0,2,69,1,2023.0,1.0
34,0,47584,26,3968,0,0,0,2,0,2,0.0,0,4.667327009449875,1,1,11,1,2023.0,1.0
56,2,115899,55,142,4,1,0,4,2,0,2.0,1,3.8162310035075735,2,2,96,0,,
64,1,75381,57,4987,0,0,0,0,3,2,0.9984059511158342,1,1.857163003180979,3,1,101,1,,
65,2,86957,14,2906,2,0,1,3,2,0,2.0,2,3.819954670937129,3,0,234,1,2023.0,1.0
31,2,45816,54,2201,3,1,3,0,1,1,1.0,1,1.4795061110006014,3,1,15,0,,
31,0,98563,39,3415,2,1,4,1,1,0,0.0,0,4.321053376395801,0,3,288,0,,
35,0,31218,40,3627,4,3,2,2,3,2,0.0,2,4.205588118081259,0,3,279,1,,
32,0,88344,72,2057,1,2,4,3,0,0,0.9984059511158342,1,2.4616166504287964,2,0,278,1,,
61,0,98824,49,2140,4,2,3,4,0,1,2.0,1,1.6211597493551797,0,2,244,0,2023.0,1.0
22,0,111273,62,403,1,2,4,3,3,1,2.0,2,1.745926396962172,2,2,43,0,,
50,1,36650,39,3728,2,4,3,3,3,1,1.0,1,4.117677976833393,1,2,138,1,,
26,2,74078,17,3639,0,4,1,3,2,0,0.9984059511158342,1,4.544712547303956,0,1,228,0,,
55,1,60239,19,1076,2,4,2,4,0,0,0.9984059511158342,0,2.7363712303248824,1,0,287,0,,
49,0,102256,79,2164,3,2,3,3,0,1,0.9984059511158342,1,1.498978965388326,2,2,141,1,,
30,1,38895,14,304,3,3,2,2,0,0,0.0,0,2.0266669786946268,1,1,122,1,,
38,1,54227,2,1403,1,3,0,0,0,0,0.0,2,3.607415601317902,2,2,18,1,,
59,1,21408,9,3298,2,0,1,4,1,2,1.0,2,1.271989075797897,1,3,297,1,,
25,0,77944,3,3937,0,2,3,1,2,2,0.9984059511158342,1,2.2311155478026685,1,2,230,0,,
54,1,82457,95,3839,1,1,0,3,2,2,2.0,2,4.526287943773833,0,0,270,1,,
67,0,108090,14,4626,3,3,1,1,0,1,2.0,1,2.538521087502552,2,3,94,1,,
33,1,74708,92,4118,4,3,2,4,3,2,0.9984059511158342,2,2.606251683197859,2,0,232,0,2023.0,1.0
30,1,69088,68,548,3,2,2,4,2,0,2.0,0,1.905218218434345,3,2,195,0,,
45,2,76125,4,3618,0,0,2,1,2,0,0.9984059511158342,2,2.4915640133782566,3,3,149,1,,
64,1,71616,47,3046,1,3,3,4,0,2,0.9984059511158342,0,1.001283308343604,0,2,102,1,,
51,1,91033,82,807,4,2,2,1,3,2,1.0,2,2.1616530418838047,0,1,107,0,2023.0,1.0
39,2,79030,95,1789,2,2,0,0,2,2,0.9984059511158342,2,2.552362448801632,0,2,197,1,2023.0,1.0
67,1,50383,17,4002,3,1,4,3,0,1,2.0,0,1.1171832522530551,2,2,35,1,,
32,2,49754,15,804,1,1,1,1,3,0,2.0,1,1.4198214423063198,2,3,176,1,2023.0,1.0
39,2,96882,97,3875,4,3,4,0,0,0,1.0,2,2.750125506335703,3,0,18,0,2023.0,1.0
41,0,68624,5,4945,2,3,3,4,1,1,0.9984059511158342,0,1.2059192227721396,2,0,71,1,,
33,1,94716,48,288,3,0,0,2,2,1,0.9984059511158342,1,1.4920394383499742,0,2,11,0,,
31,0,35909,19,2866,3,0,3,1,3,2,1.0,0,3.603274866441013,2,2,245,1,,
42,1,63626,3,819,3,3,2,1,0,0,0.9984059511158342,1,2.1891748958609387,3,0,156,0,,
21,1,91303,91,546,3,3,0,0,0,0,1.0,2,2.920504826302706,2,2,240,1,,
22,0,24023,7,4744,0,3,0,4,0,0,0.0,0,4.105385533006637,0,1,261,1,,
19,0,110575,2,1832,4,2,1,2,3,0,0.0,1,1.3036601392981475,0,2,166,1,2023.0,1.0
34,0,22243,66,319,4,0,3,0,2,0,1.0,0,4.61203708846096,1,1,168,1,2023.0,1.0
22,1,79875,43,3381,0,0,4,4,0,1,1.0,1,1.3501778579473065,2,1,268,0,,
64,2,31025,73,2500,4,3,2,4,3,0,1.0,1,3.0932773940077354,0,0,171,1,,
64,0,45714,66,365,2,3,4,3,0,1,2.0,2,3.1908285092297795,3,0,58,0,,
56,0,84471,91,2010,2,0,4,0,2,0,2.0,1,2.786708474881228,0,0,18,0,2023.0,1.0
33,1,83690,1,3060,0,3,2,2,1,0,2.0,2,1.9909964196880288,0,0,197,0,2023.0,1.0
52,2,47632,19,3654,4,0,4,4,3,2,0.0,0,1.1703370483753393,0,2,183,0,,
24,0,68692,18,2029,4,1,4,2,1,1,0.9984059511158342,0,3.3603648746932744,2,0,206,0,,
32,1,82648,15,3577,0,2,3,2,2,1,2.0,0,4.863015898309053,2,3,208,1,,
43,1,70908,72,2016,0,4,1,3,2,0,0.9984059511158342,0,1.900943097258177,3,0,149,0,,
44,0,37110,80,3052,2,2,0,2,0,2,2.0,0,2.1523452566522843,0,2,211,1,,
32,0,21919,5,2077,4,0,0,0,2,1,2.0,1,2.956515189246058,3,2,263,0,2023.0,1.0
36,1,113542,40,531,1,4,2,0,1,0,0.9984059511158342,0,3.973185542330398,1,1,137,0,,
55,0,103700,94,4951,0,2,4,4,3,2,0.0,0,2.59139444983677,0,0,18,1,,
59,0,71052,47,4341,0,1,3,1,0,1,2.0,0,4.037429875554887,1,0,62,1,,
20,1,111937,32,3519,1,3,2,2,0,1,2.0,1,2.388560827513872,3,2,103,0,,
39,1,92943,54,4780,0,1,1,4,2,0,1.0,2,3.7811127109991216,1,0,224,0,2023.0,1.0
57,1,56527,30,3005,4,2,3,4,2,2,2.0,1,2.697909499678852,3,3,69,0,,
60,0,117276,21,4942,4,4,4,2,0,0,1.0,2,2.5804414226477954,0,2,102,0,,
18,2,74645,7,3947,4,3,1,1,1,2,2.0,0,4.098963546244651,1,3,29,1,,
50,0,103666,9,706,4,3,4,0,3,1,0.0,2,3.8121561793344263,1,0,165,1,,
22,0,90603,71,4520,0,1,0,0,0,2,1.0,0,4.836272198257801,3,1,262,0,2023.0,1.0
30,1,86168,75,4379,1,3,0,1,1,2,0.9984059511158342,2,1.8830576359810116,2,0,185,0,,
46,2,51351,70,934,4,0,4,1,2,2,1.0,0,1.3296655572591298,1,2,150,0,,
42,0,102966,55,3468,0,4,0,1,2,2,0.0,2,4.409109779470853,0,0,253,1,,
23,0,76921,98,4603,1,2,1,3,3,2,0.9984059511158342,1,4.653600849427928,3,1,63,1,,
44,0,115065,65,111,1,3,1,4,1,0,2.0,0,2.2450307714907773,1,1,196,0,,
30,0,85807,46,4661,4,3,4,4,2,2,0.0,1,2.7997854124356385,0,3,202,1,,
49,1,96555,53,3395,0,0,1,3,3,0,0.9984059511158342,0,3.1876891829802028,3,2,100,1,,
50,1,29394,46,4053,3,0,3,3,1,0,2.0,0,3.939691384463501,0,3,233,0,,
44,1,118941,24,3420,2,2,2,2,2,2,0.9984059511158342,2,4.14692647364615,3,1,298,1,,
64,0,108754,51,4845,2,1,4,1,2,2,2.0,2,4.730881910158294,3,0,45,1,2023.0,1.0
21,0,80194,41,3895,1,2,3,3,1,2,0.0,0,3.961833439466541,0,3,161,1,,
44,2,31936,51,1501,4,3,3,2,3,0,1.0,0,2.127158562876884,1,2,97,0,,
41,1,99390,59,4928,4,3,4,3,1,2,2.0,1,4.544416799579446,1,3,55,1,,
19,1,30207,20,1166,3,0,0,0,1,0,0.0,0,3.638970217623152,1,3,21,0,,
62,1,30534,77,3436,3,4,2,1,1,0,2.0,2,3.132779760883526,3,3,174,0,2023.0,1.0
60,0,32875,32,2975,4,4,4,4,1,0,2.0,2,2.6187852268578604,2,0,155,0,2023.0,1.0
63,0,79567,10,613,4,2,2,1,2,0,2.0,2,3.858473453348644,0,1,288,0,2023.0,1.0
32,1,115729,4,4819,0,2,3,2,3,0,0.9984059511158342,0,2.271548409596854,1,3,192,0,,
41,0,60883,46,3725,2,1,0,3,2,0,2.0,2,2.462200611628389,3,3,19,0,,
66,1,85206,31,2299,3,1,2,3,2,2,0.0,2,1.3196824203561772,3,1,136,1,,
64,2,49960,67,1131,4,3,4,2,2,0,0.0,1,1.725499788577956,0,1,61,0,,
32,0,44154,96,1095,0,2,0,4,3,0,0.9984059511158342,2,1.402308702483693,0,2,159,0,,
43,0,20660,65,2961,0,1,3,3,1,1,1.0,2,4.191701264730758,1,3,34,0,,
51,2,118530,98,2424,1,2,2,0,1,0,0.0,0,3.329719063030854,1,0,35,0,,
43,0,39739,83,2584,4,4,4,0,3,2,2.0,1,2.7061836386453737,2,1,228,1,,
28,0,34776,59,4707,1,2,3,2,3,0,0.0,2,1.0866279487759465,0,1,290,0,2023.0,1.0
34,1,63372,69,1408,2,3,4,2,0,2,0.9984059511158342,0,3.748087395968699,3,2,33,1,,
27,0,94947,41,4077,1,2,2,0,0,2,0.0,2,1.156901296051398,3,2,38,1,2023.0,1.0
49,1,74348,79,2805,1,1,1,1,3,0,0.0,2,2.855384350810534,3,2,90,1,,
23,2,85129,88,1041,0,3,1,4,0,2,2.0,2,3.914833199333732,3,1,29,1,,
42,0,117780,48,4388,0,0,4,4,0,2,2.0,1,1.5768049775518596,3,0,2,1,2023.0,1.0
43,0,90538,62,2127,3,2,0,2,0,0,0.0,2,1.8397820014912976,0,0,275,0,,
49,2,24694,9,1608,0,4,3,0,1,2,0.9984059511158342,1,1.101531784248516,2,2,184,1,2023.0,1.0
43,1,59328,30,2769,3,3,2,1,0,2,0.9984059511158342,2,3.765567243309248,3,1,237,1,2023.0,1.0
25,0,98315,41,1782,2,2,0,0,3,2,1.0,0,1.688673317645505,0,3,59,0,,
27,0,84686,95,3247,3,1,1,3,2,0,1.0,0,4.226982403413276,0,0,260,0,,
44,1,98182,83,2583,3,3,2,1,2,0,0.0,2,2.9986399414407563,1,2,95,1,2023.0,1.0
19,0,110896,50,3671,1,4,2,0,0,2,1.0,1,4.1419334369408265,1,2,94,1,2023.0,1.0
42,1,82873,56,3949,1,4,2,0,0,0,0.0,2,3.5417796395589978,3,3,265,0,2023.0,1.0
32,1,39199,81,4531,2,3,4,4,1,2,2.0,2,3.448572094805897,1,0,248,1,2023.0,1.0
18,0,85078,97,3152,4,3,0,1,1,2,0.9984059511158342,0,3.0975316153371923,3,2,104,0,,
59,0,73871,87,977,0,1,2,1,0,0,1.0,0,4.615111947469446,3,3,220,0,,
63,0,83350,87,2611,2,1,2,3,1,1,2.0,0,2.9722292136318136,0,0,213,0,,
41,1,86612,13,2052,1,0,2,0,3,2,1.0,0,4.969904832410606,0,1,244,1,,
47,1,87143,45,1673,3,0,4,2,2,1,2.0,2,3.0792605922126577,3,2,214,0,2023.0,1.0
55,0,95783,1,1600,3,0,3,4,2,0,0.9984059511158342,2,2.761755421982813,2,3,157,0,2023.0,1.0
49,1,88591,10,4752,0,3,0,1,1,0,2.0,2,1.292303798429121,2,3,192,1,,
34,1,24507,6,545,1,2,3,4,2,2,0.9984059511158342,2,2.317615084283213,0,3,258,1,2023.0,1.0
65,0,113332,33,3038,1,2,0,1,0,2,1.0,2,3.985530024540037,0,0,238,0,,
37,1,74892,42,3152,3,0,2,2,0,1,0.0,2,2.751250418313413,2,0,166,0,,
34,0,100618,64,389,4,3,0,3,1,1,1.0,1,1.6450192939340509,1,1,105,1,2023.0,1.0
42,2,38047,68,2690,2,1,0,2,0,2,0.0,2,1.3524667935581136,0,1,153,1,,
39,0,33746,85,3216,0,2,3,3,0,0,1.0,0,2.053623378031561,2,0,155,0,2023.0,1.0
23,0,99360,47,4775,0,0,4,1,2,0,0.0,0,4.174900983615361,1,2,249,1,,
26,0,99810,85,3931,1,1,1,4,3,0,0.9984059511158342,1,2.538835492046309,0,1,56,0,,
20,0,63271,74,1786,3,1,4,3,3,1,1.0,1,4.450558009504172,3,0,298,1,,
30,0,23646,28,416,2,1,0,3,2,2,2.0,0,4.936113658523855,2,2,167,1,2023.0,1.0
63,2,100636,14,4647,1,0,4,1,3,0,2.0,2,3.853585327005026,1,2,241,0,2023.0,1.0
54,1,83925,45,1897,3,3,2,4,0,0,0.9984059511158342,1,1.9427125757732653,3,2,222,1,,
68,0,44398,82,3853,4,1,3,0,2,2,2.0,0,4.00163705272907,3,3,137,0,,
52,0,38296,27,4297,2,0,4,4,1,2,2.0,0,1.3562163246747567,2,1,290,1,,
22,0,55877,96,2800,2,4,1,3,3,2,2.0,0,2.721587957225686,1,2,57,0,2023.0,1.0
67,2,67020,84,2912,0,0,4,2,1,2,1.0,2,1.6764578297123784,2,0,286,1,,
27,0,74327,39,4287,2,2,3,4,0,2,0.9984059511158342,2,3.719212845228269,2,3,262,0,2023.0,1.0
47,1,99876,52,4293,1,0,2,0,1,2,2.0,0,1.0454792942503754,0,2,224,1,,
27,1,51159,87,1997,1,1,2,2,2,2,0.9984059511158342,1,4.958756771217914,3,0,19,1,,
51,1,55036,50,736,2,4,4,3,1,2,1.0,2,1.208812601152318,2,2,226,0,,
29,2,68704,99,4399,2,1,3,2,0,0,1.0,2,4.349712483674655,0,3,160,1,,
50,1,43212,86,642,1,0,0,3,2,1,0.9984059511158342,1,3.5248815011277403,3,2,212,0,,
62,0,79965,3,3355,4,4,2,1,2,0,0.9984059511158342,1,1.6436193381011948,1,3,141,0,,
61,0,58665,63,4507,1,0,4,2,3,0,2.0,2,1.9178659017994004,1,2,278,1,,
19,2,108593,32,3822,4,4,2,4,2,1,2.0,1,1.0162507507651497,0,0,173,1,,
42,1,42666,42,1832,2,2,4,3,0,0,0.9984059511158342,0,4.671093004032194,2,3,105,0,2023.0,1.0
45,1,74933,13,4221,4,3,4,1,2,0,1.0,2,1.574904343102109,1,2,55,0,,
47,1,104196,65,3445,3,1,2,0,2,0,0.0,0,2.606382449570007,2,2,195,0,,
64,0,37189,48,2419,3,2,1,2,1,0,2.0,1,4.367899427904076,3,3,213,1,,
26,1,35619,47,235,4,3,1,3,1,1,0.9984059511158342,1,1.871551940065141,3,1,290,0,,
48,1,20432,58,4224,0,3,3,4,3,0,0.9984059511158342,2,1.0040169643481631,0,0,206,1,,
31,0,95012,44,1313,4,2,0,0,3,1,2.0,2,2.264096778308635,3,0,295,0,2023.0,1.0
69,2,99251,15,3267,0,3,2,1,3,0,0.9984059511158342,2,3.941023595426098,2,0,8,1,2023.0,1.0
46,2,48525,50,229,3,2,0,1,1,1,2.0,2,2.921693418755677,3,2,114,0,,
43,2,33769,87,844,2,3,3,2,2,0,2.0,2,1.0717664849410171,0,0,77,0,,
69,1,74607,14,3283,1,1,2,3,1,0,0.9984059511158342,2,4.382520731378593,2,3,139,1,,
55,2,45772,21,1615,3,2,4,4,3,1,0.9984059511158342,2,1.3379656606242034,1,0,35,0,,
61,1,72635,44,1595,1,2,4,0,0,2,1.0,2,3.96132004529125,1,3,208,1,,
24,0,79812,86,3746,2,4,0,2,0,2,1.0,1,1.724397767221817,1,0,249,0,,
49,0,90910,15,3309,3,3,3,4,3,1,0.0,0,4.099167682038703,3,1,4,0,2023.0,1.0
45,0,110209,4,3354,4,3,2,0,1,2,2.0,0,4.245397541052232,0,2,258,1,,
40,1,40044,96,1075,4,4,1,3,2,0,2.0,0,1.331031113934034,0,1,246,0,,
37,2,75032,42,2402,2,0,0,3,3,0,1.0,1,4.996270242993923,3,1,121,1,,
46,1,116741,38,667,1,0,3,3,3,2,1.0,2,2.5651715165294964,1,0,96,0,2023.0,1.0
49,2,68791,64,2915,3,1,3,1,1,1,0.0,2,2.723468146779039,1,0,14,0,,
33,0,82894,73,4166,0,0,2,1,2,1,0.0,0,4.213345815550268,2,1,231,1,,
65,2,48804,33,3805,4,0,1,0,3,0,0.9984059511158342,2,1.422108301609379,3,0,155,1,,
63,0,82601,69,4946,4,1,3,2,0,0,0.0,0,1.1470276362989114,3,3,67,1,,
25,0,22970,51,1967,1,2,0,2,3,1,2.0,1,2.5804606905371745,1,3,253,1,,
61,0,118297,86,2415,0,2,3,2,1,2,0.0,1,3.2286872919784813,0,1,127,1,,
36,1,118447,38,3253,0,2,0,0,2,0,1.0,1,3.96553690061385,0,0,296,0,2023.0,1.0
36,0,98506,36,2355,4,2,0,1,3,2,0.9984059511158342,1,1.3779432855920422,0,0,49,1,2023.0,1.0
21,0,93844,59,1626,1,4,4,3,2,2,1.0,1,4.535873313143656,3,3,22,0,,
62,0,48000,76,2165,4,3,4,1,1,1,0.9984059511158342,2,1.7153679597844014,1,1,271,1,,
69,1,59574,26,1180,4,1,0,0,0,2,0.9984059511158342,0,4.407075603382902,1,3,72,1,2023.0,1.0
22,0,85563,36,3681,2,3,1,1,2,0,0.0,1,3.056346550462848,0,2,180,0,,
44,1,50215,60,2761,3,0,0,0,0,2,0.9984059511158342,2,4.127171657492388,0,3,222,0,,
47,1,38677,65,4405,4,0,2,2,1,2,2.0,2,3.213337470782443,0,2,272,0,2023.0,1.0
20,0,20364,95,4843,2,2,4,2,2,2,1.0,0,4.213816914930225,3,1,71,0,,
41,2,36569,40,3282,4,0,1,1,1,0,0.0,0,1.5361234108632948,0,2,202,1,,
33,2,29649,62,4987,3,4,3,4,2,2,0.9984059511158342,2,2.861443911084569,2,3,216,1,,
50,0,99064,73,3677,0,2,0,4,0,0,0.0,2,3.2201387211170305,0,2,225,1,,
45,1,25806,90,962,3,2,4,1,2,2,2.0,1,1.8866592341237909,2,1,30,0,2023.0,1.0
38,1,76381,74,1996,0,2,3,2,2,0,0.0,1,1.3155090809055623,2,1,240,1,,
35,0,101081,43,1530,2,1,0,3,1,2,2.0,1,4.644907177106136,0,0,104,1,,
42,0,112152,51,743,3,2,1,0,3,0,0.9984059511158342,0,2.496112751946072,3,1,276,0,2023.0,1.0
56,1,47315,61,4007,3,4,2,1,3,1,2.0,1,1.2435667461792068,3,1,213,0,,
26,2,117911,91,3854,3,3,4,0,3,1,1.0,2,4.342554429188034,3,1,265,0,,
66,1,50921,31,1468,0,0,1,2,3,1,1.0,0,2.365021745800875,3,3,133,1,,
32,0,117567,44,699,3,3,2,2,2,0,1.0,0,1.8747782364035883,3,3,88,1,2023.0,1.0
55,0,103251,73,2841,3,2,4,1,1,0,0.9984059511158342,2,2.8191200371237324,2,0,258,0,2023.0,1.0
45,1,91187,39,1009,3,2,2,1,1,2,1.0,1,3.3167637896795803,3,1,76,0,,
50,0,37333,60,1503,0,4,1,2,2,2,1.0,2,4.938097309379623,0,0,58,0,,
62,1,21225,17,1065,4,2,4,2,2,1,2.0,0,4.63156478320562,1,2,53,0,,
51,1,91240,4,2908,4,4,1,2,3,1,1.0,0,3.920610758555511,3,0,153,1,,
42,2,94527,17,4610,1,0,2,0,2,2,0.0,0,1.177615356958862,2,1,223,0,,
21,2,112447,20,3717,1,2,3,3,2,2,0.9984059511158342,0,1.451221505014786,3,1,118,1,,
45,0,21502,52,2877,4,2,0,1,1,2,0.0,2,3.7383550839464825,2,2,229,1,2023.0,1.0
53,1,61552,93,1183,0,1,1,4,1,0,0.0,0,3.1213102619694912,1,3,130,0,,
36,0,38413,52,1114,4,4,0,2,0,2,2.0,0,2.275641011866412,1,0,9,1,,
42,0,47584,31,2845,2,2,1,3,1,1,2.0,1,1.300695131708553,2,2,105,0,,
60,2,54722,21,3910,4,1,0,1,0,0,0.0,2,2.315015710353928,2,2,270,1,,
29,2,32975,26,4811,4,3,4,3,1,2,0.9984059511158342,0,2.1616382694644907,2,0,294,1,,
30,0,29915,32,1839,3,1,0,1,0,0,0.9984059511158342,2,1.6315140860481887,2,1,133,0,,
69,0,119404,31,4997,0,2,1,3,0,2,0.0,2,2.384509068525837,2,0,210,0,2023.0,1.0
58,1,103551,85,3048,4,2,1,1,2,0,0.9984059511158342,0,4.72893189706271,3,3,38,1,,
41,1,75255,98,285,0,1,4,4,0,2,0.9984059511158342,1,4.492526674432337,3,0,89,0,,
40,0,21439,14,1489,1,1,1,1,2,1,2.0,2,3.418487748301388,2,0,158,0,,
18,0,111552,96,2333,3,0,1,0,3,0,0.0,0,2.3859967780906057,0,2,243,1,,
54,0,29638,69,3099,0,0,1,4,1,1,1.0,0,3.0401022640409083,0,3,218,0,2023.0,1.0
61,1,31573,46,2046,3,4,2,0,3,0,0.9984059511158342,1,2.8337956850559185,3,3,201,0,,
63,1,117151,52,4237,3,1,0,0,2,2,0.9984059511158342,1,1.702016812575169,1,0,208,0,,
50,1,67498,74,3156,0,1,0,1,2,1,0.9984059511158342,0,2.3171984712343274,1,0,242,0,,
43,1,80155,79,2515,3,1,1,3,1,1,1.0,0,2.9927243779814323,2,1,26,0,,
18,2,32196,18,1837,4,2,1,1,2,2,0.0,2,1.526788639403628,0,2,143,1,2023.0,1.0
35,0,39659,66,4062,0,2,0,1,0,0,0.0,2,3.867671438495052,1,0,95,1,,
33,2,49669,16,4473,0,0,0,1,3,2,0.0,0,3.035289812207761,1,2,148,1,2023.0,1.0
25,0,116228,50,1576,4,0,2,0,0,2,0.9984059511158342,1,2.529087222099069,1,0,50,0,,
24,1,22108,30,1949,0,2,0,4,2,2,2.0,2,2.470123624701745,1,1,202,1,,
50,2,36108,72,4002,1,2,4,1,3,2,2.0,2,4.8965174698270655,3,0,45,0,2023.0,1.0
58,0,106695,19,2202,4,3,3,1,1,0,0.0,1,1.502159933137296,2,1,105,1,,
53,1,106570,18,195,0,0,2,3,2,0,0.0,0,4.387327966941882,0,3,214,0,,
48,0,66146,51,1648,3,2,0,0,1,0,0.9984059511158342,0,4.249731940982777,2,1,243,0,2023.0,1.0
53,2,99364,78,433,4,4,3,0,3,0,0.9984059511158342,1,2.5594456958317178,2,1,202,0,,
58,1,41348,93,3515,1,1,1,3,3,2,0.9984059511158342,0,1.0860892604474204,2,3,260,1,2023.0,1.0
51,1,75264,87,215,4,2,0,1,2,0,0.0,2,3.233521025313351,1,2,127,1,,
65,1,24131,55,1598,1,0,1,0,3,2,0.9984059511158342,0,1.5034463523274773,3,1,137,1,,
48,1,95060,97,284,3,0,3,2,1,0,1.0,0,4.851966066866401,3,0,176,0,2023.0,1.0
48,2,114950,17,2331,0,3,3,1,0,1,2.0,1,1.3170979118777797,3,2,246,1,,
60,0,111998,66,4831,1,1,0,0,0,1,1.0,1,4.649483533792673,1,2,118,1,,
35,0,46470,24,975,4,2,3,4,2,2,0.9984059511158342,1,3.51745284063854,1,0,226,0,,
30,1,83379,31,1219,3,0,3,0,3,1,1.0,0,3.782587200653736,2,2,179,1,2023.0,1.0
49,1,26163,3,2333,3,2,2,2,0,0,1.0,2,2.7054613203006577,2,3,34,0,,
48,1,89726,24,1338,0,0,1,0,2,0,0.9984059511158342,0,3.1352291024285357,0,3,58,0,,
39,0,20799,10,977,0,3,4,4,0,0,0.9984059511158342,2,4.710065534370202,2,3,66,1,,
31,1,41182,91,734,0,4,4,0,2,0,2.0,2,2.471182894522033,3,2,9,1,,
23,1,114585,53,4378,4,4,2,3,3,2,2.0,1,1.7930264961529572,2,0,250,1,,
46,0,107331,34,664,4,3,3,2,1,1,2.0,2,3.611127182954878,2,3,220,0,,
62,1,48546,9,970,2,2,2,4,3,1,1.0,0,3.5537871970859114,2,3,33,0,,
24,1,113254,49,1322,4,1,0,1,3,2,1.0,1,1.993963143461726,0,1,187,1,,
67,0,33107,23,2332,0,2,0,4,1,2,1.0,1,2.122970395927084,2,0,268,1,2023.0,1.0
48,1,70355,8,3511,3,0,4,2,3,1,1.0,1,4.7786245708092,0,0,294,0,2023.0,1.0
40,1,98038,8,2605,1,2,0,3,0,1,1.0,0,2.553708113322335,2,1,160,0,,
18,1,98414,14,3317,3,4,2,1,3,2,1.0,2,1.8160040721435249,2,1,6,0,,
39,1,108757,94,1882,1,4,1,2,2,2,1.0,2,1.815071038274279,3,0,298,1,2023.0,1.0
45,2,34440,91,1368,1,1,2,2,1,0,1.0,1,3.960268079348182,0,0,255,0,2023.0,1.0
54,0,21359,39,272,4,4,1,4,3,0,1.0,1,3.982801990593562,3,3,218,0,,
28,2,37273,67,2467,4,4,4,0,1,2,0.0,0,1.4698459322992936,3,0,216,0,,
38,1,100210,75,3282,2,4,4,0,3,2,0.0,2,4.896550479569022,0,2,56,1,,
57,2,65708,72,373,1,0,4,0,1,1,0.0,2,1.8468544051720504,3,1,210,1,,
22,0,77805,1,1680,2,1,2,1,3,1,0.9984059511158342,0,1.3996430589020543,3,3,251,0,2023.0,1.0
26,2,86202,62,3460,4,0,1,0,1,0,0.9984059511158342,2,2.97891274474661,0,1,78,0,,
28,0,47360,26,2547,4,3,1,2,3,2,2.0,2,2.319790230703293,0,3,77,1,,
68,1,75415,18,889,0,1,4,0,2,0,2.0,1,4.865263561657736,3,3,261,0,,
58,1,39642,63,3670,3,0,3,0,0,1,0.9984059511158342,2,4.650638013962834,1,2,193,0,2023.0,1.0
31,2,31882,29,460,2,4,2,0,3,2,0.0,0,2.320445352472717,1,1,191,1,,
58,0,77427,52,4019,3,4,3,3,1,0,0.9984059511158342,1,1.0195703647858956,0,3,71,0,,
48,1,86333,23,4819,2,2,1,1,0,1,2.0,2,4.5544499978536646,3,2,295,1,,
34,2,74079,8,2979,4,3,4,3,0,0,2.0,0,3.817210676939537,1,3,136,1,,
21,2,25492,29,3601,3,1,3,2,1,1,2.0,1,3.403879935639623,3,2,104,0,2023.0,1.0
20,0,81314,76,2592,0,1,2,2,1,2,2.0,2,3.737168037142381,3,0,84,1,,
23,0,108110,69,706,4,4,3,2,2,2,0.0,0,1.4910163666977772,3,0,88,1,,
29,1,55774,15,277,2,1,2,3,0,0,1.0,2,2.9836114765703985,0,3,40,1,,
31,1,47350,36,401,4,1,0,0,1,0,2.0,0,4.199855810557509,2,3,197,0,2023.0,1.0
60,0,73061,21,4771,1,1,0,1,3,0,1.0,0,1.3406184904924676,1,1,106,0,,
37,2,75355,91,1678,4,3,4,4,3,2,0.9984059511158342,1,3.837163766362063,0,1,46,0,,
54,1,43752,85,4687,4,2,4,2,3,0,0.0,0,2.439813225636851,1,2,23,0,,
29,0,107340,81,3390,3,1,0,3,0,2,0.0,1,4.69175152621346,2,1,237,0,,
57,1,119129,32,857,1,4,3,2,2,0,0.0,2,4.335128965187009,0,2,274,0,2023.0,1.0
26,2,44945,87,4053,3,1,1,0,2,0,0.0,2,2.714055093862616,3,2,281,0,,
49,0,110331,89,920,2,2,0,2,2,1,0.0,0,4.939450953336372,2,0,262,1,2023.0,1.0
37,0,25097,12,159,0,2,1,3,1,1,1.0,0,4.746986606572257,0,3,194,0,,
30,0,53593,91,1056,0,0,1,0,1,1,0.0,2,3.8555272600572814,2,3,162,1,2023.0,1.0
18,0,65440,89,844,4,3,1,3,3,2,0.9984059511158342,0,2.1252478374302166,2,1,115,1,2023.0,1.0
32,0,85355,90,635,3,2,4,3,0,1,0.9984059511158342,2,3.065791042985764,1,2,188,1,,
56,0,45135,2,947,3,2,3,1,1,2,2.0,2,2.8669808812756803,2,0,52,0,2023.0,1.0
47,1,94311,95,864,4,4,3,2,1,1,1.0,0,2.866327144648466,3,1,58,1,,
18,0,84230,40,3292,2,3,1,3,0,0,1.0,0,4.346007898800197,0,0,268,1,2023.0,1.0
29,0,96421,82,3587,1,3,0,3,2,1,0.0,1,4.135233221908291,3,0,43,0,2023.0,1.0
18,0,36259,82,202,0,3,1,2,3,0,0.9984059511158342,2,1.9355527264365813,2,2,56,0,,
50,0,114859,9,1297,2,4,1,0,1,2,0.9984059511158342,1,2.880857646899193,3,3,182,0,,
38,0,94965,86,320,4,3,3,0,0,2,0.9984059511158342,0,1.7851640452309243,0,1,127,1,,
41,0,40897,69,2471,3,1,1,2,1,0,1.0,2,3.370119678677173,0,0,222,0,2023.0,1.0
29,1,67147,38,2048,0,1,2,0,2,0,0.9984059511158342,1,1.5035268849965435,3,2,161,0,2023.0,1.0
64,1,84947,79,3383,0,4,4,3,3,2,0.0,1,1.1959353541861095,0,3,224,0,,
64,0,108989,33,2975,3,3,2,0,2,1,2.0,0,2.291595927017238,1,1,75,1,2023.0,1.0
25,0,78268,60,2929,4,1,4,0,1,2,0.9984059511158342,0,4.839508943575614,0,2,211,1,,
44,0,53262,90,4302,3,1,2,4,0,1,0.0,0,3.1181222189037707,1,2,170,0,,
54,1,71224,60,3279,2,4,1,3,1,0,2.0,2,4.244244293194497,0,0,192,1,2023.0,1.0
51,2,116572,73,2122,4,2,0,1,3,1,0.9984059511158342,2,4.439224937505499,3,0,92,0,2023.0,1.0
62,2,113018,52,264,3,0,0,4,0,0,2.0,0,3.9694413114773934,2,1,247,1,2023.0,1.0
50,0,34849,22,825,1,3,3,0,2,2,0.0,2,4.540127904718514,3,3,206,0,,
38,0,28656,61,2305,2,3,4,0,1,2,0.0,2,2.9042942828604907,1,0,162,0,2023.0,1.0
50,1,68115,17,2025,3,2,2,2,0,2,0.9984059511158342,1,3.176303971124566,2,2,282,1,,
25,0,91158,99,590,0,0,2,4,1,0,0.9984059511158342,1,4.830459670443018,0,1,142,0,2023.0,1.0
29,2,69752,71,1737,4,1,1,1,0,2,0.9984059511158342,0,4.395497842982561,2,2,203,0,,
61,1,26908,32,1164,0,1,2,2,2,0,1.0,2,4.924120906969899,3,1,247,1,,
68,1,20565,66,2343,4,4,0,1,3,1,1.0,0,4.439495052622698,2,0,147,1,,
20,1,82345,6,3252,1,2,4,0,3,2,0.0,0,4.350813883907373,3,1,66,0,,
21,1,76892,1,3094,0,0,3,1,2,2,1.0,1,4.965123669503734,1,2,197,0,,
31,0,41381,65,4271,0,0,4,1,3,0,2.0,2,1.1818266355912854,1,3,49,0,,
23,0,25580,68,4178,4,0,1,1,2,1,1.0,0,3.491917021205251,2,2,193,0,,
54,1,40566,95,583,4,4,3,1,2,2,0.0,2,4.474305649616515,2,2,263,0,,
64,1,43450,54,1731,2,4,4,2,3,0,1.0,2,2.6532400753979988,1,1,240,1,,
20,1,103778,82,2172,3,1,2,1,1,2,0.0,2,3.4390761216941472,1,1,156,1,,
68,0,51976,74,1170,1,0,0,3,0,0,0.9984059511158342,1,4.9333227975369365,2,0,294,1,,
63,2,45568,99,3823,3,3,3,1,1,2,2.0,2,4.955200778551229,2,0,76,1,,
40,0,36693,20,1588,0,1,0,4,3,0,2.0,0,1.4369788089511792,3,1,181,1,,
56,1,54019,1,4535,1,3,1,0,2,2,1.0,0,1.797327580979664,0,3,116,1,,
66,0,116213,30,902,2,3,2,3,1,2,0.0,1,1.0185779460186026,3,1,79,1,,
69,2,53071,55,1657,4,3,0,3,1,0,0.0,2,4.552859858796156,0,2,149,1,,
63,1,72136,27,3964,0,2,1,2,0,0,1.0,2,3.4211459409019143,2,1,243,1,,
45,0,75309,52,1064,2,3,0,0,0,0,0.0,0,2.6939766721163374,2,3,173,1,,
46,0,20148,6,2918,1,3,4,3,0,2,2.0,1,1.6308636811520194,0,1,250,0,2023.0,1.0
30,0,44346,32,3216,2,2,4,2,3,2,1.0,1,4.55006917705569,1,1,45,0,,
23,0,98210,65,2338,0,3,1,1,1,0,0.9984059511158342,2,2.648474645009144,3,2,34,0,2023.0,1.0
29,1,67403,44,3404,2,0,3,3,3,1,1.0,0,3.826547252208248,0,0,42,1,,
55,1,97842,95,241,1,3,0,2,3,0,2.0,2,2.2030542917201243,3,1,198,1,2023.0,1.0
34,0,47167,87,4974,4,1,2,0,2,2,2.0,0,3.944083681114739,2,1,147,1,,
47,1,93374,55,516,4,1,1,2,1,0,0.9984059511158342,1,2.1541876495864223,2,1,34,0,,
35,2,48231,94,1393,0,0,4,0,3,1,2.0,1,4.482153289135214,0,2,228,1,,
32,2,75184,21,3538,3,4,0,3,1,1,1.0,0,2.3548330469929453,3,1,41,0,,
47,0,106984,98,218,0,1,0,0,0,2,1.0,1,1.621450916791995,1,1,197,1,,
40,0,91765,74,1308,0,4,3,0,1,2,2.0,1,2.7926114759977616,3,0,32,1,,
36,1,44220,26,3211,0,4,3,1,2,0,0.9984059511158342,0,1.9187054237270889,3,1,31,1,2023.0,1.0
51,2,81710,58,3132,4,3,1,1,0,1,1.0,1,3.6079443247374776,0,1,139,0,,
20,1,20639,64,2445,0,0,0,1,1,0,0.0,1,2.152919332372422,1,3,190,1,2023.0,1.0
68,0,42063,49,2133,0,2,4,2,2,2,0.0,2,2.926438696477681,3,1,250,0,,
48,0,104612,57,1763,4,3,0,1,2,0,1.0,1,4.517095843668351,0,3,148,0,,
39,0,113926,84,4939,0,4,3,1,3,0,0.9984059511158342,2,2.023556669139949,2,3,259,0,,
20,1,70022,44,3380,0,4,0,0,3,2,1.0,1,3.979941055027872,3,0,87,1,2023.0,1.0
28,0,63555,59,1060,2,1,3,2,2,0,1.0,2,1.3113304642066863,2,1,40,0,2023.0,1.0
60,2,99599,91,3495,0,1,1,4,0,1,2.0,1,3.2415051371384824,1,3,248,0,,
22,2,99915,68,3676,0,0,3,1,0,2,0.0,0,3.525288142458712,0,3,79,0,,
38,0,74030,5,249,3,2,3,4,3,2,1.0,0,3.1846293765651312,3,0,35,1,,
53,1,64111,39,140,4,1,1,0,1,2,1.0,0,3.8804973613022935,3,0,220,1,,
59,0,28108,62,3511,1,3,3,3,0,1,2.0,1,1.9739626243544897,1,1,212,0,,
64,0,22274,88,1724,1,3,0,0,0,0,2.0,0,3.675596680979879,2,3,298,0,2023.0,1.0
37,1,36105,62,1602,1,0,0,3,1,0,0.9984059511158342,0,1.1936657953187506,1,0,161,1,,
50,0,85226,29,314,4,0,3,4,0,0,2.0,0,1.5818022084167138,0,2,46,1,2023.0,1.0
54,1,85516,55,4070,4,3,4,0,3,1,1.0,0,3.3724192103224286,1,3,117,0,,
63,1,110791,83,755,1,1,4,2,2,0,2.0,1,1.3935412384855717,3,0,11,0,,
45,2,23199,17,2863,4,4,4,1,2,2,2.0,1,3.169964671734517,1,3,222,0,,
59,1,108743,47,1743,1,2,1,4,3,1,1.0,2,1.1214505894805025,2,2,191,1,,
66,0,25913,25,171,4,0,3,0,3,0,0.9984059511158342,2,3.4996381553277147,0,1,113,1,,
66,1,103816,4,4351,2,4,2,2,1,0,2.0,1,4.036214276251436,0,1,233,0,2023.0,1.0
21,0,97848,92,2676,4,1,0,3,2,0,0.9984059511158342,2,2.5978312190756085,0,1,51,1,,
37,2,20559,9,4957,3,3,1,1,0,1,0.0,2,1.466446560256335,3,1,193,1,2023.0,1.0
61,1,92959,46,2282,3,3,4,4,0,0,1.0,1,4.270964243254653,2,2,114,1,,
43,1,57449,33,1320,4,4,0,3,2,0,2.0,2,4.41328781672394,0,0,156,0,2023.0,1.0
30,0,32809,13,4972,1,4,3,0,3,0,1.0,1,3.0069125655239497,3,0,15,1,,
49,1,91160,21,4752,2,1,3,2,2,2,0.9984059511158342,0,3.676738091462242,3,3,16,0,,
23,0,83355,25,1441,1,4,2,3,1,0,1.0,0,2.650963759933914,2,0,198,0,,
46,1,38040,72,4719,3,3,3,1,1,1,2.0,0,3.2554410964416345,1,2,36,0,2023.0,1.0
20,1,30223,9,1695,4,2,1,1,1,1,1.0,1,4.54536205238705,0,2,98,1,2023.0,1.0
18,1,83308,31,3499,3,1,2,0,1,0,1.0,0,2.995102837922316,1,2,32,0,,
62,2,24239,71,132,3,2,1,0,3,1,1.0,1,4.819374900683477,2,2,111,0,,
39,1,20760,84,2855,2,4,0,2,1,0,0.9984059511158342,0,2.8829067942818,1,0,284,0,2023.0,1.0
43,0,29404,15,2772,1,1,4,3,1,2,2.0,0,3.770827271133816,2,0,84,0,,
64,0,49405,12,2410,0,0,2,3,3,2,2.0,2,3.642781964713485,2,2,181,0,,
25,1,35141,52,1115,2,0,3,1,2,0,0.0,1,4.362984271042094,3,3,240,0,2023.0,1.0
41,1,20442,41,1434,1,4,4,1,3,2,1.0,2,4.635877316364251,2,2,296,1,,
33,0,98561,68,1251,3,4,2,4,2,1,2.0,1,3.629313305907916,1,2,152,0,,
27,1,59023,91,2267,0,4,1,0,3,2,1.0,2,4.385404815094567,0,2,63,1,2023.0,1.0
68,1,108952,22,2367,4,1,4,2,1,1,0.9984059511158342,2,3.1632789705806554,2,3,154,1,,
43,0,103251,2,2405,2,2,1,2,1,0,0.0,2,2.0043891174282376,0,3,47,0,2023.0,1.0
38,0,95582,82,3817,3,1,1,1,0,1,2.0,0,4.165884491430548,1,2,90,0,,
64,0,87664,73,3009,3,1,4,1,0,1,2.0,0,4.212838657192313,1,0,162,1,2023.0,1.0
58,0,79316,10,3749,2,4,4,2,0,0,0.9984059511158342,0,4.534444284924113,2,1,169,0,,
31,1,20329,32,1621,3,4,2,1,2,2,0.0,0,1.641603692680345,3,1,227,0,,
51,1,35487,22,3259,1,2,3,3,0,2,0.9984059511158342,2,2.1599299821712084,0,2,135,0,,
44,0,102790,3,1042,0,3,3,4,2,1,0.0,1,3.922504668481865,1,1,283,0,,
58,1,63147,62,2335,0,3,0,0,3,0,2.0,2,4.409076572888263,1,1,271,1,,
31,0,88945,22,1830,1,4,3,3,3,0,1.0,2,4.106497209211186,2,3,57,1,,
40,0,75059,79,1970,0,4,3,3,3,2,0.9984059511158342,1,3.963339775532687,3,2,282,1,,
55,1,97395,27,3554,2,0,1,3,2,2,0.9984059511158342,0,2.796718612042839,3,0,198,1,,
20,1,72115,22,1117,4,0,4,2,3,0,0.0,0,4.385494438438606,0,1,183,1,2023.0,1.0
30,1,51126,89,4434,4,4,0,3,0,1,0.9984059511158342,1,4.650545429063412,2,0,12,0,,
46,2,89532,96,1962,2,0,0,2,1,0,0.9984059511158342,0,1.9418035523699133,1,3,117,0,,
52,1,119605,24,2874,1,2,2,1,3,0,1.0,1,3.4175512125188368,2,3,104,0,,
28,2,116359,42,217,0,1,1,4,0,1,0.9984059511158342,1,1.377961227874286,3,1,13,0,,
61,0,42553,58,4470,0,4,4,0,2,2,0.0,0,4.418759427070217,2,3,177,0,,
69,1,73171,59,4578,4,3,0,2,3,2,1.0,2,3.012275025756176,3,0,168,1,2023.0,1.0
65,1,44464,82,327,2,2,2,1,2,0,0.0,2,3.131187318963,1,3,143,1,,
49,2,23271,31,3674,1,4,4,1,1,0,1.0,0,1.8200361944963197,2,0,102,1,,
63,1,58596,28,1225,2,4,0,2,2,1,0.9984059511158342,1,4.092508057573874,2,2,53,1,2023.0,1.0
31,1,50543,19,2740,2,0,2,1,3,0,1.0,2,3.975272622307744,3,0,270,0,2023.0,1.0
24,1,40140,27,957,2,2,3,1,1,2,2.0,0,1.2388441194812465,0,0,271,1,2023.0,1.0
66,2,89506,62,4197,1,1,4,2,2,0,0.9984059511158342,2,2.9331627910209206,0,0,32,1,2023.0,1.0
36,0,85149,2,4823,1,1,1,0,0,1,0.0,1,3.5999220061817097,3,1,249,0,2023.0,1.0
19,2,49722,41,2395,2,4,3,0,0,2,2.0,0,1.250944101291659,3,0,201,0,,
21,1,74290,38,1353,1,2,0,0,3,2,0.0,0,2.212238803082722,2,0,20,0,,
28,0,49991,68,3461,3,0,2,4,0,2,1.0,2,3.773550777758031,2,2,51,0,,
39,1,29387,54,1046,2,0,2,4,1,1,2.0,0,2.801637617162041,3,0,67,1,,
45,1,84818,81,4986,1,3,1,3,0,0,0.0,0,1.432837005685495,1,2,209,1,,
30,2,21245,22,2429,3,2,4,1,2,2,0.9984059511158342,0,4.168212678352715,3,3,241,1,2023.0,1.0
26,1,41801,85,340,0,0,3,2,1,1,2.0,0,3.168319896749096,2,2,166,0,2023.0,1.0
56,0,40047,37,2823,2,4,4,3,0,0,0.0,1,3.4218673330953937,2,0,58,0,,
47,2,90592,81,2227,0,1,2,0,1,1,0.0,1,3.6606139749201065,0,2,78,0,,
61,1,22801,51,1546,2,2,0,0,2,2,2.0,1,1.1904490954347429,0,3,48,1,,
38,1,22552,69,1449,0,4,2,1,3,0,0.9984059511158342,2,2.5577331642746457,3,0,154,0,,
30,1,117841,68,2677,3,2,3,2,2,2,1.0,1,3.214424510526104,0,1,287,1,2023.0,1.0
57,1,36488,70,188,0,4,0,1,0,0,1.0,1,1.0626904870083689,0,1,187,1,2023.0,1.0
69,2,91725,17,586,1,4,0,2,0,2,2.0,2,1.6537317877921924,2,3,254,0,2023.0,1.0
34,0,83471,76,1925,3,0,0,3,2,0,0.9984059511158342,0,2.074947120459189,1,2,148,1,,
21,0,100659,75,2662,4,2,0,0,3,1,0.9984059511158342,0,1.0042766465545774,0,0,159,1,2023.0,1.0
49,2,102476,44,2865,2,3,0,1,0,0,1.0,2,2.0823188263072625,1,1,88,0,2023.0,1.0
51,1,41246,60,1294,1,1,1,1,0,1,1.0,0,4.666533689475759,2,2,206,1,,
58,1,23889,6,2296,3,0,4,3,3,2,0.9984059511158342,0,3.169172265748536,1,2,138,1,2023.0,1.0
66,2,53481,58,4634,0,1,1,2,3,2,0.9984059511158342,1,1.794600031488799,1,1,20,0,2023.0,1.0
29,0,76792,23,2469,0,3,4,4,0,2,0.0,0,1.2633327069102385,2,2,261,1,,
19,0,69695,45,1844,4,4,0,0,1,0,1.0,0,3.210021426550053,2,3,4,0,,
63,1,52175,74,4132,3,4,0,3,0,2,2.0,1,4.878847639136463,0,3,62,0,,
45,0,76115,58,1802,0,3,1,1,3,1,1.0,1,2.701028292398536,1,2,283,0,2023.0,1.0
31,1,94486,25,2869,2,2,2,2,2,2,1.0,2,3.805120437831069,1,3,61,1,,
66,0,20528,30,2307,4,4,4,4,2,2,0.9984059511158342,2,4.474025780352005,0,1,47,0,,
51,1,84471,14,4355,1,1,0,2,2,0,2.0,2,4.820681275586782,1,2,232,1,,
18,0,92012,30,3627,4,3,1,4,3,0,1.0,2,2.2028053685462394,3,3,259,0,,
38,1,97338,65,546,3,0,1,4,1,2,0.9984059511158342,0,1.3619612401548462,2,2,41,0,2023.0,1.0
38,1,34639,37,1785,3,0,0,4,3,2,1.0,0,2.701403221505486,2,3,169,1,,
51,1,50531,50,1462,2,2,2,1,0,2,0.9984059511158342,2,2.2727909108206243,1,2,136,0,,
55,0,66996,47,308,3,4,0,1,3,0,0.0,1,3.750218377990472,3,3,217,1,,
46,1,55892,70,3323,1,2,4,2,2,2,0.9984059511158342,2,1.217973795918578,3,0,97,0,,
44,2,56182,83,1065,4,1,3,2,1,0,2.0,1,4.080137569426773,1,2,214,1,,
66,2,90210,93,2183,1,4,2,1,0,0,0.0,1,1.7844699536174202,1,1,95,0,,
63,1,46926,60,2096,3,2,0,4,1,2,1.0,1,4.635140542399928,2,1,10,1,,
38,1,115365,66,1781,2,4,3,1,0,1,2.0,0,2.71706322953795,0,1,106,0,,
55,1,115424,18,4765,3,0,0,3,0,0,0.9984059511158342,2,4.707552135809117,1,0,299,1,,
21,1,78215,15,3025,4,4,4,0,3,2,1.0,2,2.402382353547526,3,2,53,0,,
23,0,68889,16,4566,2,4,4,1,0,0,2.0,2,3.626399965596036,1,2,65,1,,
43,0,75162,66,2513,3,4,3,1,1,0,0.9984059511158342,0,2.833775493208492,1,0,14,1,,
68,1,113449,8,854,4,0,1,2,3,1,0.9984059511158342,2,1.5391771195309087,2,0,97,1,,
41,0,110570,92,2058,4,0,1,3,0,1,2.0,1,4.348176511329917,1,1,213,0,,
42,1,23809,91,3441,1,3,3,4,2,2,0.0,1,1.7102644295786034,2,0,158,1,2023.0,1.0
21,2,98348,65,956,3,0,0,0,3,1,0.0,1,1.4922373757759684,0,2,17,1,,
26,2,84033,71,127,3,3,2,4,3,0,2.0,0,3.7085307744932874,0,0,155,1,,
40,0,21074,2,2234,4,0,2,3,1,2,2.0,1,4.211224693037897,1,1,104,1,,
38,1,53717,87,1373,0,4,0,4,0,0,0.0,0,1.0841826741298537,1,2,61,1,,
21,0,103749,19,1054,4,4,1,3,1,2,2.0,2,1.9464090178404736,0,0,71,0,,
50,2,45287,63,1416,2,2,0,4,1,2,0.9984059511158342,1,3.71098795788374,0,0,69,1,,
46,1,80252,56,3986,1,0,0,1,1,2,0.0,1,2.3347613434955834,1,3,187,1,,
34,2,106890,64,2745,2,1,1,2,3,2,1.0,1,4.349857026673636,2,1,173,0,,
55,2,83575,7,779,0,4,3,4,1,2,0.0,1,3.539498721869402,2,1,84,0,2023.0,1.0
61,2,75609,45,1146,0,0,1,1,3,0,1.0,2,3.874371710658615,3,1,36,0,,
67,1,22682,10,2254,4,0,1,4,2,2,0.0,0,4.35571138579874,1,2,12,0,,
62,1,20364,79,3841,1,4,4,4,0,0,2.0,0,2.4546763936922438,2,1,130,1,,
26,0,42117,51,4341,2,3,0,3,1,2,2.0,2,2.202035285715772,3,1,166,0,,
31,2,35858,37,1959,0,4,3,0,1,1,0.0,0,3.935668779099149,2,1,26,0,,
30,0,37045,74,3629,3,2,2,3,3,1,0.9984059511158342,0,1.4096299599444166,0,3,188,1,,
30,0,103161,42,4361,2,1,1,0,0,1,0.9984059511158342,0,4.2944743441137785,1,3,277,0,,
45,1,113510,18,4666,4,1,4,4,1,2,2.0,0,1.4623770927356716,3,2,221,0,,
54,2,39154,86,4587,3,0,2,0,0,0,0.9984059511158342,1,1.0643681702390602,1,3,64,0,,
62,0,92790,92,4853,4,2,3,1,1,2,0.9984059511158342,1,3.087196167263588,0,0,267,0,,
63,0,84791,90,2128,1,2,2,1,0,2,0.0,0,1.6882170413132154,2,0,169,1,,
57,0,62595,45,845,3,3,3,0,1,2,0.9984059511158342,1,1.7147887877221644,1,1,78,1,2023.0,1.0
47,0,25813,15,3583,0,3,1,4,0,0,1.0,0,1.934095427987584,2,1,211,0,,
38,0,74698,6,4288,2,3,0,2,2,2,1.0,0,2.9084252869803624,3,0,265,1,,
53,0,84385,97,3490,1,2,1,1,0,2,1.0,1,3.229338673503494,1,2,158,1,,
37,0,97722,10,1217,4,3,3,0,0,1,0.0,0,4.762333810565881,3,0,166,0,,
51,1,41975,87,2413,0,3,4,1,0,1,0.0,0,1.3718695314781733,2,3,265,0,2023.0,1.0
18,2,53439,22,2401,3,3,0,4,1,2,0.0,2,1.6190079834522826,1,2,187,0,,
55,1,75076,10,206,4,1,4,4,2,2,0.9984059511158342,2,3.391748396551115,2,0,135,1,,
27,1,100093,89,1325,0,2,0,2,0,0,0.0,2,1.7006986926118746,2,1,112,0,,
34,0,82771,50,3745,4,1,1,0,0,0,0.0,2,2.2615218833406043,3,1,142,0,,
66,1,119265,27,3900,2,0,4,4,0,2,1.0,2,2.6319976268653966,1,3,206,0,2023.0,1.0
53,0,108241,64,113,3,0,0,1,2,2,1.0,1,2.1932860142593444,1,0,175,0,,
52,1,81161,71,1705,4,0,2,2,3,0,2.0,0,2.094685894558303,3,0,187,1,,
37,2,40043,31,202,3,0,3,0,0,2,1.0,1,2.7277570353886027,0,3,110,1,2023.0,1.0
31,1,90461,63,3970,3,4,4,2,3,0,2.0,2,4.755187546665821,2,1,10,1,,
62,2,78480,29,4506,4,0,0,1,1,0,0.9984059511158342,2,3.2489775328640857,3,1,43,1,,
37,1,108815,90,1765,4,4,2,1,1,2,0.9984059511158342,2,1.2966796855368443,2,2,290,1,2023.0,1.0
52,2,57297,8,699,0,1,3,3,3,2,0.9984059511158342,0,4.131444849426012,2,0,254,1,,
69,1,100792,80,2297,2,2,2,4,3,2,0.9984059511158342,2,1.5584621198969877,3,0,67,0,,
56,0,37131,15,2654,0,1,0,4,2,2,1.0,0,2.1777944006261887,3,1,65,0,,
36,1,106959,84,2038,0,1,0,4,0,0,1.0,1,4.840693333597505,3,3,43,1,,
69,2,83528,66,3314,2,2,0,1,0,0,0.9984059511158342,2,1.9756086765044945,1,2,60,0,,
18,0,77923,41,427,3,2,4,2,0,0,0.9984059511158342,2,3.994389087561313,0,3,139,0,2023.0,1.0
34,2,74862,91,1885,2,1,2,4,2,2,0.9984059511158342,0,1.1619521867415985,1,1,70,0,,
37,1,26457,84,834,2,4,1,1,3,2,2.0,0,3.909058609027252,1,1,155,1,,
18,1,105122,67,3808,2,1,4,2,0,0,2.0,0,4.335161909841142,0,3,268,0,,
65,2,42551,18,2335,4,1,2,0,0,0,0.9984059511158342,2,4.506466444154611,3,1,213,1,2023.0,1.0
20,1,119714,96,779,2,1,2,2,2,1,0.0,2,1.5874744484890688,3,1,146,1,,
67,1,83295,77,627,3,2,1,0,0,1,1.0,2,3.91043424891186,1,1,226,1,,
44,0,94921,43,2291,1,0,0,2,3,1,2.0,2,2.7374688254909425,2,3,130,1,,
62,1,106269,59,931,2,3,2,4,0,2,1.0,1,4.538937108159407,0,0,16,1,,
40,1,56741,79,1638,3,1,3,3,2,0,2.0,1,4.429855390173247,3,3,283,1,,
35,0,23775,99,1629,0,1,4,0,2,0,1.0,2,2.806408472297331,0,2,42,1,,
41,0,95117,46,4253,0,2,0,2,1,0,0.9984059511158342,2,3.652660962546737,2,1,268,1,,
46,0,66971,10,629,0,3,0,2,1,1,0.9984059511158342,2,2.583141645180425,2,1,222,0,2023.0,1.0
57,0,52833,49,3453,0,2,1,0,1,0,0.9984059511158342,2,4.600604004357807,1,3,121,0,,
25,0,75248,8,2670,4,1,0,3,3,1,0.0,2,3.194566151787233,2,0,168,0,,
39,2,41256,39,3319,3,0,2,3,2,1,2.0,1,1.0775210799719188,1,2,104,1,2023.0,1.0
66,0,37629,3,3527,0,3,1,1,2,2,0.9984059511158342,0,4.533074138373884,0,0,94,0,2023.0,1.0
39,2,77748,4,1873,2,1,1,3,3,0,0.0,0,1.3587595846483862,3,1,277,1,,
54,2,117285,15,470,1,4,4,2,0,2,0.9984059511158342,1,1.0519263566611596,2,3,172,0,,
40,2,29340,13,1734,4,4,2,3,3,1,2.0,0,2.0879082387808885,1,3,177,0,2023.0,1.0
67,1,91524,52,1798,1,1,2,0,2,0,0.0,2,2.496366975818992,1,1,184,0,,
23,0,59770,38,1111,4,3,1,1,0,2,0.0,0,4.674724407428766,0,2,93,1,,
62,2,34662,5,1882,4,2,1,3,3,0,1.0,2,4.209111924076794,2,3,58,0,,
38,1,109606,97,1137,4,3,0,4,0,1,2.0,1,2.709773301565622,2,3,205,1,,
57,1,51440,12,4890,0,1,4,4,2,0,0.0,2,4.221268577344441,1,3,177,1,,
31,2,99993,33,2999,4,0,0,2,0,1,1.0,1,4.086606312760225,2,2,255,0,,
34,0,20015,73,3729,0,2,1,2,3,0,2.0,1,3.066581041853344,2,0,274,1,,
62,0,88860,71,1802,0,1,2,4,2,2,1.0,2,2.666982365094502,0,2,95,0,,
40,0,79526,41,3446,0,4,4,4,0,0,0.9984059511158342,2,2.965420877106109,1,2,13,0,,
41,0,81756,21,386,4,3,3,1,2,0,0.9984059511158342,2,2.669298604939197,2,1,62,1,,
65,2,26333,26,671,0,4,0,3,2,2,1.0,0,3.735692131935372,0,0,119,0,,
33,0,30523,61,3987,0,1,2,3,3,1,0.0,1,4.228030191751474,3,2,73,1,,
21,1,53268,31,246,1,1,1,1,1,2,1.0,2,4.352325405497803,1,1,275,1,,
53,0,24019,70,1902,3,4,3,3,2,1,1.0,1,4.137867165467524,1,3,192,0,,
65,0,54129,33,1177,3,3,4,3,1,0,1.0,1,3.469010299205088,1,0,233,0,,
54,2,104422,55,3688,1,0,4,2,3,0,0.0,2,2.9328012837766746,3,1,221,1,,
20,1,107493,46,4621,1,3,3,0,2,2,0.0,1,4.446628825842669,3,1,228,1,,
25,2,51688,62,2725,3,2,4,4,3,0,0.9984059511158342,2,2.22101210743297,2,0,226,1,,
20,0,67968,8,3453,3,0,4,1,1,0,1.0,1,1.9929166962541376,2,1,193,0,,
69,1,101060,45,395,3,0,1,2,1,2,2.0,1,2.886619791396785,1,3,85,1,,
49,1,20916,16,4465,0,0,3,3,2,2,1.0,1,2.999097147585439,0,3,94,0,,
40,0,86299,52,2591,2,3,2,3,2,2,0.9984059511158342,2,1.9408997213157213,3,2,35,0,,
63,1,107091,64,1371,0,3,2,4,1,2,2.0,2,1.6344826383994304,2,3,155,0,,
30,1,79136,79,4323,3,4,1,3,2,2,2.0,2,4.824434673392476,2,2,151,0,,
35,0,67445,56,3819,3,4,2,1,1,2,0.0,0,3.909890849842664,2,1,10,0,,
46,0,110830,28,4948,0,2,4,3,3,2,0.9984059511158342,2,3.33234032860756,2,2,123,1,,
66,0,72328,13,2839,1,2,4,2,0,1,0.9984059511158342,0,3.118664104238096,2,0,38,0,,
44,0,21379,59,261,0,1,3,2,0,2,0.0,1,2.016433297957568,3,2,221,1,,
55,0,108707,61,4518,4,4,1,1,2,2,1.0,0,4.967664633000135,3,1,45,0,,
49,2,113778,62,3977,4,3,3,3,2,1,0.9984059511158342,0,4.658018217237286,3,3,67,1,2023.0,1.0
29,2,103346,48,4735,1,4,0,1,3,2,2.0,0,2.553602507803635,1,1,140,0,,
63,2,105211,29,1701,0,1,2,3,0,1,2.0,0,2.317664498980215,1,3,191,0,,
23,2,75797,90,3994,0,1,4,1,0,0,0.9984059511158342,1,4.592443426057047,2,0,221,0,,
48,0,77346,51,4704,4,4,0,2,3,2,2.0,0,1.992774082656613,0,3,236,1,2023.0,1.0
51,1,26026,39,3711,3,4,2,2,3,0,1.0,2,3.005200852419951,0,0,10,0,,
44,0,25741,54,4214,3,1,0,0,2,2,1.0,0,3.2153698585670174,0,1,148,0,,
32,0,37106,22,2455,4,3,3,2,3,1,0.9984059511158342,1,2.0608826252949988,3,0,286,0,,
42,2,113948,10,3718,2,1,0,4,2,0,0.0,2,4.5440364525020165,0,3,262,1,,
21,2,85609,90,4390,4,1,0,2,2,2,1.0,0,3.185329417872058,1,3,195,0,,
23,1,103591,4,3771,4,4,1,0,1,2,0.9984059511158342,1,1.3016684947224348,1,3,233,0,,
35,1,100731,2,4582,4,0,4,0,1,1,0.9984059511158342,2,1.9567062785832976,2,2,184,0,,
19,2,85792,77,4551,2,4,1,3,2,2,0.9984059511158342,0,2.0493735237947246,1,1,215,1,2023.0,1.0
18,1,26565,2,3718,4,1,4,1,2,2,2.0,2,2.122782836834667,2,3,117,0,,
49,2,58187,92,3464,3,4,1,2,2,0,2.0,2,4.256310585152842,0,3,56,1,,
39,2,112116,13,2742,3,1,4,3,0,2,0.9984059511158342,1,1.100640082275675,1,2,41,1,,
65,0,73223,72,188,4,0,0,3,1,2,2.0,0,3.84090054667708,3,0,44,1,,
58,0,111253,13,202,0,0,0,0,2,1,0.0,1,3.448944519085313,3,2,250,0,,
39,0,59743,73,1054,4,4,1,2,1,2,0.9984059511158342,2,4.664626299888503,0,2,174,0,,
51,1,118297,8,3824,1,0,0,2,3,0,2.0,1,3.604872436655887,3,2,114,0,,
56,1,72134,92,4026,1,2,4,2,2,2,0.0,2,3.672987159977554,3,1,74,1,,
28,0,74989,59,2080,4,4,4,2,1,0,1.0,1,3.341413401476625,2,2,294,1,,
51,0,41494,71,1118,0,3,2,1,2,0,1.0,2,3.372980502865663,0,3,133,1,2023.0,1.0
61,1,51153,94,1678,2,2,2,1,2,0,0.0,2,3.099045858838107,2,1,74,0,,
38,2,45968,44,1875,3,1,1,0,3,1,1.0,1,1.61155654860464,0,2,20,0,,
52,2,69950,34,1168,2,2,0,2,1,2,0.9984059511158342,2,2.23945299595679,0,3,138,1,,
33,0,22939,7,1821,4,4,1,4,2,2,2.0,0,2.385556961361421,1,0,6,1,,
45,0,113145,51,4633,3,0,4,1,2,2,0.9984059511158342,1,2.4303633889868066,3,0,257,0,,
26,0,24090,70,1237,2,2,0,1,1,0,0.0,0,3.2213890584727007,1,3,238,0,,
45,0,66553,17,3600,2,3,2,0,3,0,0.0,2,3.859893070313703,0,0,163,1,2023.0,1.0
30,1,106889,14,4991,1,2,3,3,1,2,1.0,1,3.1206729496740757,0,3,38,0,,
62,1,52322,67,1731,3,2,3,0,1,2,2.0,2,1.2620447380561477,1,2,279,0,,
64,1,116356,6,3572,2,4,4,2,3,0,0.9984059511158342,2,4.321627452427078,3,3,191,1,2023.0,1.0
67,0,36347,43,2542,4,2,4,4,2,0,0.0,1,3.0046069298267364,0,3,154,0,,
18,1,72726,33,3409,1,3,3,4,1,1,0.9984059511158342,1,3.344154225244917,0,1,211,1,,
31,2,53910,24,3750,1,2,4,0,1,2,1.0,1,3.7609470140201178,0,2,188,1,,
69,1,100739,7,3226,1,2,0,1,2,0,0.0,2,4.507073919168349,0,2,232,1,2023.0,1.0
23,0,73744,31,239,3,3,0,0,2,2,0.9984059511158342,0,4.968133225508946,0,3,155,1,,
65,0,112085,67,254,4,1,4,3,1,2,0.0,1,1.5758803068559404,3,3,262,1,,
19,2,101578,19,1505,2,2,2,1,1,1,2.0,0,4.757968227496441,0,0,195,1,,
59,0,107579,99,3657,1,2,3,4,2,2,2.0,0,3.650852339005136,1,3,61,1,,
55,1,34179,4,3132,0,1,3,1,0,2,0.0,1,1.0778569472817954,0,3,248,0,,
58,1,46372,69,3367,0,4,0,3,3,0,0.9984059511158342,0,2.728661294863429,2,0,67,1,2023.0,1.0
28,1,50143,42,3193,1,1,1,1,3,2,2.0,0,1.3241381107698378,1,0,137,0,,
58,0,48522,30,3231,3,4,1,4,2,2,2.0,1,2.437116529066361,0,0,180,0,,
55,1,82904,66,511,3,4,2,1,1,0,0.9984059511158342,0,2.4681822697336897,0,0,249,1,2023.0,1.0
43,2,115278,76,2399,0,3,3,0,0,0,0.0,2,4.873890983025821,1,1,206,1,,
61,1,23404,45,1923,3,1,2,0,1,2,1.0,0,3.383211742407568,3,2,275,0,,
56,0,93527,67,2351,3,1,3,3,2,0,1.0,0,2.3928396388190687,1,2,235,0,2023.0,1.0
18,0,49986,15,1007,4,1,2,2,2,2,2.0,2,4.168101501910472,3,3,204,0,2023.0,1.0
59,0,35932,17,209,0,1,1,3,0,2,2.0,1,4.441789127897492,1,2,153,1,,
51,0,106862,15,1789,1,1,2,4,2,0,2.0,1,2.1006675978287994,1,2,291,0,2023.0,1.0
66,0,31109,43,4212,1,2,1,2,0,2,1.0,1,2.99940047961197,3,0,150,1,,
32,0,76414,34,4741,2,1,1,0,3,0,0.9984059511158342,0,1.2550408516683933,0,3,149,1,2023.0,1.0
53,0,73678,69,357,0,2,1,4,2,1,2.0,2,3.156112129608525,3,1,244,0,2023.0,1.0
56,0,107381,73,4904,3,2,3,3,1,1,0.9984059511158342,0,4.77783557270725,3,2,38,1,,
23,2,94420,77,711,0,0,2,2,0,0,0.0,2,2.456276812179849,1,1,231,1,,
47,2,110964,50,269,2,2,1,0,2,1,0.0,0,2.1778868018329045,0,2,258,1,2023.0,1.0
56,0,40927,44,2227,3,0,3,0,2,2,0.9984059511158342,2,4.857257195614942,0,1,276,1,,
53,1,77324,62,2535,2,4,3,1,0,1,0.0,2,4.23283348535763,0,3,161,1,,
48,0,53370,64,183,4,4,2,3,1,2,0.9984059511158342,1,3.3332508236360217,0,0,165,1,,
62,1,93469,29,372,1,4,0,1,2,0,1.0,1,2.467561549403856,2,3,205,0,2023.0,1.0
63,0,105239,25,194,4,1,0,0,0,1,0.9984059511158342,2,1.8059605839852015,0,1,167,1,,
40,2,88916,14,1642,0,2,0,4,2,2,2.0,1,2.3872736601487734,0,0,279,0,2023.0,1.0
35,0,68365,88,3572,3,4,1,2,1,1,0.9984059511158342,1,2.327319374594614,2,0,191,0,,
58,2,77287,44,3462,3,0,1,3,2,2,0.9984059511158342,0,4.722768622230291,3,2,247,0,,
68,1,69177,38,2856,3,3,1,0,1,0,0.9984059511158342,2,2.9735730713854367,0,3,186,1,2023.0,1.0
43,0,29304,91,1672,3,4,3,2,3,0,1.0,0,4.364349347894953,2,1,143,0,,
62,0,27887,50,2480,2,1,2,2,0,2,1.0,1,1.4959260837122437,2,1,192,0,,
48,0,115815,75,2566,3,4,4,1,1,2,0.9984059511158342,2,1.086235618670218,0,1,269,1,2023.0,1.0
43,1,41770,23,1141,1,3,1,4,3,0,0.0,1,4.575110269024249,3,2,214,0,2023.0,1.0
68,0,80032,79,2739,4,1,4,2,1,0,0.9984059511158342,1,2.4724529695337525,2,3,185,1,,
23,1,27970,15,2512,2,0,2,3,3,2,1.0,1,2.7163328764884698,0,2,125,1,,
23,1,117551,63,3869,2,0,3,3,1,0,0.0,2,4.021087032830711,1,0,121,1,,
32,2,38907,24,4891,2,1,2,1,1,2,1.0,2,4.723858280568428,1,1,194,1,,
61,2,32755,5,1044,4,1,3,3,0,0,1.0,2,4.0446589163224616,1,0,274,0,,
68,1,118206,72,3957,0,2,4,2,1,2,0.9984059511158342,2,3.990902120451432,0,0,157,1,,
66,0,24482,91,2600,1,4,2,4,1,2,1.0,0,2.5535488555144843,3,2,182,0,,
58,0,93177,15,4573,2,4,1,0,0,1,0.0,1,2.2572849187530286,3,2,232,1,,
33,1,52963,1,1635,4,3,1,3,1,0,0.0,0,2.75930343083501,3,0,139,0,,
68,0,108771,84,1907,4,3,0,3,2,0,2.0,2,4.098585537600807,2,1,278,0,,
19,1,99164,32,1190,3,4,4,3,3,0,2.0,1,1.220757215064877,1,2,102,0,,
35,2,66022,3,584,0,0,4,2,0,1,2.0,2,3.0399462734802367,1,3,290,1,,
27,1,117425,67,2183,0,3,1,0,0,0,2.0,0,4.944100481280666,0,0,86,1,2023.0,1.0
51,1,38030,25,1048,0,3,4,1,3,0,1.0,0,1.9409648064844185,0,0,223,0,,
69,2,72076,82,2522,2,0,4,2,1,1,0.0,0,4.957729953042991,3,0,106,1,,
50,2,111354,36,2118,4,0,0,3,3,0,2.0,1,4.428805219433108,3,3,48,1,,
48,2,93356,19,1361,4,4,3,2,2,0,0.9984059511158342,2,4.491332848949004,1,1,23,1,,
41,2,73260,39,1632,4,2,3,4,2,0,0.0,0,1.562291409170708,0,0,257,0,,
64,2,75746,25,2659,4,1,2,3,2,1,0.9984059511158342,1,4.444296862863733,0,2,156,1,2023.0,1.0
27,1,50844,54,2129,3,2,2,0,1,1,0.0,1,4.582797545786537,2,2,110,0,,
26,2,100399,87,3139,4,1,3,2,2,0,0.9984059511158342,2,2.3457251745715766,1,1,132,1,,
53,1,41143,95,463,0,3,1,3,3,0,0.0,1,4.030617100768318,0,0,52,0,,
37,1,20634,45,4678,0,2,2,3,0,0,0.9984059511158342,2,4.9308017570873375,3,0,254,1,,
24,0,87021,53,1883,2,4,1,3,0,2,2.0,1,2.9089551513342964,1,0,42,1,,
58,0,20255,29,4999,0,0,2,2,0,1,0.0,0,2.5689633766502387,0,2,56,1,,
58,0,73813,65,4067,4,3,4,4,3,0,0.0,0,2.48492227629059,0,0,43,0,2023.0,1.0
28,1,62017,34,3341,2,0,4,2,2,0,2.0,0,4.20925296285303,0,3,178,1,2023.0,1.0
57,0,50346,62,195,0,3,1,0,2,0,2.0,1,3.165072190112073,2,3,181,1,,
56,1,66156,39,1463,2,1,2,2,3,2,1.0,2,2.646832664460095,1,3,187,1,,
51,1,99794,71,3634,1,3,2,2,2,2,1.0,2,1.4093414933498192,3,0,115,0,,
38,0,35185,14,3916,0,2,4,4,0,2,0.9984059511158342,1,3.869865922401148,2,3,150,1,,
66,0,99431,24,3021,0,0,4,4,0,0,2.0,1,2.3484951372285345,0,0,207,1,,
66,0,66539,97,2708,0,3,3,4,0,0,0.9984059511158342,0,2.3945284399056623,1,2,291,1,,
51,0,25965,87,2370,3,4,4,3,2,2,2.0,0,2.947783989295456,0,0,140,0,,
64,0,22882,97,295,1,4,2,1,2,0,0.0,0,4.921681515329281,2,3,295,1,2023.0,1.0
51,2,30985,8,1376,2,0,1,4,2,0,0.9984059511158342,2,4.6021016400089,0,2,31,0,2023.0,1.0
50,2,117123,12,4681,3,4,3,2,2,2,1.0,1,4.183910755034006,3,1,137,0,,
22,0,113993,53,1757,1,2,0,0,0,2,1.0,2,2.8597136505770773,1,0,266,0,,
25,0,97188,30,4952,3,3,2,4,3,1,2.0,2,2.2368602119250927,3,2,234,0,,
55,1,28507,64,3347,1,0,0,1,1,1,1.0,0,1.0738084118241913,0,2,269,0,,
38,0,76234,41,2935,4,2,3,0,3,0,1.0,0,2.8360200492205943,1,1,46,1,,
45,0,91591,88,2657,0,0,0,4,1,0,1.0,0,2.7731849857919357,2,1,74,1,2023.0,1.0
21,1,45146,18,3763,3,2,2,0,1,0,0.9984059511158342,0,4.111264342095552,2,1,90,1,,
28,0,108779,16,2165,2,1,0,2,2,0,1.0,1,3.764315493982537,3,2,151,0,2023.0,1.0
64,1,95838,36,1316,3,0,0,0,3,2,2.0,1,2.2842741777298525,3,2,199,0,,
40,1,86896,45,3012,3,2,4,2,0,2,1.0,0,2.5828549610550717,2,1,104,1,,
68,2,101301,65,3666,3,4,1,1,2,1,0.0,2,4.662457297068506,3,3,94,1,,
40,2,107404,58,3784,1,3,4,0,0,2,1.0,2,1.118564434946602,1,1,187,1,,
60,0,91596,19,3529,4,1,0,0,1,0,0.0,1,4.2636278192776205,1,2,259,0,,
40,1,25738,67,4053,0,0,4,2,2,1,2.0,0,3.9337844804503126,2,1,102,0,,
39,0,88879,79,433,1,4,3,3,2,1,1.0,1,3.2532387739064585,3,3,60,1,,
46,0,46962,83,1903,4,4,2,1,0,1,2.0,1,3.53891867861522,2,0,41,0,,
49,1,98287,27,905,0,1,1,4,3,2,0.0,0,4.995359230707331,0,2,164,1,,
18,0,20765,52,1720,0,3,2,3,0,1,0.0,0,2.7855261692250592,3,3,122,1,,
21,0,46783,16,4792,1,1,3,1,0,0,1.0,2,1.5364760567011104,0,2,245,0,,
40,2,36450,65,676,2,0,3,2,0,2,0.9984059511158342,1,1.304587708987898,3,2,225,0,2023.0,1.0
45,1,84541,91,1441,0,2,0,2,0,1,2.0,1,3.056136500903848,2,1,5,0,2023.0,1.0
33,0,22419,91,141,0,3,3,1,0,2,2.0,1,4.038609019833973,2,0,154,0,,
26,2,21883,47,4957,3,3,3,0,3,0,0.9984059511158342,2,2.665379757757236,2,3,122,1,2023.0,1.0
62,1,54433,11,2027,1,2,4,3,1,2,0.9984059511158342,1,1.8349874694849224,2,3,105,1,,
25,0,88020,45,1362,0,3,4,1,0,2,1.0,0,2.606786348216546,3,0,286,0,,
31,2,70460,54,2272,3,2,0,0,0,2,2.0,2,1.053586382895776,1,1,281,0,,
42,0,41946,79,3902,3,4,4,2,2,1,1.0,1,4.105784182501029,2,3,163,0,,
43,0,62718,78,2348,3,3,4,1,1,2,2.0,0,1.2700612548485966,3,3,277,1,,
33,2,69396,18,3034,1,3,0,0,1,0,1.0,2,2.5151287823612685,2,0,84,1,,
56,0,49655,71,598,2,4,1,1,0,2,0.0,0,4.555528824582378,3,1,8,0,,
67,1,86577,17,2828,1,2,2,1,2,2,2.0,2,1.7123059870371442,3,2,235,0,2023.0,1.0
19,0,104263,4,3064,0,2,1,2,3,2,2.0,2,4.148067019815047,0,1,169,0,,
61,1,83769,26,1350,2,2,3,4,2,2,0.0,1,4.901723876598192,1,0,104,1,,
35,0,51285,94,4585,3,0,0,1,1,2,0.0,1,3.121245181936114,0,2,208,0,,
26,0,60484,91,2848,0,3,2,1,1,1,1.0,0,1.9762912892261288,1,1,98,1,,
69,0,45156,91,3473,3,4,1,1,0,0,0.9984059511158342,1,4.957268232813156,3,1,56,0,,
42,1,64028,83,2464,4,3,1,0,1,2,2.0,0,4.821312147350098,3,1,119,0,,
38,0,87696,49,4030,0,3,0,2,2,2,1.0,0,1.274445209401942,2,2,98,1,2023.0,1.0
59,2,29476,28,1923,4,2,0,4,3,1,0.9984059511158342,0,3.5133264265058104,3,0,286,1,,
46,0,73969,93,815,0,4,1,3,1,0,2.0,1,4.588023351651364,0,3,280,0,2023.0,1.0
56,1,45322,6,4157,0,2,2,3,3,1,0.9984059511158342,0,3.5229645617998377,1,3,102,1,,
43,2,44714,38,3144,3,0,0,1,0,1,1.0,1,2.545670847699818,0,0,45,0,,
28,0,108321,33,1155,3,3,1,4,2,1,1.0,2,4.742967155184534,3,1,71,0,,
34,1,26212,44,1437,1,2,3,0,3,0,0.0,1,4.43323250579237,2,0,10,0,,
55,0,74304,2,2261,3,4,2,4,3,0,2.0,0,2.993184407905958,2,0,196,1,2023.0,1.0
66,2,114620,62,2629,4,4,4,0,0,0,0.0,2,3.8793194055979225,0,0,57,0,,
22,2,45009,96,2909,3,0,0,0,2,0,2.0,1,4.4192305806724255,2,1,215,0,,
64,1,119724,14,2529,1,0,0,2,1,1,1.0,1,2.6716660293940704,2,1,127,1,2023.0,1.0
69,0,94157,92,169,4,4,3,1,1,2,0.9984059511158342,0,4.800261200007271,1,1,212,0,2023.0,1.0
21,0,79220,85,233,2,1,1,0,2,1,1.0,1,2.096922534284956,2,2,40,1,2023.0,1.0
53,1,63988,35,1125,1,2,1,2,0,2,0.0,0,4.55977316343658,0,0,136,1,,
51,2,109900,14,2658,0,0,3,3,2,2,0.0,0,1.066475243565281,2,3,90,1,,
34,0,83043,56,4185,1,1,0,4,1,0,1.0,2,2.080503231536728,0,2,66,0,,
28,2,27032,42,2598,4,1,2,2,1,2,1.0,1,3.2585326360118567,0,3,95,0,,
21,0,99054,2,3251,3,0,4,2,2,2,0.0,0,2.7216921230012616,0,0,259,0,,
46,2,36059,34,1622,0,1,4,1,0,2,0.0,0,1.559517143549575,2,0,40,1,,
21,2,40600,89,1963,4,3,1,2,1,2,0.0,2,1.4953478035923755,0,2,258,0,2023.0,1.0
27,1,109012,74,2538,2,3,3,1,0,2,2.0,1,3.2931317991413387,0,1,268,0,,
61,2,21509,28,2527,2,1,1,0,3,2,0.0,0,1.8053844210346672,2,0,62,1,,
46,2,101147,29,695,0,4,3,0,0,0,0.9984059511158342,2,1.4288500003888358,0,0,28,1,2023.0,1.0
68,1,97123,3,1774,0,1,0,0,0,2,1.0,0,1.6300190271446984,3,0,226,0,,
53,1,44188,81,3663,2,0,0,1,3,2,1.0,2,2.845077872398422,3,1,94,0,2023.0,1.0
69,2,70070,67,2513,2,3,1,0,3,2,1.0,1,2.7370305215005954,0,0,38,1,,
49,2,42658,28,1518,2,4,1,3,2,1,0.0,0,3.930889837073717,2,0,121,0,2023.0,1.0
43,2,91468,84,985,0,1,1,1,2,0,0.9984059511158342,2,2.852985966063606,2,2,122,1,2023.0,1.0
37,0,96281,96,2656,0,3,3,3,2,1,0.0,1,1.927209577195354,0,0,24,0,2023.0,1.0
68,1,59159,74,3767,4,0,1,4,1,2,0.0,0,4.71162997445876,2,0,152,1,2023.0,1.0
58,0,92980,19,158,0,0,1,4,3,0,2.0,0,2.3710342263056257,1,2,266,0,2023.0,1.0
45,0,107594,26,738,2,4,0,2,1,2,0.0,1,2.673039186353871,0,1,184,0,2023.0,1.0
23,0,85592,69,4939,3,3,2,2,2,0,2.0,0,3.0388076100193,2,1,100,0,,
53,1,46639,2,2698,2,3,0,4,3,2,2.0,0,2.7468244630430863,1,1,93,1,2023.0,1.0
68,0,96018,30,340,3,2,1,4,1,2,1.0,2,3.317025591670268,1,1,155,1,2023.0,1.0
44,0,46918,28,1170,2,2,0,0,2,2,2.0,2,4.027421418267212,3,0,146,1,,
63,1,64653,93,4664,1,1,4,3,3,0,2.0,1,4.012691164292134,1,2,115,0,,
59,1,70290,95,4153,3,4,3,1,2,0,0.0,2,3.4921016927881565,3,0,39,0,2023.0,1.0
41,0,67671,45,3704,0,0,4,2,1,2,0.0,2,2.393401751659084,3,2,79,0,,
38,1,23952,74,3014,0,0,1,3,3,0,0.9984059511158342,2,2.280501968232175,2,3,275,0,,
68,0,24576,15,4283,1,2,3,1,3,0,0.9984059511158342,1,1.767417220241239,1,2,255,1,,
67,1,113619,15,1294,2,1,0,3,0,0,0.0,1,3.401366890853397,3,2,18,1,,
37,0,26955,40,354,1,3,4,4,1,0,1.0,2,3.513888043534658,1,3,231,0,,
51,1,73214,97,1601,0,1,0,0,0,2,0.9984059511158342,2,1.6621028691926458,1,0,157,1,,
55,0,38006,49,1211,0,3,3,2,1,2,2.0,1,3.938886681414577,2,2,101,0,2023.0,1.0
29,1,114702,74,1410,0,4,4,2,1,0,2.0,2,3.9297544268601,2,1,46,0,,
49,0,37522,72,2757,0,1,4,1,2,0,0.9984059511158342,0,1.7605470239701009,1,2,73,0,2023.0,1.0
62,1,103509,13,519,4,1,0,4,2,1,0.9984059511158342,2,4.242327468549191,1,1,87,0,,
34,0,40169,97,276,0,4,0,4,3,0,2.0,1,4.580410858892693,0,1,36,1,,
56,2,96289,98,2372,3,2,1,2,0,0,2.0,0,4.384174617005749,2,2,239,1,,
18,1,45230,97,4381,4,4,2,1,2,1,0.9984059511158342,0,1.033129298450472,2,3,200,1,,
19,2,95706,18,2671,0,4,2,2,1,0,2.0,2,3.704807302515799,0,0,238,0,,
36,0,52788,98,3776,1,3,0,3,2,0,0.9984059511158342,0,1.5397824938716411,2,2,77,1,,
56,1,103402,10,925,0,1,2,4,2,2,0.0,1,3.3812801244460764,3,2,125,0,,
43,0,110481,64,1114,1,2,3,4,2,2,0.0,0,3.699090389469913,1,1,38,0,,
63,1,48451,34,1642,4,4,4,0,2,2,0.9984059511158342,1,4.52793585361281,1,3,15,0,,
19,1,119981,19,1532,0,3,4,3,3,0,2.0,1,3.7972094205624103,1,1,105,1,,
25,1,78745,43,2628,0,2,1,1,0,2,0.9984059511158342,1,1.790550980093545,1,2,232,0,,
38,1,92577,76,3772,0,3,3,2,0,2,0.9984059511158342,1,4.5592236525468905,3,3,202,1,,
31,0,41050,64,3234,2,4,0,2,3,1,1.0,0,3.5056930732343337,0,0,169,1,,
33,0,33665,3,2174,2,2,1,3,2,1,0.9984059511158342,0,2.435394970424324,0,1,145,1,2023.0,1.0
49,1,117676,91,3849,1,0,4,4,3,1,0.9984059511158342,0,4.495715498927376,1,3,1,1,,
46,1,86320,83,1588,0,3,0,0,2,2,1.0,1,3.1509370364341125,0,1,28,1,2023.0,1.0
29,1,106818,49,1508,3,0,2,0,2,2,0.0,1,1.366917572696667,3,2,260,1,,
46,0,49802,1,4340,1,3,0,4,1,0,0.0,1,1.2992224223721212,1,2,116,0,,
63,0,21645,15,3210,2,4,4,0,0,0,0.0,2,1.2956031277134117,3,3,270,0,2023.0,1.0
61,1,28539,89,3374,1,0,2,3,1,0,2.0,1,2.7694817826551312,1,3,32,0,2023.0,1.0
52,1,89754,51,3325,3,3,4,3,3,2,1.0,2,1.123939566332626,1,2,24,1,,
64,1,40471,62,1175,2,4,3,0,0,2,1.0,1,4.2953396261897465,0,3,95,0,,
20,2,104728,35,2820,3,2,2,1,2,2,0.9984059511158342,1,3.442859147081567,0,3,119,1,,
66,1,99027,39,4734,2,2,3,3,1,1,0.9984059511158342,1,2.8768587884400434,1,1,247,0,,
34,0,113590,60,2267,1,3,4,2,0,0,1.0,1,2.8129535486321524,2,0,182,1,2023.0,1.0
39,1,88731,4,268,4,3,4,4,2,0,0.0,1,3.2999326325843468,0,1,67,0,,
53,2,116805,20,2202,3,4,0,0,1,1,2.0,1,2.6271538688129765,3,2,167,0,2023.0,1.0
23,1,62255,21,123,4,1,3,4,0,1,2.0,1,3.080568572213848,1,2,97,0,,
47,0,43284,52,556,0,2,4,2,0,1,0.0,0,4.558826038393207,1,0,71,1,,
42,0,117272,84,1872,0,0,0,1,3,2,0.0,1,4.709501053743635,2,2,247,0,2023.0,1.0
29,1,27771,55,3466,3,2,0,3,3,0,0.0,2,3.868244965028169,1,3,164,1,,
45,0,54640,19,4393,3,0,1,2,0,1,0.9984059511158342,1,4.360913023452499,3,1,242,1,,
28,1,80692,85,3789,3,1,4,1,2,2,0.0,2,3.82977280352877,1,2,281,1,,
20,0,119143,35,2333,4,0,1,4,0,1,2.0,0,1.3866550461980345,0,1,175,0,,
24,0,61335,96,3233,0,4,2,0,1,0,0.0,1,4.352105674466136,1,2,262,0,,
39,1,32211,6,1806,1,2,2,1,3,2,2.0,2,3.168705665264858,0,2,26,1,,
66,0,72104,30,2676,3,3,1,1,0,2,1.0,1,1.6099160668158512,1,3,124,0,,
60,0,37821,94,3675,4,2,3,4,0,0,1.0,2,1.5464008577429915,1,0,215,0,,
34,2,25745,61,4709,4,4,1,0,1,1,2.0,2,1.7351766756244635,2,3,50,1,,
58,0,60108,23,4583,4,1,1,3,2,2,2.0,0,4.376839220933038,1,1,175,1,,
25,0,95430,44,3182,2,3,3,4,0,0,2.0,2,3.715970787433265,1,0,100,0,,
64,0,108662,63,2516,3,3,2,4,1,1,0.0,1,3.0499702575693397,1,3,131,1,,
54,1,24746,21,4312,1,0,1,4,1,0,2.0,2,1.7971083913308674,2,0,194,0,2023.0,1.0
43,1,80287,21,4649,2,3,4,4,3,1,0.9984059511158342,2,1.945685393963772,3,3,138,0,,
25,0,77737,30,334,2,2,4,1,0,2,2.0,2,1.142315958911324,3,0,115,0,,
28,0,79254,85,3232,3,4,3,1,1,2,0.0,1,4.768044754557719,0,1,92,0,,
27,0,92780,51,3184,3,1,1,4,1,0,2.0,0,1.993762650708783,1,2,201,1,2023.0,1.0
37,2,37156,25,3407,4,1,4,3,3,2,2.0,0,2.41361267082712,3,1,52,1,,
53,0,50846,22,4271,4,0,4,1,3,0,1.0,0,2.0043538716988616,0,3,141,0,,
32,0,81160,19,3306,4,0,4,3,1,1,0.0,2,4.113167939202276,2,0,17,1,,
52,1,24096,82,4315,0,4,1,2,2,2,0.9984059511158342,0,2.9781411309981505,0,2,180,0,,
49,1,118066,77,680,0,2,2,1,1,0,2.0,2,4.557203485491006,2,1,61,1,,
45,1,101371,17,2546,3,4,2,1,3,0,0.0,2,4.836873315419563,2,1,224,1,2023.0,1.0
51,0,62903,10,3520,2,2,2,0,1,2,1.0,0,1.7875319999620487,1,1,65,0,,
54,1,115201,34,4258,0,2,3,3,0,2,0.0,2,1.7056422591245064,0,1,19,1,2023.0,1.0
23,2,105961,83,867,4,2,4,2,1,0,0.0,1,4.8319035185542285,1,2,230,0,2023.0,1.0
47,0,81451,29,4384,3,2,4,2,0,0,2.0,2,4.31090996059072,1,3,290,0,,
37,0,30346,81,4834,2,3,1,4,0,2,0.9984059511158342,1,2.5991139637132865,3,3,214,1,,
37,1,90009,74,1732,4,1,2,2,1,0,0.9984059511158342,0,4.664248807934859,3,1,29,1,2023.0,1.0
49,2,92216,28,1668,0,4,4,2,3,1,0.0,0,3.039102200014198,2,0,259,1,,
45,2,118633,57,3768,2,4,4,1,3,2,0.9984059511158342,0,1.424153444534678,2,0,10,0,,
53,1,35779,13,281,0,4,0,3,2,2,0.9984059511158342,1,1.0749033890831092,0,0,22,0,,
36,2,35225,5,4389,2,0,4,3,1,1,0.0,1,3.073508012822787,2,2,243,0,,
18,1,119430,78,4791,0,2,1,3,2,1,0.9984059511158342,1,1.9876094058612344,3,0,253,1,,
19,0,58619,45,4828,1,4,3,3,3,0,0.0,2,1.465333669321506,1,1,217,0,,
58,0,97124,9,431,2,3,4,1,0,2,0.0,0,3.058474489325103,1,0,278,1,2023.0,1.0
58,2,117555,8,3751,2,4,2,1,3,2,2.0,0,3.375508259753065,3,0,120,0,2023.0,1.0
42,0,98616,25,4096,0,0,0,1,2,0,0.9984059511158342,1,2.4028645025666617,2,3,140,1,,
31,1,42796,88,4190,0,1,4,2,2,1,2.0,1,2.599305515431856,3,1,237,1,,
27,0,68929,41,4086,0,2,2,0,1,0,2.0,2,4.659674808300584,0,1,165,0,2023.0,1.0
68,1,39996,28,978,2,2,1,0,0,2,0.0,0,3.3474151165067387,2,1,217,0,,
63,1,115791,83,4434,4,2,2,4,1,1,1.0,1,3.413853214874547,2,0,33,0,,
23,2,30129,11,1499,2,3,4,0,0,0,0.9984059511158342,0,3.5936341366874345,2,0,135,1,,
20,2,51589,80,4678,1,1,1,4,1,1,1.0,2,3.1365457240191708,0,1,215,0,2023.0,1.0
43,0,98118,16,4144,0,1,3,4,2,2,0.0,2,2.1536514976206576,0,2,289,1,,
35,1,31085,14,1393,2,2,0,4,2,2,1.0,1,2.5777728894215475,3,3,257,1,,
19,0,42072,81,790,3,1,2,4,2,0,0.9984059511158342,1,1.877034994054918,2,0,50,0,,
22,0,56135,96,583,2,0,4,3,1,0,0.0,0,4.879726159491025,0,1,122,0,,
37,0,72482,61,2687,4,3,0,4,3,1,1.0,0,4.924345979966655,3,1,278,1,,
55,0,66229,4,1613,1,3,1,4,1,1,2.0,1,1.6636061416632084,2,0,85,1,,
22,1,82028,64,3291,3,1,3,2,1,1,0.0,0,4.270339773543345,3,0,126,1,,
31,0,71921,52,3620,2,0,2,3,1,1,0.0,2,2.6526925684650413,2,0,242,1,2023.0,1.0
39,1,78182,74,2711,2,2,4,2,0,2,0.0,2,2.410947149739997,1,2,49,1,,
31,1,77138,34,2668,3,3,1,3,3,1,1.0,1,3.5280979906961862,2,0,43,0,,
23,0,57338,14,3332,1,3,1,4,0,0,0.0,0,4.6227468102665785,2,0,123,1,,
50,0,115711,1,1821,0,1,1,3,2,2,2.0,1,3.3516396137156947,1,0,82,0,,
66,0,41988,93,2789,1,4,4,3,1,0,1.0,1,1.9440996627407685,1,2,288,0,,
34,0,81536,3,1072,2,2,3,2,3,0,1.0,0,4.610244874871572,0,0,114,1,,
26,2,39515,63,3907,4,3,1,2,2,2,1.0,0,4.150611906724443,3,3,17,0,,
32,1,97878,19,4340,4,3,3,0,0,0,2.0,0,1.3711517686272243,0,3,223,0,,
23,1,38704,84,3396,2,3,4,4,3,2,0.0,2,1.4587320204374792,2,0,256,1,,
46,0,93643,31,289,1,4,2,4,2,0,0.0,1,2.785313955933681,3,3,257,1,,
47,2,113878,24,569,4,0,3,2,2,0,2.0,0,4.41064910123891,2,3,259,0,,
23,1,103729,99,3257,0,3,4,3,0,2,0.0,0,4.31483205740154,2,3,297,0,,
45,0,64528,4,239,4,4,3,1,1,1,2.0,1,2.9417647163489287,3,0,223,1,,
27,1,50868,44,3154,2,3,3,1,2,2,0.0,0,1.279359430791883,2,3,127,0,,
54,0,25004,50,1017,0,4,4,3,0,0,0.9984059511158342,0,3.439804724344262,1,0,238,1,,
24,2,40557,65,1115,3,0,3,4,1,0,2.0,0,3.7536725803397912,1,3,75,0,,
28,1,86033,15,454,0,3,0,4,0,2,1.0,1,4.378056807161952,2,2,257,1,2023.0,1.0
24,1,89996,28,2217,1,2,4,2,2,0,0.9984059511158342,2,3.3953599024297465,3,1,298,1,,
49,0,32012,2,520,0,1,1,0,2,0,2.0,1,1.1054680068690683,1,1,10,1,,
52,0,27232,69,4301,0,0,0,2,1,1,0.9984059511158342,0,2.4694204138249085,3,3,119,0,,
39,1,63168,45,4274,4,2,3,2,2,0,0.0,0,1.230986561327911,3,2,192,1,2023.0,1.0
23,1,47378,48,1765,3,0,2,1,3,0,0.0,0,4.430364060475932,3,0,266,0,,
51,1,47579,75,887,3,1,1,0,2,1,0.9984059511158342,1,1.1664924446048066,3,3,143,0,,
57,2,82583,12,944,0,4,3,1,2,0,1.0,1,1.5554138841042535,1,0,159,1,,
21,0,29705,6,2323,1,0,1,1,2,2,0.0,2,2.293182974328101,2,0,233,1,,
49,1,43437,90,4014,3,0,2,1,2,0,1.0,1,1.174160730449143,1,1,67,1,2023.0,1.0
30,2,110504,15,3754,3,2,2,4,1,1,2.0,1,3.170190083693164,1,2,200,0,,
30,2,102806,19,344,1,1,3,0,0,0,0.0,0,1.6189446440249111,3,0,55,0,2023.0,1.0
35,0,23679,28,835,0,1,2,1,1,0,0.9984059511158342,2,1.6756087879272554,2,3,75,0,,
63,1,27274,92,1665,4,1,0,1,0,0,0.0,2,4.001288717306935,2,0,277,1,,
67,1,107616,31,3984,2,1,4,1,1,2,1.0,1,4.7589815142896015,2,3,67,0,,
69,1,114925,34,3430,0,2,1,3,3,0,1.0,2,2.4322631853520966,3,3,106,1,2023.0,1.0
58,0,110898,96,490,3,4,2,1,3,2,1.0,2,2.9069022607688257,0,0,138,1,2023.0,1.0
58,0,96816,59,791,0,2,0,0,2,1,2.0,2,2.6554192375009347,0,1,101,0,2023.0,1.0
66,1,108284,5,4469,4,1,4,3,1,1,0.9984059511158342,1,3.850799961947548,2,3,33,0,2023.0,1.0
24,1,70639,78,2391,1,0,0,4,3,1,0.9984059511158342,0,1.2155024035653788,1,0,228,1,,
38,0,62548,95,1942,2,1,4,1,1,0,0.9984059511158342,2,3.461867212802524,0,0,119,1,,
55,2,103441,52,3910,3,4,1,1,3,0,1.0,1,4.921504438941886,1,1,112,1,2023.0,1.0
36,1,76132,66,3653,4,1,2,0,1,1,0.9984059511158342,1,3.5932665553106595,1,2,186,1,,
21,0,82863,55,486,4,2,3,4,3,0,2.0,1,4.801025012582058,0,3,137,0,2023.0,1.0
51,0,51740,62,1359,1,3,0,1,0,0,2.0,1,3.394730928115912,2,3,106,0,,
41,2,77911,18,1445,4,1,1,4,1,2,2.0,2,1.7908526070786317,1,3,199,0,,
48,1,30247,34,107,3,3,0,0,1,1,0.0,2,1.491139646974447,3,1,114,1,,
53,1,50857,26,1519,4,2,2,3,2,0,2.0,0,2.179600573611107,3,1,274,0,,
46,0,96464,63,2528,1,2,4,1,1,1,1.0,0,1.3731822998598937,3,3,174,1,,
38,1,94632,43,962,1,1,2,2,2,0,1.0,0,1.2253962264188436,0,3,39,1,,
49,1,91474,59,3143,0,0,2,0,0,0,2.0,2,2.3454751104921887,1,3,48,0,,
19,0,100212,3,4313,0,0,1,0,1,2,1.0,1,1.0813057995642237,2,1,222,0,,
62,2,35700,43,881,0,3,2,3,0,2,1.0,1,3.2234910461768504,3,1,159,0,2023.0,1.0
46,0,111787,93,1565,2,4,2,1,2,2,0.0,2,4.953173261621552,0,1,247,0,2023.0,1.0
48,0,53371,78,2816,4,1,2,2,0,0,1.0,2,1.1046505005764289,3,1,57,1,,
68,1,83027,62,699,0,0,2,2,1,2,0.0,2,1.4566411574138565,3,2,266,1,2023.0,1.0
37,2,29244,32,1617,1,3,0,0,2,1,1.0,0,4.4505126547200335,1,1,114,0,,
21,1,112510,61,2889,0,1,0,2,3,2,0.0,1,1.874175575246923,1,2,94,0,2023.0,1.0
18,2,42463,80,823,2,3,1,0,1,2,0.0,1,1.201830847733881,3,1,237,1,,
59,1,48016,89,3282,1,1,2,3,3,2,2.0,0,3.9065104631279177,2,3,185,0,,
36,0,110555,91,1542,2,0,4,0,1,1,2.0,2,4.42386629815058,2,1,44,0,2023.0,1.0
27,0,66458,16,1879,4,2,3,0,2,1,0.0,1,4.746346787060908,1,1,155,0,2023.0,1.0
40,1,58736,27,319,4,4,0,0,2,1,0.0,2,1.7956783877386917,2,2,284,1,,
27,1,37959,39,2387,0,3,0,1,0,2,2.0,1,3.1312029893501814,2,3,276,1,,
46,0,21740,26,2705,0,0,2,4,0,2,0.0,0,3.849666012366729,2,3,82,0,2023.0,1.0
27,0,70708,11,1494,3,3,3,4,3,2,0.9984059511158342,0,2.9952478990609066,3,3,30,1,2023.0,1.0
64,2,45594,15,2893,4,1,0,0,0,1,1.0,2,4.752789817647522,3,3,269,1,,
64,0,30683,28,669,4,3,2,3,0,1,2.0,2,2.850765098934491,0,3,213,0,2023.0,1.0
21,2,72799,59,872,2,3,4,3,3,0,0.9984059511158342,0,4.262518086007495,1,3,129,1,,
55,1,61271,92,626,4,4,1,1,3,0,0.9984059511158342,2,1.6169296651650678,3,3,294,1,,
45,2,30482,44,3559,4,1,4,3,1,1,1.0,0,4.913797785676372,3,0,203,0,,
25,1,51357,23,4870,3,4,0,3,0,2,0.0,1,4.979570273494069,1,0,215,1,,
39,1,41183,5,3265,4,4,4,4,2,2,1.0,1,4.619521807955232,1,0,281,1,,
20,0,110179,20,3896,2,0,1,4,3,0,0.0,2,1.840895431747904,0,0,229,0,,
52,0,86446,18,2277,0,2,2,0,0,2,1.0,1,3.901438173668427,3,0,174,1,2023.0,1.0
29,0,74399,36,449,3,1,3,3,3,0,2.0,0,4.11497538702905,1,2,272,1,,
27,2,36167,35,840,3,3,2,0,1,0,0.0,0,1.295852230116334,1,1,135,1,2023.0,1.0
35,0,88306,67,2503,2,2,1,2,3,0,1.0,2,1.6986677861443238,3,1,84,0,,
66,1,106649,37,2095,4,2,2,2,2,1,2.0,1,4.019146231098251,0,0,234,1,,
31,0,40605,2,812,4,4,3,3,0,0,1.0,1,3.978308731256528,3,2,137,0,,
36,1,64891,9,2000,4,0,0,3,3,0,0.9984059511158342,0,3.1379068240467567,2,0,57,0,2023.0,1.0
42,0,52274,47,1862,0,1,2,1,1,0,2.0,1,2.694177956580324,0,0,61,1,2023.0,1.0
60,1,94266,84,782,3,0,0,0,1,0,2.0,0,2.534995136780417,1,3,271,1,2023.0,1.0
20,1,78105,34,4989,4,3,2,1,1,2,0.9984059511158342,0,2.4873468456362984,1,1,153,1,2023.0,1.0
58,1,75904,7,3576,1,3,0,0,2,1,0.9984059511158342,1,3.408190504679543,2,3,43,1,2023.0,1.0
68,0,37140,58,4866,4,2,4,3,3,2,1.0,1,1.7056517223711514,0,1,196,0,,
27,2,53902,57,2689,4,4,4,2,2,0,0.9984059511158342,0,3.5299980047135024,1,1,85,0,2023.0,1.0
56,0,109303,82,1604,0,4,1,3,1,0,0.9984059511158342,2,3.0749707220289184,0,3,229,1,,
56,0,20246,64,2642,2,3,1,4,0,1,0.0,1,3.606272447318948,3,1,239,1,2023.0,1.0
63,0,26611,72,1513,0,0,4,4,1,0,0.9984059511158342,0,3.168978255624935,3,1,79,1,,
25,1,109909,87,3725,1,0,1,2,2,2,0.0,1,3.624906048442616,0,3,125,1,,
48,0,73583,29,3545,1,2,4,0,0,0,2.0,0,3.347916996464391,3,3,135,0,,
19,0,33305,76,995,2,4,1,2,0,0,0.9984059511158342,2,3.025532162023952,0,2,109,1,,
27,1,60076,70,3533,2,4,4,3,3,1,0.9984059511158342,2,1.7255685339851723,1,2,226,0,,
66,1,103029,6,4929,2,0,3,1,3,2,1.0,0,4.929444187643595,0,3,109,0,,
30,0,41292,68,1184,4,4,1,0,1,0,2.0,1,2.618877906024311,0,0,176,0,,
49,0,41556,6,4149,4,3,2,1,2,1,0.9984059511158342,0,1.507739785574429,0,0,163,0,2023.0,1.0
51,0,66624,82,2847,1,1,3,4,2,1,0.0,1,4.538577658067577,2,3,93,0,,
47,1,44853,5,2436,3,4,1,4,1,2,1.0,1,4.338751599255062,1,3,112,1,2023.0,1.0
47,1,40895,19,4473,2,4,0,1,2,2,1.0,0,3.933633217905736,1,0,59,0,,
48,1,71543,43,2107,3,2,3,4,2,0,1.0,2,2.53146986103668,1,0,250,0,,
38,0,80167,45,2108,0,3,1,1,2,1,2.0,2,2.222021162150135,3,1,69,1,,
31,1,67910,40,171,4,3,1,2,1,0,1.0,1,4.741154835117353,0,1,9,0,2023.0,1.0
55,2,52305,8,312,3,1,1,1,2,1,0.0,1,1.5955596678861927,1,1,189,1,,
55,2,98047,75,2423,2,2,1,2,0,1,1.0,2,1.3208104546660784,0,1,31,1,,
59,2,94968,17,151,4,0,3,4,2,0,0.9984059511158342,0,2.530857865854488,2,0,165,1,,
40,1,115018,79,3276,3,3,1,3,2,2,1.0,0,4.039514921197873,3,1,182,1,,
22,2,62645,42,4080,3,0,4,0,2,1,2.0,1,3.4265895590873123,0,2,188,1,,
30,1,30360,69,4954,2,2,4,2,3,1,0.0,2,4.261189298388894,0,1,171,0,2023.0,1.0
57,0,31881,30,2965,0,4,1,3,1,2,2.0,1,3.994072856358564,0,1,162,1,,
24,0,46014,62,1663,3,3,4,3,1,0,0.9984059511158342,1,4.691130128102638,2,0,104,0,,
44,1,28524,44,432,3,1,3,0,1,2,2.0,2,3.66429807627836,2,3,164,1,,
66,0,47289,67,535,1,1,0,1,2,0,0.0,2,4.22405479201494,3,1,216,0,,
53,1,77771,62,3789,3,2,4,1,3,0,0.9984059511158342,0,2.82721785586039,1,3,16,0,,
40,1,119811,77,2971,0,2,1,0,3,1,2.0,2,2.732747023846148,1,2,276,0,2023.0,1.0
48,0,30956,23,2634,0,4,0,0,2,0,0.9984059511158342,2,2.974089539663406,0,0,112,1,2023.0,1.0
66,1,84265,50,676,2,3,3,1,0,0,2.0,1,2.391821093358721,0,3,278,0,2023.0,1.0
55,0,104156,96,4975,2,4,2,4,1,2,0.0,1,1.010242978137227,0,3,127,0,,
21,0,83582,28,1412,0,1,4,3,0,2,0.9984059511158342,2,4.753502332176516,0,2,25,1,,
53,1,31351,35,816,2,2,0,4,3,0,0.0,0,2.937170692147942,1,3,13,0,,
44,1,20591,53,2530,1,0,0,1,1,0,0.9984059511158342,0,2.6439423510341,2,2,261,1,,
23,1,76731,39,1065,2,1,0,2,3,0,0.9984059511158342,2,4.393395861281437,0,0,74,1,2023.0,1.0
35,0,48475,75,3138,1,0,4,2,2,0,2.0,2,2.8660259499104925,3,2,58,1,2023.0,1.0
49,2,88535,86,4083,4,0,2,1,0,1,1.0,2,3.7967719513138793,1,2,42,0,,
29,0,67109,51,3448,1,0,4,3,1,2,0.0,1,1.933682540647436,0,0,29,0,,
43,2,100720,19,4160,4,2,2,2,0,0,1.0,0,4.408166669425771,2,3,129,1,2023.0,1.0
53,1,99311,44,2941,0,2,3,1,0,0,0.0,2,4.412367240946784,1,2,262,0,2023.0,1.0
19,2,106457,60,4671,2,3,4,2,0,2,2.0,0,2.26014348505553,3,3,108,0,,
56,0,37669,61,4458,0,2,3,0,2,2,1.0,2,4.054693581348587,3,1,239,0,,
30,1,110418,77,2778,1,1,1,3,3,2,1.0,1,3.941509190297437,0,0,289,0,2023.0,1.0
53,0,72672,88,172,4,0,0,3,0,1,0.9984059511158342,0,3.7992903534091225,2,0,139,0,,
56,1,80103,60,793,3,2,3,2,1,2,0.9984059511158342,0,2.370046472311996,0,2,6,0,,
63,1,74691,52,1701,0,0,2,4,3,0,0.0,1,4.877684309545268,0,3,294,1,,
56,0,25241,32,3973,2,2,3,0,1,1,2.0,0,4.581213703495262,1,0,16,0,,
56,1,98097,60,496,2,1,2,2,2,0,0.9984059511158342,0,2.94706130964845,1,2,63,1,,
30,0,66638,25,4249,4,0,1,0,0,1,2.0,0,1.7301602089313597,3,2,171,1,2023.0,1.0
63,1,66874,89,4965,3,1,1,4,0,0,2.0,2,1.0517750440513898,0,0,255,0,,
18,0,89050,49,2847,0,1,4,4,1,0,0.9984059511158342,0,4.866620060810474,2,2,195,1,2023.0,1.0
33,1,93598,72,473,3,2,3,0,0,2,1.0,2,3.5926762999600177,3,1,11,0,2023.0,1.0
62,0,24429,6,1926,4,1,0,0,3,0,0.0,1,3.290637699929676,0,0,52,0,,
67,0,60761,85,4820,4,0,4,4,3,2,2.0,1,3.4474719968877445,1,1,235,1,,
38,1,109340,62,3180,3,2,2,4,2,1,0.9984059511158342,1,2.4903050148458044,2,0,242,1,,
55,1,59199,13,4437,4,4,0,1,2,2,0.9984059511158342,0,4.966150091009482,0,1,213,0,,
49,2,104208,10,2168,4,3,1,2,2,0,1.0,2,4.761804149293932,3,1,160,1,,
25,1,114409,67,2599,2,0,0,0,2,0,1.0,0,3.755174430617936,2,3,15,1,,
40,0,115964,86,3999,0,0,3,1,0,2,0.9984059511158342,2,1.482066811656762,0,1,19,0,2023.0,1.0
22,0,32877,96,2546,2,0,2,3,0,2,0.0,2,2.7164515080078937,3,3,26,1,2023.0,1.0
61,1,53615,46,4861,1,4,4,3,2,0,0.0,0,3.3805015602563344,1,1,164,1,2023.0,1.0
30,0,106008,20,3937,1,3,1,0,3,2,0.9984059511158342,2,2.128705609168846,1,2,296,0,,
49,1,97120,34,796,1,2,1,2,1,1,0.0,1,3.6901290075858166,1,0,53,0,,
39,0,25302,20,2865,3,2,0,1,3,0,1.0,0,1.0156783474410431,2,0,25,0,,
68,1,64348,1,4021,2,3,4,2,3,0,1.0,1,2.556584769946578,1,0,294,0,,
63,0,85782,35,4694,4,3,0,1,3,0,0.9984059511158342,0,3.557288753515836,3,2,204,1,,
41,1,69777,70,4713,3,0,1,4,0,2,1.0,0,3.036535729547708,0,3,230,0,,
38,0,69632,32,3268,1,2,0,1,1,2,0.9984059511158342,1,2.152556493497612,2,2,5,0,,
46,0,86554,13,597,2,1,2,2,3,2,0.0,1,4.780917218432011,0,2,19,0,,
19,1,58314,47,3271,2,1,3,1,1,0,0.9984059511158342,0,3.386379010866784,2,0,113,1,,
24,0,54229,3,553,2,3,3,1,3,0,0.9984059511158342,0,4.34136504839131,3,3,208,0,,
41,0,51075,79,394,1,3,0,4,3,2,0.9984059511158342,1,3.904448660627765,2,1,181,1,,
22,0,65592,6,3780,3,4,3,2,3,2,0.0,2,1.753414257524041,3,2,139,0,,
28,1,92420,56,3050,2,2,4,1,2,1,2.0,0,2.197912417903653,0,0,285,0,,
62,0,38799,21,2261,4,2,1,0,3,0,1.0,0,3.508017855762262,1,0,200,1,2023.0,1.0
44,0,76488,76,2646,1,4,1,4,2,0,1.0,1,3.374603458393734,1,0,128,1,,
38,1,25608,49,4488,1,3,2,0,2,0,0.9984059511158342,1,4.292481257082518,1,0,289,0,,
53,0,101219,3,3022,1,3,1,1,1,2,1.0,2,2.418679876336934,2,2,59,0,,
44,1,47723,23,2043,0,2,0,1,0,2,2.0,0,4.631368348810129,3,1,220,1,,
54,1,58773,93,1218,3,1,2,3,2,2,1.0,0,2.602188096266924,3,3,164,1,2023.0,1.0
35,0,95166,61,144,2,3,4,1,2,0,0.0,0,2.3268644963239264,1,0,133,1,,
42,0,102643,71,115,4,2,1,1,2,2,2.0,1,1.9295158905023635,1,0,229,0,,
67,1,37349,3,3362,3,4,0,1,1,0,1.0,0,1.0344249591051295,3,3,15,0,2023.0,1.0
62,1,82071,66,3387,3,3,4,2,2,0,0.9984059511158342,0,3.2955537635269665,3,3,268,0,,
61,1,69892,98,4267,3,4,0,2,2,2,0.9984059511158342,1,1.9351178348443745,0,2,199,0,,
66,1,52975,5,484,1,4,3,2,0,2,0.9984059511158342,0,3.780051200379949,0,1,283,0,,
69,2,99012,16,3900,1,4,1,1,1,0,0.0,0,4.09166021528754,2,3,254,1,,
62,0,31663,41,2294,0,3,3,0,1,0,0.9984059511158342,2,2.1184430833547,3,2,8,1,,
36,0,35150,40,2353,1,2,4,1,0,2,1.0,1,4.131958017938251,0,0,253,1,2023.0,1.0
35,2,37772,67,3738,4,2,4,4,0,2,1.0,0,4.950417781055849,1,2,277,0,,
53,2,95481,43,3524,3,3,0,1,1,1,1.0,0,4.0735409720680735,1,0,291,0,,
37,1,70637,67,1581,4,1,4,4,1,2,0.0,2,4.881975350138048,1,0,71,0,,
56,2,89918,19,2961,4,2,3,0,3,0,2.0,0,1.1549847958494666,1,0,273,0,,
69,2,71016,17,1729,2,3,1,0,3,2,1.0,1,4.722583658909972,1,1,20,1,,
43,2,81142,74,2544,4,1,0,4,1,1,0.0,0,3.493418550692992,3,3,159,1,,
55,0,105548,18,225,4,2,4,2,1,0,1.0,1,2.642494352743221,2,3,257,0,,
28,2,27025,69,2623,1,0,3,1,3,0,0.9984059511158342,2,2.889761429670154,3,2,159,0,,
56,1,42228,14,954,1,3,1,4,1,1,2.0,0,3.452568915080004,2,2,106,1,2023.0,1.0
65,2,77003,5,2573,1,1,0,1,2,0,1.0,2,2.029008547196471,2,3,263,0,,
44,1,26412,50,4492,4,4,3,2,0,0,1.0,1,3.750644616298284,2,2,143,0,,
44,2,74081,17,1109,0,1,1,4,3,2,0.9984059511158342,2,4.160178377215136,3,2,190,1,,
68,0,83226,3,2181,1,0,1,4,1,0,1.0,0,1.9016367084010877,1,2,8,0,,
53,1,104730,64,4313,3,0,3,2,2,2,0.9984059511158342,0,1.3905969248262575,1,1,112,0,,
41,1,49550,7,1637,1,4,3,1,0,1,0.0,1,2.7212213188607888,0,0,178,1,,
38,0,83822,31,3111,0,1,1,0,3,1,0.9984059511158342,2,2.971673062838293,1,2,277,0,2023.0,1.0
36,2,86178,5,2251,0,0,1,4,2,0,1.0,1,4.001874978007418,0,2,298,0,2023.0,1.0
19,2,89409,24,1262,2,0,0,1,3,0,1.0,1,2.790653001913248,3,1,224,0,2023.0,1.0
50,0,103804,21,395,2,0,4,0,0,2,1.0,1,4.54784578030256,2,0,269,0,,
65,0,57081,14,4139,1,1,4,2,3,1,2.0,0,2.65895823220393,0,3,256,0,,
23,0,110099,17,4539,0,0,3,4,0,2,2.0,0,1.6884626542589043,0,1,215,1,2023.0,1.0
32,2,22347,83,453,4,2,0,3,3,2,1.0,0,1.9777492744550784,1,2,215,1,,
52,0,88112,12,1048,3,3,3,4,1,2,0.0,0,2.5561336221176165,3,0,291,1,2023.0,1.0
23,0,104303,61,2255,3,4,3,3,3,2,1.0,2,4.086346440452106,0,0,93,0,,
34,1,62722,83,4476,2,4,2,2,0,0,2.0,1,2.9856762250105047,2,1,87,0,2023.0,1.0
33,1,96772,53,1077,4,4,1,1,2,2,2.0,0,1.8607676862073443,0,0,43,1,,
37,0,41604,7,2212,0,0,4,3,3,2,1.0,0,3.446629159198668,3,3,191,0,,
66,0,103969,42,1648,1,3,1,2,3,0,0.9984059511158342,1,2.901794794086851,3,2,112,1,2023.0,1.0
25,0,56923,61,721,1,4,4,3,0,2,1.0,0,2.0243652809652577,1,3,152,1,,
28,2,115341,42,3821,0,2,4,4,1,0,2.0,1,4.626368866580856,0,1,191,0,,
47,2,40054,25,1977,1,1,2,1,0,2,2.0,0,2.986121554010015,1,2,171,0,,
54,0,30220,30,560,4,4,1,0,2,2,0.0,2,1.263948221398707,3,0,46,0,,
52,1,74182,36,4889,1,4,3,2,2,0,2.0,1,2.285762895488853,0,1,278,1,,
59,0,89852,69,2389,4,4,4,4,0,2,2.0,1,1.8008457119147518,0,1,262,1,,
51,1,105805,18,1539,0,3,4,1,1,2,0.9984059511158342,2,2.140366978629471,0,1,198,0,,
43,1,37040,80,754,4,3,3,4,2,0,1.0,0,4.667419202689514,2,3,264,0,,
38,0,21942,90,231,1,0,2,4,1,2,2.0,0,2.910819471872133,3,3,189,1,,
36,2,80531,61,2837,3,1,3,4,3,0,1.0,1,1.8300631993092773,2,1,207,0,2023.0,1.0
24,2,92743,3,2261,2,3,4,0,2,2,0.9984059511158342,0,4.140288449542813,3,1,293,1,,
20,1,21949,51,801,3,1,1,0,0,0,0.0,2,3.6536532916966378,3,1,96,0,,
54,2,66978,46,440,2,4,4,2,1,0,2.0,2,1.1852913000471257,2,3,201,1,2023.0,1.0
45,1,85873,5,2534,4,0,0,4,1,2,2.0,0,4.227290000977051,2,0,275,0,2023.0,1.0
25,1,48365,42,781,1,0,4,1,2,2,2.0,0,3.4153966782818648,2,3,60,1,2023.0,1.0
62,0,118580,3,3550,0,3,2,2,0,0,0.9984059511158342,0,4.246978088731381,3,2,135,0,,
45,0,72107,94,3228,4,1,3,3,0,0,1.0,1,3.4626362207524357,1,1,96,1,,
50,1,94723,81,1965,0,3,3,4,0,0,0.9984059511158342,2,3.4109491315644966,0,2,138,0,,
40,1,25167,95,519,3,1,2,0,2,2,0.0,0,1.5966615429167437,3,3,286,0,,
68,0,23925,59,2994,2,3,2,1,0,0,1.0,2,2.2791837323844333,1,2,112,1,,
57,2,92089,16,1707,2,0,0,1,2,2,1.0,0,2.544393367104764,2,0,217,0,,
47,1,78985,43,172,0,4,4,2,0,0,1.0,1,3.68397545468109,2,3,30,1,,
29,1,107618,19,2501,1,3,4,3,0,0,2.0,0,1.4701584853954404,2,3,273,1,2023.0,1.0
47,1,62322,49,159,2,4,4,2,3,0,2.0,1,3.7954569198362607,2,2,88,0,,
34,1,25681,87,2178,3,4,1,2,0,2,1.0,0,3.3901121109490715,3,3,272,1,,
35,0,27758,19,234,1,2,2,2,3,0,1.0,2,4.546772303909493,2,1,263,1,,
53,2,28272,49,1543,1,0,0,3,2,2,0.9984059511158342,0,1.9314964134694068,2,1,154,0,,
29,0,68408,50,1964,4,4,2,0,3,1,1.0,1,3.691991558613789,1,2,239,0,,
54,2,69306,5,4963,3,0,2,1,2,1,2.0,1,3.763829520361107,3,0,136,1,,
58,0,61787,39,165,4,1,0,3,1,0,1.0,0,3.0365274671716462,0,0,270,0,2023.0,1.0
42,0,65761,2,438,4,2,2,2,3,1,2.0,2,3.229264767989487,1,3,240,0,,
61,2,29884,4,2983,1,2,4,1,2,1,2.0,1,2.2900922649231776,0,3,167,0,,
65,2,118112,42,170,1,4,4,3,0,0,0.9984059511158342,0,1.0356697242661488,0,1,92,1,,
61,2,46844,70,1356,3,0,2,0,1,2,0.9984059511158342,1,2.4715763231769112,0,1,279,0,,
47,2,23591,19,4094,4,4,3,2,2,1,1.0,0,1.116180736065718,0,0,268,1,2023.0,1.0
55,0,64411,68,184,2,1,3,1,0,2,2.0,2,3.4333966693521907,1,3,124,1,2023.0,1.0
30,0,30532,16,3088,4,2,2,2,3,2,2.0,0,4.421731076743102,3,1,276,1,,
21,0,82222,93,659,0,2,1,2,0,1,0.9984059511158342,2,2.081286157041523,0,0,35,0,,
18,0,52624,37,4328,4,4,2,3,2,0,0.9984059511158342,2,3.1674305341288806,2,1,135,1,,
57,0,20036,44,1116,3,0,4,2,0,1,0.0,0,1.1865440001215624,0,3,148,1,,
62,2,71928,10,1173,0,4,3,1,3,2,1.0,0,4.067158535985234,1,0,28,1,,
19,0,107594,18,2144,2,1,0,3,2,0,0.9984059511158342,0,3.2315759149445134,3,3,143,0,,
48,2,77065,9,3864,2,2,2,1,0,0,1.0,2,4.976103783865478,1,1,73,0,,
19,1,23932,64,3713,1,3,4,2,0,2,2.0,1,2.0040759337175973,2,1,287,1,,
44,1,77439,44,880,3,3,1,0,0,0,2.0,1,4.398558006232641,2,0,58,1,,
43,2,26869,69,1281,4,2,2,1,1,2,0.0,0,4.611539658843951,0,2,216,1,2023.0,1.0
53,0,63151,18,490,3,4,1,1,2,2,0.9984059511158342,2,4.03530076969097,2,3,42,0,,
57,0,49430,21,4963,1,1,3,1,1,0,2.0,0,1.3223054417728315,3,2,265,0,,
31,1,48190,48,4999,4,0,3,4,2,1,2.0,2,3.4787929493330205,2,1,96,1,2023.0,1.0
31,1,76494,13,750,2,1,0,3,1,2,1.0,2,2.9052878320695616,2,1,211,0,,
28,0,59293,78,1092,4,0,2,2,0,2,2.0,0,3.9159650365310754,1,3,159,1,,
22,2,89165,99,1445,4,3,1,1,0,2,2.0,0,2.8895971579327946,2,2,251,0,,
54,1,21055,43,168,1,3,3,4,3,0,2.0,0,4.821444931219567,1,1,123,1,,
26,2,37878,8,1901,1,0,2,4,2,0,1.0,0,4.99797192756632,0,1,56,1,,
39,0,86226,86,4998,3,3,4,3,3,1,1.0,1,4.951981086551248,3,1,147,0,,
56,2,36924,68,4668,0,0,4,1,3,2,2.0,0,1.860855133982569,2,2,62,0,2023.0,1.0
61,1,66300,23,1029,2,1,1,3,0,2,1.0,0,1.4578056557502128,2,3,279,0,,
58,2,38830,52,3431,2,3,2,1,3,2,0.0,2,4.579234732677756,2,0,182,0,,
47,2,58333,80,4900,1,4,3,2,3,2,2.0,1,2.4462078975724277,1,3,298,1,2023.0,1.0
39,1,119329,41,982,0,0,3,0,3,0,1.0,2,4.676508149796833,0,3,240,1,,
25,2,106130,13,3848,3,4,1,4,3,2,1.0,2,2.789244624859808,3,2,264,1,,
63,1,24923,93,967,2,3,2,1,1,2,1.0,1,4.788201191702552,3,0,2,0,,
50,0,60134,3,4547,3,1,2,0,2,0,2.0,0,1.3011828442156013,3,2,276,0,,
53,0,78942,56,123,2,4,0,1,2,0,0.0,0,1.8914392323848184,1,1,37,0,,
33,1,54743,46,1667,1,1,4,1,2,2,0.9984059511158342,1,4.063198331659256,2,0,160,1,,
26,1,75476,31,3497,2,1,0,4,1,0,0.0,0,4.298773075096527,3,0,179,0,,
67,1,20329,15,4002,2,4,4,2,0,0,0.0,0,2.0141567896419432,2,0,40,1,,
54,2,42394,14,3097,0,1,0,3,1,1,0.0,1,4.976532298823581,0,1,44,1,,
22,1,54262,10,4623,4,0,4,4,1,0,0.9984059511158342,1,4.672075123381832,2,0,155,0,,
25,1,86126,47,2650,0,4,1,1,2,0,1.0,2,2.0171144420417506,2,3,64,1,,
63,1,36571,10,853,2,1,1,4,1,2,0.0,1,2.0437212640451743,1,0,14,0,,
39,0,103721,12,2746,3,1,0,3,1,2,0.0,1,3.4774872029790744,3,2,292,0,,
38,0,118383,23,4115,1,0,3,0,2,2,0.0,1,3.1010268938513907,3,0,4,1,2023.0,1.0
57,0,31929,26,3589,4,4,4,0,2,0,0.0,1,1.181404770070209,1,2,92,0,2023.0,1.0
36,2,40102,65,4503,0,0,1,0,3,1,2.0,1,4.78714665193494,0,3,73,1,,
29,2,81855,14,2009,3,4,1,3,1,2,0.9984059511158342,1,1.802719720420328,3,0,279,0,,
62,0,65704,48,2868,1,2,3,0,2,2,0.0,1,3.738613809146602,1,0,246,0,,
42,0,30528,35,1935,3,3,3,0,3,2,0.0,0,4.271014350435124,2,3,193,1,2023.0,1.0
69,1,99702,87,3316,3,4,1,0,2,0,2.0,1,4.891653601741336,1,2,145,1,,
66,0,63870,40,499,1,1,0,2,2,0,0.0,0,3.192350871219636,3,2,155,0,,
51,0,119588,99,2263,2,4,3,4,2,2,0.0,1,4.229813060041122,2,2,10,1,2023.0,1.0
64,1,102641,87,1088,4,3,3,0,1,0,1.0,2,4.518703841603715,0,1,15,1,,
41,1,115428,96,3411,0,1,0,1,0,2,0.9984059511158342,2,3.512803151951768,1,2,104,1,,
42,2,90959,6,1783,0,1,1,1,1,0,1.0,1,2.18172987761889,3,0,129,1,,
36,1,115687,48,4924,0,4,4,3,3,2,2.0,1,4.812415722450012,2,3,142,0,,
60,1,109595,4,2022,2,1,3,3,2,0,2.0,2,2.6717131192869283,2,0,91,0,2023.0,1.0
27,0,88754,27,2896,4,1,1,1,3,2,0.9984059511158342,2,1.6225119712031997,2,3,153,1,,
26,1,102824,16,2800,3,4,4,1,1,1,0.9984059511158342,1,3.2077261330911373,3,3,4,0,,
46,0,20045,7,3030,2,2,2,4,0,0,2.0,0,3.319786526010735,1,2,127,0,,
33,0,67024,93,780,1,0,0,2,0,0,1.0,0,1.1696978392704578,3,2,121,0,,
30,2,56649,8,2953,0,3,4,0,0,1,1.0,2,3.2792203398141604,2,1,58,0,,
39,0,76851,65,1634,0,0,2,0,1,1,0.9984059511158342,2,2.687602421672848,1,0,150,1,,
30,2,42007,4,1256,0,4,1,4,1,0,0.0,0,2.7373268617423725,3,3,81,0,,
67,0,117349,83,1652,0,0,3,3,0,0,0.9984059511158342,2,2.9919027483506397,1,3,254,0,2023.0,1.0
56,1,115221,27,3354,3,4,4,4,1,0,0.9984059511158342,1,3.846853417334129,2,3,243,0,,
26,0,102020,34,2288,2,4,3,4,0,2,1.0,2,1.5958371380221386,1,3,283,1,,
33,1,57116,10,4149,0,2,0,4,2,2,1.0,2,1.7653224468988866,1,2,299,1,2023.0,1.0
47,0,46909,31,949,2,0,2,3,3,2,0.0,2,4.571158737308729,2,0,167,0,,
22,1,77619,39,4500,0,0,0,1,0,2,2.0,2,4.221213950604216,1,1,263,0,2023.0,1.0
51,1,66815,52,1928,1,2,4,1,0,1,0.0,0,3.0373577403882672,2,2,215,1,,
28,1,82188,72,4445,3,2,0,0,2,0,2.0,2,3.4080652553909787,1,2,253,0,,
48,1,93839,16,2402,2,4,2,0,3,1,2.0,1,1.3323518335771944,0,1,219,0,2023.0,1.0
24,2,108425,66,4938,1,4,1,2,1,2,2.0,0,1.0699777483050448,3,0,143,0,,
20,1,70345,50,1604,1,2,0,4,2,0,0.9984059511158342,0,1.5413870509791558,2,3,35,0,2023.0,1.0
54,0,79300,73,1117,1,1,0,0,1,2,0.0,0,2.978591068544544,3,3,111,1,,
56,0,44435,90,1833,2,4,3,1,1,0,2.0,2,3.15924225171585,2,3,29,1,,
41,1,100738,45,3558,0,4,3,0,3,0,0.9984059511158342,1,2.270177785061735,0,0,8,0,,
48,1,53957,79,2818,0,2,4,3,0,2,0.0,2,1.789000584318706,2,0,194,1,2023.0,1.0
45,0,32076,80,377,1,0,0,3,0,2,0.0,0,3.515569943363529,0,2,179,1,,
41,0,112254,43,2163,3,1,1,1,1,1,0.9984059511158342,1,2.4947254241379557,3,2,175,1,2023.0,1.0
53,0,51746,21,3826,4,1,4,2,3,1,1.0,1,1.481262817188612,1,0,96,1,,
65,0,101991,72,1712,3,2,0,1,0,0,1.0,0,4.497168296534084,0,0,141,1,2023.0,1.0
36,2,95133,22,3304,0,3,0,2,3,2,0.9984059511158342,0,3.8369901136709776,1,0,179,0,,
45,1,110594,10,432,2,2,1,2,0,0,2.0,1,2.797397542100189,1,0,254,1,,
61,0,59159,29,3914,1,2,0,3,2,0,2.0,1,3.231931677783578,3,0,239,1,,
20,0,35372,12,4234,4,4,1,1,3,2,2.0,2,3.386748936370985,2,1,269,1,,
63,0,21095,31,3751,2,4,3,2,3,2,1.0,2,3.3718263689300416,3,0,208,1,,
33,2,106682,71,4516,4,1,4,3,0,2,2.0,2,3.24935339460854,3,2,18,0,,
65,2,85263,69,2831,2,3,3,3,0,1,0.9984059511158342,0,4.550787402283875,0,3,170,0,,
68,2,54651,97,2631,3,4,3,2,1,1,0.0,2,3.11801862611714,2,2,75,1,,
30,2,24781,51,624,0,3,4,1,3,1,0.9984059511158342,1,2.4199141939805755,0,0,2,0,2023.0,1.0
45,0,26922,29,4860,0,3,0,0,1,1,2.0,2,2.2158320002580707,0,1,85,1,,
47,1,52577,31,2315,2,4,2,1,2,2,0.0,2,4.573825226771696,2,1,93,1,,
52,0,22620,19,671,1,3,0,1,1,2,2.0,2,3.28611966089498,2,0,153,0,,
57,1,117243,95,4057,3,1,0,3,2,1,2.0,2,1.357306826481778,2,3,147,0,2023.0,1.0
18,0,87612,43,4924,3,2,3,4,3,2,0.9984059511158342,1,4.577932288291937,1,1,203,1,,
54,0,30265,47,459,0,3,2,3,2,2,1.0,2,2.0133161899427265,3,2,299,1,,
69,0,71818,41,2909,0,1,0,2,1,0,1.0,1,1.1015709377723324,3,1,106,0,,
47,1,23937,35,3233,2,4,3,3,3,0,1.0,1,1.5811805471234184,2,1,124,1,,
42,2,112498,93,2629,0,3,3,2,3,1,1.0,1,1.2042556139586529,2,2,60,1,,
42,1,52009,10,2457,4,2,4,0,2,2,0.0,0,2.0232200361620154,2,2,287,1,,
21,0,57260,61,3507,3,0,3,0,2,2,0.9984059511158342,0,1.6297223607270563,1,2,47,0,,
52,1,35926,47,2812,3,1,0,1,2,2,0.0,1,2.6703502751682504,2,3,33,0,2023.0,1.0
61,0,79648,14,1173,2,3,0,0,2,2,0.0,2,3.986072911317717,2,3,197,1,,
32,0,87474,98,281,3,1,3,4,3,2,2.0,2,1.3465052227642818,0,2,185,1,2023.0,1.0
43,0,94504,36,4310,3,1,4,2,3,1,2.0,1,4.582019335448552,0,3,102,1,2023.0,1.0
45,0,106240,92,1916,1,1,2,1,1,0,2.0,1,4.361439042306713,1,1,69,1,,
62,1,47588,49,4298,3,0,0,0,0,0,2.0,1,4.642048743129447,2,3,244,0,,
39,0,68351,86,956,4,2,2,1,1,1,0.0,2,4.8046686407088615,3,1,16,0,2023.0,1.0
46,2,45198,7,2128,0,3,0,2,0,0,1.0,0,1.797585322626245,2,3,82,1,,
37,0,31036,13,917,2,4,0,2,0,1,2.0,0,1.291279542515742,1,3,258,1,,
19,1,77623,97,2190,4,3,4,2,0,2,0.0,2,3.971960023934161,0,0,291,1,2023.0,1.0
20,0,90290,35,3065,3,1,0,2,0,2,0.9984059511158342,0,2.983974427536008,1,1,142,1,2023.0,1.0
43,1,101574,4,720,2,1,1,1,2,1,0.0,2,4.3968814477917935,1,1,132,0,,
45,0,64387,82,935,2,2,0,2,1,2,1.0,0,1.4666642514060793,2,2,160,0,2023.0,1.0
55,2,92197,78,4358,4,2,1,2,0,2,0.0,0,1.919336524638152,0,3,211,0,,
36,2,87969,31,1068,0,3,4,0,3,1,2.0,2,3.2835598751323194,0,0,132,0,2023.0,1.0
56,2,42689,44,4305,2,0,2,4,0,1,0.0,1,3.16411702836606,2,0,122,0,,
46,0,59842,2,1372,3,1,0,2,0,2,2.0,0,1.3561632204011635,3,3,259,0,2023.0,1.0
33,1,40156,50,1801,4,2,0,2,0,2,1.0,2,3.3396414831475467,2,2,201,1,,
20,2,75240,91,2621,1,1,0,4,1,2,0.0,0,1.3012268295415628,1,1,53,1,,
42,0,111916,87,4976,0,4,0,1,2,1,2.0,1,3.754674722383078,2,2,203,0,,
43,0,115752,26,1305,4,2,1,0,0,2,2.0,2,2.21792457324533,1,2,105,1,,
43,0,64512,88,1106,4,0,1,2,3,2,0.9984059511158342,1,3.657944151179708,2,1,175,0,,
33,1,97722,97,1191,2,1,3,4,1,2,0.9984059511158342,2,1.4862883817901729,0,0,247,1,,
32,1,100983,86,301,3,0,4,4,3,2,2.0,0,3.284652666645792,1,0,253,1,,
20,0,37198,1,2979,1,0,1,3,2,1,0.0,1,2.6311796090617765,1,1,142,1,,
21,0,95023,74,2513,2,4,4,0,3,2,0.9984059511158342,0,3.91539057532682,0,1,261,0,2023.0,1.0
59,1,91035,91,4658,2,3,0,1,0,0,0.9984059511158342,2,1.848010386635095,2,3,254,1,2023.0,1.0
29,0,100840,2,3300,0,4,3,1,3,2,0.0,2,4.674780428374804,0,0,123,0,,
46,1,100541,28,2138,4,2,1,4,1,2,1.0,0,4.547032335175575,0,3,191,1,,
46,2,54341,96,2348,3,4,0,3,2,1,1.0,1,1.0348768416314358,3,0,231,0,2023.0,1.0
51,2,77410,22,1502,1,3,1,0,1,1,0.0,0,2.277483928139498,1,1,281,1,2023.0,1.0
41,1,107780,52,2070,2,1,1,0,1,2,1.0,2,4.825421698592162,2,1,63,0,2023.0,1.0
45,0,28078,88,1137,2,0,1,2,3,0,2.0,1,4.717920369784527,0,1,127,1,,
54,0,78235,5,3736,0,0,0,3,1,0,0.9984059511158342,0,1.061622111665299,1,1,208,0,,
42,1,104292,63,4413,1,1,2,4,3,2,1.0,0,3.744217545853892,0,1,275,1,,
45,1,68285,20,336,4,0,0,1,1,2,2.0,0,3.535210886207788,1,2,14,0,,
52,0,106478,47,3155,3,2,3,3,1,1,2.0,2,1.0417093214659987,2,1,234,0,2023.0,1.0
66,2,93802,29,1774,2,4,1,4,0,0,0.9984059511158342,1,4.0132647757994375,1,0,78,1,,
64,1,30844,9,3921,1,4,4,4,3,2,2.0,2,3.113477064179848,0,0,18,0,,
40,1,29984,48,1899,3,3,2,3,1,0,2.0,1,1.7515606795215857,2,3,187,0,,
20,1,84356,27,2760,0,0,3,3,3,1,2.0,2,1.7413581060862038,3,3,181,1,,
38,1,27619,95,1566,2,3,2,4,2,1,0.9984059511158342,0,2.545119875413828,2,1,41,0,,
62,2,105615,57,4657,3,2,3,3,1,1,2.0,0,4.083802639238913,1,2,298,1,,
33,0,90382,93,4110,1,2,1,1,2,2,0.9984059511158342,0,2.2266141244758915,2,0,264,0,,
62,0,24841,98,586,4,1,2,3,2,2,2.0,2,3.3401272485017834,3,1,245,1,,
48,0,113685,92,4711,4,3,3,1,1,0,0.0,0,3.947343020096477,0,2,165,1,,
21,0,117204,89,1482,2,1,1,4,0,2,0.0,2,4.993199313891544,0,2,274,0,,
63,1,58492,91,977,0,0,0,3,3,2,0.9984059511158342,2,1.1590548278125437,2,3,113,1,2023.0,1.0
43,0,40388,22,1930,3,0,4,2,3,1,0.0,1,1.4105266983797726,1,0,170,1,,
34,1,35330,95,1111,0,4,3,2,1,1,2.0,0,2.7524813345767174,0,2,38,1,2023.0,1.0
50,1,92908,86,2246,1,0,2,1,1,2,0.9984059511158342,1,2.8003855920362573,2,3,172,1,2023.0,1.0
40,0,76406,89,464,3,0,3,2,0,2,1.0,2,1.1654931881388757,0,1,189,0,,
52,1,89715,36,2874,3,4,0,1,3,1,0.0,1,2.686760427896219,1,0,28,0,,
64,1,85930,54,1969,0,0,3,3,0,2,1.0,0,2.477028279421097,2,2,115,1,2023.0,1.0
49,2,89963,30,4239,2,1,1,1,3,2,2.0,0,3.0360959050182754,2,0,142,0,,
56,0,78414,17,1887,1,0,0,4,1,2,1.0,1,4.624701684133445,2,1,284,1,2023.0,1.0
62,1,21218,73,4906,0,1,3,4,3,2,0.0,0,4.377075701452943,1,2,104,1,,
30,0,49739,84,3565,2,4,0,4,0,2,1.0,0,1.1012915521486106,2,1,257,1,,
25,1,47206,20,2697,2,0,4,1,2,1,0.9984059511158342,0,1.2932764493240887,0,3,15,1,,
62,1,45104,96,822,2,3,3,1,0,1,0.0,0,1.4829366189184858,0,0,180,0,,
53,0,70044,84,3591,1,1,4,3,2,0,2.0,1,1.7649108870155907,0,0,116,0,,
43,2,94489,65,3446,0,1,0,4,0,0,0.9984059511158342,2,2.5192305427470374,3,1,37,0,,
68,2,99646,23,4460,4,0,0,1,2,0,1.0,2,4.055716413993406,0,1,55,0,,
21,2,75324,30,2993,1,1,3,2,2,2,2.0,2,2.131114164504155,0,2,159,0,,
23,0,94280,34,3134,2,1,2,4,0,2,0.0,0,4.631028196280683,1,0,288,0,,
62,1,83083,35,4835,3,1,4,2,1,0,2.0,0,2.572803775326153,0,2,93,1,,
63,0,83328,93,4976,2,0,2,2,2,1,1.0,1,4.870081280531406,0,3,298,0,,
69,1,97947,55,197,4,3,2,4,1,1,0.0,0,3.976596786440974,3,2,129,1,2023.0,1.0
58,1,23515,52,3532,2,3,2,2,1,1,0.0,1,3.9211929569004846,0,3,151,0,2023.0,1.0
62,1,39937,41,3723,4,0,3,4,3,0,0.0,2,2.4033671299349164,2,3,210,0,,
64,1,95526,8,4362,0,4,2,3,0,1,2.0,0,1.4192430708378183,2,0,199,1,,
52,2,103637,72,762,4,0,1,1,1,0,0.9984059511158342,2,1.2770419053210116,3,2,88,1,,
36,0,106261,56,1948,1,3,1,3,3,0,1.0,2,4.395445757414745,0,0,292,0,,
46,2,117906,80,2205,0,0,3,1,0,2,1.0,0,1.38291401088371,2,2,187,1,,
58,1,93740,25,1663,3,0,2,0,1,1,1.0,1,3.3240678388892584,1,2,288,0,2023.0,1.0
26,0,92010,97,3539,3,1,3,1,0,0,0.9984059511158342,0,2.9094857178260147,0,2,9,0,2023.0,1.0
26,1,96586,12,3817,4,2,1,0,1,0,0.0,0,2.6211174094079883,0,3,134,1,,
18,1,77772,58,2941,3,0,4,3,2,1,1.0,0,1.769297777479271,3,1,230,0,,
38,1,38414,53,3770,2,1,0,1,2,2,0.0,2,3.339386812397599,0,0,25,1,,
35,1,97228,84,859,4,2,1,2,0,1,2.0,2,1.9251159369900412,1,1,176,0,,
62,0,69582,83,4328,0,4,0,1,3,0,2.0,0,1.5913466592569177,1,0,130,1,2023.0,1.0
67,1,22631,58,280,0,2,0,3,2,0,0.9984059511158342,0,3.600140563206536,2,3,237,0,,
40,0,102742,5,2529,0,1,0,0,0,0,0.0,2,1.6066505192675091,3,0,115,0,,
61,0,67042,81,4345,4,3,4,4,1,2,1.0,1,4.080752544778166,2,3,231,1,,
34,0,56820,82,2662,2,1,1,3,1,0,2.0,1,3.829353009315829,3,3,20,0,,
50,1,32460,63,2121,2,2,2,0,3,1,1.0,0,1.8126017518498492,3,0,292,1,,
23,0,92867,99,2153,3,4,2,2,1,0,2.0,0,2.230441910501583,0,3,142,0,,
51,1,115918,60,4821,0,2,0,3,1,0,2.0,2,2.3491261108515253,0,2,195,1,,
24,0,27145,90,1596,2,3,1,2,0,2,0.0,1,3.2730306058678966,0,2,233,1,2023.0,1.0
59,1,29616,58,1254,1,0,1,4,1,1,0.9984059511158342,0,3.619123052624496,3,2,173,1,,
64,1,45854,63,3628,0,4,0,1,1,0,0.9984059511158342,0,2.670084837250288,1,2,93,0,,
48,1,105836,38,797,0,3,3,2,1,2,0.0,2,2.5618303645738107,2,3,299,1,2023.0,1.0
44,2,96095,46,3590,4,0,0,2,2,2,0.0,0,1.1497867080217894,2,3,54,1,2023.0,1.0
36,0,98655,26,4103,1,3,3,2,1,0,1.0,2,4.470420424209733,2,2,216,1,,
68,1,36878,93,3765,4,4,0,0,2,0,2.0,0,1.4311332481001189,3,1,228,0,,
57,1,34892,6,1789,3,3,0,0,1,1,1.0,1,2.71284647813331,0,3,187,0,,
36,1,36482,95,3729,3,3,1,3,1,2,1.0,2,2.83151003666707,3,3,267,1,2023.0,1.0
24,1,110644,45,3046,2,1,3,2,3,0,2.0,1,3.913879663764988,1,3,242,1,,
52,0,49281,71,4723,0,3,3,0,0,0,2.0,0,4.450303144063813,2,0,164,1,,
24,0,44111,79,240,4,2,2,4,2,0,0.9984059511158342,2,3.01492334875825,3,2,90,1,2023.0,1.0
66,2,78241,53,3562,0,2,2,1,0,0,2.0,1,1.8576348211308928,3,3,42,0,,
50,0,35522,55,2849,0,3,2,4,0,2,2.0,2,3.663947647626338,1,0,188,0,,
33,0,38361,1,3311,3,1,2,0,0,2,1.0,0,2.136698814636239,3,3,287,1,2023.0,1.0
51,0,34551,18,1475,2,2,2,4,3,0,0.9984059511158342,2,1.7507571412339114,2,1,127,0,2023.0,1.0
41,2,92240,92,3452,0,4,3,2,1,0,1.0,2,2.2673607785688223,0,2,190,0,,
49,1,47180,84,2944,4,3,2,2,2,0,0.0,1,4.628368695083364,0,0,261,0,,
37,0,109572,53,4126,2,3,1,2,1,2,2.0,0,2.1969839466208114,2,2,98,1,,
23,0,99301,41,963,4,1,0,3,2,2,1.0,2,2.0304208181475856,3,2,6,0,,
38,0,100522,79,1276,4,0,4,2,3,2,0.0,1,2.6960504050258765,2,3,193,1,,
57,0,33280,96,3448,3,3,2,3,3,0,0.9984059511158342,2,1.4878233070492892,3,1,188,1,,
52,1,24512,37,3134,0,3,1,3,3,1,1.0,0,2.5050549137739333,3,3,36,1,,
44,1,56282,83,2164,4,3,2,4,3,0,2.0,1,2.8025766597600725,0,3,288,0,,
50,0,32938,99,2732,4,3,1,2,3,2,1.0,2,4.280828637453288,0,3,236,1,,
23,0,117805,83,3948,4,3,1,1,3,0,2.0,1,1.3182265608083483,2,3,82,1,,
21,2,81877,59,284,4,4,0,0,3,1,1.0,1,1.9574058619678207,2,2,249,1,,
65,0,97112,42,1933,0,0,0,0,2,2,1.0,0,2.232499205039723,0,1,97,0,,
19,0,77819,12,1253,2,2,3,4,3,0,1.0,2,3.3133957679657557,3,2,252,1,,
65,0,114002,59,4194,2,3,3,0,2,0,2.0,1,4.5737925082571165,1,3,216,1,,
38,1,63148,45,769,3,3,0,0,1,0,0.0,2,2.7920942689114736,0,0,135,1,2023.0,1.0
45,2,22369,21,3198,1,4,4,0,1,0,2.0,2,3.92027653140676,3,2,179,0,,
44,1,30845,65,3037,3,3,3,4,0,2,0.0,1,2.793656539385468,2,3,2,0,,
45,0,58897,49,1284,1,0,1,0,2,2,0.0,1,2.373534880265999,3,3,155,0,,
31,1,84732,3,3770,4,2,3,0,0,0,0.9984059511158342,0,3.5674728691415223,0,0,231,0,2023.0,1.0
25,0,51996,86,3193,0,2,3,3,0,0,2.0,2,3.360131264256386,3,3,216,1,,
28,1,110504,47,3863,1,3,3,1,2,2,0.9984059511158342,0,3.133718301482481,2,2,270,0,,
61,2,31231,23,1595,3,0,3,3,3,0,0.9984059511158342,0,4.549678229603675,0,0,207,0,,
22,0,47738,55,1039,3,2,3,3,0,1,0.0,2,1.828441453650748,2,0,75,1,2023.0,1.0
28,1,67700,51,3108,0,3,0,3,2,2,0.0,2,3.434946111247515,3,2,54,1,,
35,2,57924,88,3294,4,0,4,4,1,0,0.9984059511158342,1,1.845914403542511,3,1,143,0,,
22,1,92571,30,3987,3,2,3,2,0,2,2.0,0,1.9346178066287725,2,1,179,1,,
28,1,60148,88,4364,2,4,0,4,2,0,0.9984059511158342,1,2.681495543028585,2,1,288,1,2023.0,1.0
40,0,83079,79,4421,1,2,0,3,3,0,0.0,0,3.680457105265751,0,2,140,0,,
31,2,44561,67,2894,0,2,3,4,0,0,0.9984059511158342,0,1.2470810128047145,3,0,275,1,,
29,0,37059,67,3339,4,4,2,4,2,0,0.9984059511158342,2,4.865914577570559,1,2,213,1,,
61,1,90935,58,3246,4,4,0,1,3,1,1.0,0,3.1852931877435138,2,2,165,0,,
40,0,49455,56,4187,3,0,1,3,0,0,1.0,0,1.6434214604226265,3,1,65,1,,
68,1,47258,82,1970,1,3,1,4,1,1,0.0,1,3.682215345613349,1,1,133,1,2023.0,1.0
66,0,113498,56,4227,3,4,1,0,1,0,2.0,0,4.771565653480863,2,2,260,0,,
28,2,69966,38,1301,4,4,1,4,0,0,2.0,1,1.1068637634618956,1,2,103,0,,
58,1,112680,96,1177,2,4,4,4,3,1,1.0,0,3.266963498938479,3,3,88,1,,
55,0,96452,84,2413,0,3,0,3,2,1,0.0,2,3.944986810319121,1,1,151,0,2023.0,1.0
54,1,54568,82,4377,2,2,0,0,0,0,0.9984059511158342,2,1.9818690011672744,0,2,286,1,,
34,0,36417,75,2773,4,2,2,2,2,2,0.9984059511158342,0,1.7639331068516588,3,0,77,1,2023.0,1.0
60,0,97078,75,4867,3,4,0,2,2,0,0.0,1,3.967237242234137,2,2,296,0,,
47,0,25271,3,4276,2,4,3,4,0,2,0.9984059511158342,1,1.7383976269953705,1,3,145,0,,
32,1,60581,63,1230,3,3,2,0,3,0,0.9984059511158342,2,1.269516329849231,1,3,296,0,,
64,1,87650,44,2523,4,0,4,3,1,2,0.9984059511158342,0,1.64760460343985,0,3,85,0,,
40,1,21597,62,793,3,0,1,1,2,1,2.0,1,1.5482976849820225,2,1,285,1,2023.0,1.0
38,1,30599,37,3747,1,3,2,0,3,2,0.0,1,3.4745938570582027,2,0,150,0,,
23,2,87643,25,1677,0,1,0,3,1,1,1.0,0,3.7824808750635928,2,0,177,1,2023.0,1.0
23,0,117091,65,4127,1,3,0,4,3,0,0.0,0,2.578295926876053,1,3,85,1,2023.0,1.0
64,0,67482,31,3274,1,2,1,1,2,0,0.0,2,1.9729915695705864,1,3,231,0,,
63,2,85527,58,4558,3,2,3,1,2,1,1.0,1,1.0523791782514893,3,2,289,0,,
50,0,71097,26,4308,1,0,2,4,0,2,1.0,2,2.381831791246024,1,3,277,0,,
32,0,74850,54,2959,4,3,1,3,2,2,0.0,1,1.84604491392258,1,0,109,1,2023.0,1.0
55,0,108747,27,1137,0,2,2,2,3,0,0.0,2,3.843494642342158,1,3,234,0,,
46,0,70391,60,357,3,1,4,1,1,1,0.0,1,2.570221115698655,3,0,58,0,2023.0,1.0
26,1,115385,25,2082,0,2,4,2,3,0,2.0,1,2.3805849162888872,0,0,233,0,2023.0,1.0
40,0,99062,64,1751,2,0,2,3,2,1,1.0,2,2.518255379518617,0,0,266,1,,
57,1,66105,55,3605,3,1,2,4,3,0,2.0,1,4.5049808376774365,1,1,209,0,,
25,1,67664,15,492,3,3,0,2,2,0,1.0,2,4.862099030197473,2,2,200,0,,
55,0,47632,73,1335,4,2,1,4,1,2,1.0,2,2.873782877029389,0,0,223,0,,
58,0,45298,20,2817,2,0,2,0,3,0,2.0,0,3.647204606309866,2,3,248,1,,
49,1,26829,76,4460,0,2,4,4,1,2,0.0,0,2.9139229431042586,3,1,81,1,2023.0,1.0
54,1,113740,81,3800,0,4,3,3,0,2,1.0,2,1.1054213505596049,1,1,89,1,,
58,0,63625,45,2209,3,1,2,3,2,0,0.0,2,2.041952182332919,0,2,40,1,,
59,2,104816,62,324,0,4,1,3,0,1,0.0,1,1.62038804146967,3,0,32,1,,
19,1,53800,17,173,0,0,4,0,3,0,2.0,2,2.1071758811892303,0,3,283,1,,
27,0,32419,26,1520,1,4,3,2,1,1,0.9984059511158342,0,3.050689709826366,3,3,125,1,,
37,0,84796,84,1654,2,4,4,1,2,0,0.0,2,4.628783198643413,2,3,244,0,2023.0,1.0
46,0,69629,84,1198,4,1,2,4,3,1,0.0,2,1.6648859308401187,3,0,265,0,,
37,1,56080,56,2042,1,4,0,3,0,0,0.0,1,4.3435455660420885,0,1,79,0,2023.0,1.0
53,2,86249,83,2946,3,2,3,4,1,2,1.0,0,3.831799339785561,3,3,26,1,,
69,0,48004,30,1497,2,0,1,1,0,0,0.9984059511158342,0,2.368890697140231,1,2,174,0,,
45,0,47916,98,3500,0,3,3,1,0,0,1.0,0,2.4413241914231367,1,0,44,1,2023.0,1.0
40,0,84186,93,1531,2,1,4,1,1,0,2.0,0,3.87217785666426,2,1,101,0,2023.0,1.0
57,0,82403,73,3994,4,2,3,2,1,2,0.9984059511158342,2,2.868085784672595,0,3,137,1,,
18,0,117384,30,3684,3,2,1,2,0,2,2.0,1,1.7841144121834809,1,0,260,0,,
63,0,118385,26,147,0,0,0,3,2,2,2.0,1,3.209417877896397,0,2,271,0,,
25,1,39394,93,3533,2,0,3,3,0,2,0.0,2,1.7202786889527375,1,1,213,1,,
67,0,22853,87,1685,4,0,2,3,0,2,0.9984059511158342,1,3.0243927620773627,1,1,33,0,,
54,0,53697,2,3691,1,3,1,3,0,1,2.0,2,1.5632221546593508,1,2,37,1,,
21,1,114819,58,3729,0,0,2,2,0,0,0.0,0,3.2209209433956985,3,3,77,0,,
30,0,32213,67,745,4,3,1,1,3,0,0.9984059511158342,0,2.679633165048217,2,2,242,1,,
30,1,65906,46,365,0,2,1,3,2,2,0.9984059511158342,1,3.441875738519832,3,0,252,1,2023.0,1.0
36,1,99120,82,881,3,4,4,2,1,0,0.9984059511158342,0,3.5280440310831094,1,3,266,0,2023.0,1.0
51,1,45920,38,2657,2,3,0,0,1,0,0.9984059511158342,0,3.7255925339652105,3,0,284,0,,
66,0,80184,79,3098,1,1,3,1,3,1,2.0,2,1.6646604913851282,3,1,56,0,,
36,0,70100,9,3333,2,0,1,0,3,2,2.0,0,1.593986893997263,2,2,184,0,2023.0,1.0
45,0,37157,45,3664,2,4,1,3,3,2,2.0,0,4.553530839228168,0,2,176,1,,
66,0,70551,52,4010,1,2,4,2,1,0,0.9984059511158342,1,4.459187003126403,1,3,276,1,,
54,0,79052,20,4344,2,3,4,1,0,2,2.0,2,4.361744455183334,0,0,63,1,,
30,0,51335,2,2326,1,3,0,4,0,0,0.9984059511158342,2,1.7744897126649493,3,3,158,0,,
35,0,42488,46,1558,3,0,2,4,1,0,0.0,1,4.8617608870952935,0,0,159,1,2023.0,1.0
36,0,48393,84,2624,4,1,4,0,3,1,1.0,2,2.422188956978285,0,1,180,1,,
26,1,97061,71,668,0,2,1,3,0,0,0.0,1,1.2652497654607964,1,1,258,1,2023.0,1.0
45,1,119750,89,2971,0,4,3,0,0,1,0.0,0,2.467174747324057,3,3,73,1,,
68,1,67993,62,1846,0,0,4,3,3,0,1.0,0,3.819739996280052,2,2,204,0,2023.0,1.0
57,0,66489,9,3240,2,4,0,3,2,2,1.0,0,3.3201769549150755,2,0,123,1,,
44,0,29759,21,3822,3,4,0,1,1,2,0.9984059511158342,0,3.241725241524759,0,1,98,1,,
28,2,84595,66,4123,0,3,1,1,0,0,1.0,1,3.2446069304368126,0,3,234,0,2023.0,1.0
64,0,107211,49,1459,4,0,0,1,1,0,0.0,2,2.681792014127081,1,3,163,0,,
37,1,73740,26,3864,3,0,1,2,0,2,0.9984059511158342,1,3.2834253729191465,1,1,76,1,2023.0,1.0
33,0,113645,21,2147,3,3,0,0,2,0,2.0,2,2.424337079150571,0,2,141,0,2023.0,1.0
31,0,105579,79,2348,0,4,4,1,0,0,0.9984059511158342,1,4.850936605845536,1,0,106,0,,
28,2,23743,72,336,1,2,3,0,1,1,1.0,0,2.962484735906391,2,3,141,0,,
61,0,76151,64,4730,3,2,2,4,2,1,2.0,2,4.539856413795494,1,0,282,1,,
25,0,76531,21,339,1,4,3,1,1,1,1.0,0,2.1546209322726684,0,1,4,0,,
34,0,84331,46,3081,4,3,1,1,2,1,0.0,1,3.8837535455307903,2,3,224,0,,
26,1,118282,38,3454,2,0,2,3,2,0,2.0,0,3.034707583734781,1,2,207,0,,
64,0,103268,38,784,4,0,4,4,3,2,2.0,2,2.2050164881407603,1,0,156,1,2023.0,1.0
48,0,77802,81,3468,1,3,3,1,3,0,2.0,1,1.729028466628439,0,3,64,1,,
69,1,100974,18,4987,2,3,2,4,0,0,0.0,1,4.364504586896895,2,3,2,0,2023.0,1.0
37,0,33686,30,4946,1,0,0,0,3,1,0.9984059511158342,2,1.3304179997250207,0,0,9,1,,
60,1,72132,57,2258,2,2,1,2,1,1,2.0,2,4.193261464300229,1,0,59,0,,
26,0,112038,62,4774,3,4,0,2,2,2,0.9984059511158342,0,3.6209297448111313,0,0,250,0,,
24,1,73084,45,2094,2,4,4,2,1,2,1.0,1,1.4365620195529956,0,3,141,1,,
46,2,73863,22,1358,1,4,0,4,0,1,2.0,2,3.797167801003572,3,3,43,0,,
27,1,74596,11,4526,3,4,1,1,1,0,1.0,1,4.026558273695384,0,3,133,0,2023.0,1.0
27,0,68043,77,4454,4,1,3,4,3,2,1.0,2,4.026464598445626,0,2,266,0,,
48,2,111865,68,3361,2,3,0,3,0,0,0.0,1,1.5385668406045152,2,3,40,0,,
20,1,24611,38,751,2,4,4,2,0,2,1.0,2,4.284148954095729,2,0,155,0,,
54,1,74766,46,1260,3,3,1,4,1,0,0.0,2,3.863485800697124,1,0,260,0,2023.0,1.0
27,1,71993,63,4914,4,2,1,3,1,0,0.9984059511158342,2,1.527290386188816,2,3,5,1,,
32,1,49764,67,1731,1,4,1,3,0,1,1.0,0,4.702800065692562,3,0,89,0,,
50,1,76985,7,2360,2,3,3,2,1,0,1.0,2,3.637860630989596,1,2,5,0,,
23,0,55814,93,4006,1,1,4,2,3,2,0.9984059511158342,1,4.821156181112761,3,0,166,0,,
23,2,94155,20,1069,0,2,0,2,1,2,0.9984059511158342,1,2.413873396175848,2,2,81,0,2023.0,1.0
58,1,81807,30,661,3,2,3,3,3,2,0.0,0,1.8283428760387403,2,2,259,0,2023.0,1.0
28,2,113295,18,107,1,0,3,0,2,2,0.0,2,3.700161195283593,3,3,42,1,,
49,0,67994,52,1258,3,1,3,3,2,2,2.0,1,1.729108042392411,2,0,207,1,2023.0,1.0
30,0,34497,65,2556,0,0,1,0,3,1,0.9984059511158342,2,3.7129995058253216,3,0,162,0,2023.0,1.0
18,1,112602,65,127,3,0,4,4,0,0,0.9984059511158342,2,2.818862250202078,3,0,146,1,,
55,2,80071,96,2467,2,3,3,4,2,1,2.0,1,1.856121032243338,3,0,84,1,2023.0,1.0
65,2,56776,36,4238,1,0,1,3,0,0,0.9984059511158342,1,3.298130986726029,3,3,195,1,2023.0,1.0
59,1,34746,99,773,1,0,3,4,2,1,1.0,2,2.835722301384187,2,1,183,0,,
56,0,109779,52,2973,3,4,3,1,1,0,0.9984059511158342,2,3.5888545763118715,3,1,66,0,,
41,1,44395,82,3132,2,3,0,4,0,0,1.0,2,1.9070727531443827,1,0,251,1,,
63,0,76354,14,114,4,0,1,4,2,2,2.0,2,1.9760853297440284,1,0,53,0,2023.0,1.0
55,1,80096,7,3660,3,2,2,3,3,1,0.0,0,4.06299284677304,0,0,91,0,2023.0,1.0
55,0,98443,22,1561,2,3,4,2,2,0,0.9984059511158342,2,4.40270448001575,1,2,84,0,2023.0,1.0
60,1,86101,88,3682,0,4,1,1,0,1,0.9984059511158342,1,2.8104972453957053,0,2,120,1,,
35,2,23454,9,2300,0,0,1,0,0,2,0.9984059511158342,1,3.982593786227364,2,1,122,1,,
58,1,70117,12,405,4,3,1,1,1,2,0.0,1,2.776822916878509,0,2,29,0,,
56,1,57697,51,4454,4,4,0,2,2,0,0.9984059511158342,0,4.745111362055945,0,0,36,1,,
37,0,83825,73,2064,3,4,1,2,3,2,2.0,2,3.849652419142376,1,3,248,1,,
69,1,37500,91,1469,3,4,4,4,1,0,0.0,0,4.620872681457679,3,2,3,0,2023.0,1.0
19,2,48460,51,1622,4,4,3,2,1,0,0.9984059511158342,1,3.1176580263071627,0,2,182,1,2023.0,1.0
44,0,24176,82,936,3,0,0,0,1,1,0.9984059511158342,1,1.1239185738722304,3,3,95,0,,
44,0,20557,45,4570,0,1,4,1,2,0,2.0,2,1.2713580658094443,0,1,145,1,,
36,1,53690,43,1249,3,1,4,1,2,2,0.0,0,2.002047497702992,3,0,275,1,,
48,0,92298,96,2209,3,3,3,4,2,2,0.0,0,1.439894403191512,3,2,1,1,,
54,0,34260,60,2013,2,1,4,4,2,1,2.0,2,2.458759863032218,0,0,56,0,,
49,2,36997,24,1732,1,3,3,1,1,2,0.0,0,2.680149037115921,2,1,276,0,2023.0,1.0
20,0,112609,88,4172,0,2,2,2,1,0,1.0,0,4.275940153702948,3,1,136,1,,
34,1,60741,58,4460,2,0,4,1,3,2,0.0,1,3.620480368729902,1,0,51,1,,
28,1,99400,19,4544,3,0,0,3,3,2,2.0,0,4.705952858255737,0,2,183,0,,
18,1,72055,47,1774,4,1,2,3,2,1,0.0,1,3.543697262887186,0,3,182,1,,
53,0,47460,60,2172,0,2,2,0,2,1,0.0,1,4.933008750401931,0,2,9,0,,
41,0,60597,56,611,0,0,0,0,1,2,0.9984059511158342,1,2.529030069284951,0,0,247,1,,
66,0,34235,3,2865,3,4,3,3,0,0,2.0,0,1.8636136679327988,2,3,245,0,,
50,0,38095,55,1689,0,2,3,0,3,1,0.0,1,3.942497042939329,0,3,61,1,,
25,1,74567,7,1824,4,1,0,2,1,2,2.0,1,3.431652501955881,2,3,14,0,2023.0,1.0
68,2,64322,82,1938,2,3,1,4,2,1,0.0,0,1.2715985631455229,0,1,165,1,,
35,0,83230,89,3611,0,3,0,3,3,1,0.0,1,1.4675771925934176,1,0,223,1,,
67,2,76964,67,4621,4,4,3,3,3,0,0.9984059511158342,2,4.536205802890219,1,3,14,0,2023.0,1.0
51,2,65482,77,3887,2,1,2,1,1,0,2.0,2,2.0110790639023093,0,1,293,1,,
29,0,107889,11,4410,4,0,0,3,1,0,0.0,2,3.1114602545251824,0,3,206,1,,
64,1,115634,39,4863,0,4,2,4,2,0,0.0,0,2.905487890914608,0,0,258,0,,
37,0,20064,39,2756,3,2,3,3,2,2,1.0,2,4.344145236562799,0,3,6,1,,
28,0,70481,55,131,4,1,1,3,2,0,0.0,0,3.0851917949823635,3,1,251,0,,
52,2,35025,44,2367,3,2,2,4,2,0,0.0,1,2.0561869330121216,3,3,289,1,,
35,0,61420,92,4482,1,1,1,0,2,2,0.0,1,1.4960264468857938,3,1,25,1,,
59,1,48084,58,3360,2,0,2,3,0,2,1.0,1,4.258414272231649,1,0,169,0,,
30,1,71444,98,2925,0,3,2,2,0,2,1.0,1,4.602826936967987,0,0,177,1,,
60,0,87592,52,2662,4,1,3,4,2,2,2.0,1,4.148618612407217,3,2,283,1,,
36,0,116636,35,2788,0,4,1,1,2,1,1.0,2,3.717923106132897,0,2,54,0,,
25,1,32501,92,2148,1,4,0,1,2,1,2.0,0,2.498685608025031,1,3,131,0,,
28,2,63205,60,1788,0,2,0,0,0,2,0.0,2,4.42814812896923,1,0,244,1,,
18,1,92746,87,2455,1,2,3,2,1,2,0.0,2,3.793699976594735,2,3,242,1,,
51,0,68166,74,2388,3,2,3,4,0,2,2.0,2,4.130617337641006,2,1,97,0,2023.0,1.0
56,1,46598,51,1075,0,2,2,1,0,0,1.0,0,3.7978941671917625,2,1,290,1,,
38,2,56163,4,1552,3,1,3,3,2,2,2.0,0,2.1337194496963705,0,1,277,1,,
51,0,39465,54,2981,1,1,3,0,3,2,2.0,2,1.4770913531119745,2,1,78,0,2023.0,1.0
66,1,81032,56,2987,3,0,3,1,2,0,0.0,2,2.8018884574299583,3,1,83,0,,
61,0,95179,20,4425,3,0,4,2,3,1,2.0,1,2.7641785036553346,3,1,178,0,,
27,2,39464,69,532,2,0,0,0,1,0,2.0,0,4.753748733056612,1,1,172,1,,
45,1,89051,40,4657,2,3,4,1,1,0,0.0,0,3.3633761836262046,3,1,82,0,,
42,1,61011,62,493,2,4,3,0,1,0,0.9984059511158342,2,1.6551492970889274,1,1,94,1,,
57,1,107276,16,4735,0,3,4,0,0,0,0.9984059511158342,2,3.776601835820468,0,1,127,0,,
29,1,77183,72,1645,3,4,1,0,3,2,0.9984059511158342,1,4.575761605226651,0,2,23,0,,
50,2,76697,79,4551,0,4,3,1,0,1,0.9984059511158342,2,4.754454350351127,1,3,50,1,,
35,1,99509,77,1721,3,3,4,4,3,2,0.9984059511158342,2,3.6015731677044225,0,1,221,1,,
32,0,103609,54,2503,0,4,3,2,0,0,0.0,0,1.7918672441309544,2,2,130,0,,
59,1,58311,59,4564,3,4,3,3,0,0,0.0,0,2.474984143176909,1,2,183,1,,
32,0,37718,44,3780,3,3,3,1,0,2,0.0,2,4.4320213249442215,1,1,61,0,,
59,2,43555,60,1564,2,0,0,4,3,1,2.0,1,2.3664277283121016,1,1,83,0,,
41,0,35051,73,3279,1,3,3,3,0,1,1.0,1,2.614169724877648,0,1,118,1,,
50,0,54248,20,3590,0,0,3,1,3,0,0.0,2,2.040944498317427,2,1,140,1,,
48,1,74816,56,4189,4,1,4,4,3,0,0.0,1,2.7571531193164245,3,2,40,1,,
44,2,96394,58,3840,1,1,1,3,1,0,2.0,0,4.854290000482136,2,0,253,1,2023.0,1.0
67,0,104821,72,2469,4,4,1,0,1,2,2.0,2,2.426356179144262,0,3,28,1,,
28,2,62840,88,2437,0,3,2,4,2,1,2.0,1,4.757633836648277,1,3,137,1,2023.0,1.0
18,1,95268,39,339,0,2,3,2,2,1,2.0,2,3.62875623996055,2,1,192,1,,
64,0,73739,89,3066,3,1,4,1,3,0,1.0,1,4.712419926521646,2,1,170,0,,
67,1,70818,8,1047,4,1,0,3,1,2,1.0,1,3.488553039667831,3,2,254,1,2023.0,1.0
61,0,85063,60,3651,1,2,4,0,2,0,0.0,1,1.6648315236775364,0,2,122,1,,
25,1,109532,35,551,0,0,4,0,3,2,0.9984059511158342,2,2.664073313648881,2,1,212,1,,
39,0,76627,84,1674,4,4,0,3,0,2,0.0,0,3.6075069630096377,3,3,298,1,2023.0,1.0
63,1,79884,55,2519,3,3,0,1,2,1,0.0,2,1.481422920335144,0,1,212,1,,
27,0,84559,2,4375,3,3,1,3,3,0,0.9984059511158342,2,4.937234064449273,0,2,215,1,2023.0,1.0
25,0,55109,41,1897,2,1,3,4,1,1,0.9984059511158342,1,4.473433245988299,0,1,115,0,,
67,1,40662,73,3364,4,2,0,2,0,2,0.0,2,3.1357272160119987,3,2,172,0,,
35,1,44496,57,1508,1,3,0,4,1,1,1.0,1,4.842511368963256,3,3,21,0,,
60,2,57656,72,599,2,3,2,1,1,1,2.0,1,3.575210525643508,2,2,97,1,,
52,0,65177,18,2367,2,0,3,0,2,2,1.0,1,3.228848493656576,0,1,43,0,,
26,2,29808,50,2427,1,2,3,1,0,2,2.0,2,3.9837730366166,2,2,272,1,,
68,2,60409,71,1849,4,4,2,4,2,1,1.0,1,3.9963336046347537,2,0,31,0,,
52,0,109062,20,1165,2,4,3,2,0,0,2.0,1,2.855873115420996,0,0,217,0,,
55,1,111861,17,2716,2,2,0,2,1,1,0.0,2,4.423607853681574,3,0,189,0,,
55,0,66099,90,3954,1,0,2,3,2,1,2.0,2,2.1408062516288275,1,1,293,0,2023.0,1.0
50,0,81305,1,1992,2,2,4,2,1,2,2.0,0,3.1564572089077623,0,1,299,1,2023.0,1.0
62,1,100219,93,4520,0,2,1,0,1,0,0.0,2,3.1335512198696143,1,2,72,0,2023.0,1.0
49,0,55079,48,3006,0,0,1,0,0,0,1.0,0,1.9449417365119213,1,2,139,0,,
67,0,114884,56,2449,3,0,4,3,1,2,1.0,1,3.1475288406103155,0,2,277,1,,
18,1,70278,22,3732,1,3,0,2,2,2,1.0,1,3.3120570253922046,2,2,36,1,2023.0,1.0
50,2,70185,27,1200,1,4,1,0,2,2,0.9984059511158342,2,3.783636415366143,3,1,145,0,,
68,0,70572,62,3591,1,3,3,2,3,2,2.0,0,2.690887142894781,3,0,176,0,,
38,1,29628,36,3165,4,4,3,2,2,2,1.0,1,4.515291128584931,2,2,172,1,2023.0,1.0
57,0,86267,80,4969,1,1,3,0,3,1,2.0,1,2.1704682234715595,2,2,229,1,,
31,0,101678,6,3929,0,1,0,1,0,2,1.0,0,4.225972010640723,3,0,131,0,2023.0,1.0
24,2,70903,45,4050,3,0,4,0,0,0,0.9984059511158342,2,1.865456923962561,1,0,87,0,,
36,1,97339,70,2723,3,4,4,1,3,2,0.0,0,3.366098417884652,1,1,217,1,,
36,1,66622,52,1886,0,3,0,0,0,2,0.9984059511158342,0,1.847776977249091,2,2,254,1,2023.0,1.0
39,0,96025,86,456,0,0,3,3,2,2,1.0,2,4.44485195755584,2,2,7,1,2023.0,1.0
50,1,84860,39,1586,0,3,4,0,2,2,0.0,1,3.180631824574136,2,0,90,1,,
40,1,102215,94,187,0,3,4,4,1,2,1.0,0,2.6747616642878134,1,3,180,0,,
34,2,34859,67,1645,0,3,4,4,1,0,0.9984059511158342,2,4.785067524229843,0,0,130,1,,
68,0,66060,38,1490,0,0,3,2,2,0,0.0,0,4.036344391940764,3,1,25,1,,
53,1,103629,12,1848,0,4,1,3,3,1,1.0,0,1.0296406575112802,2,3,78,0,,
68,2,115422,91,4726,1,3,0,4,0,0,0.9984059511158342,1,4.234918139134608,0,1,229,1,2023.0,1.0
57,1,63032,34,2764,2,4,4,0,3,2,2.0,2,1.5352445664542604,2,0,258,1,,
51,1,57170,56,1084,0,4,2,3,3,2,2.0,2,2.249588197357952,0,2,145,0,2023.0,1.0
31,0,101214,23,3108,2,3,2,1,1,0,0.0,0,2.883375739306948,2,1,72,0,2023.0,1.0
64,0,30510,71,2575,1,4,2,0,0,2,1.0,1,2.702601538006217,3,2,110,0,2023.0,1.0
37,2,77797,93,3641,4,2,3,4,1,0,0.0,1,2.262488030693286,2,0,133,1,,
33,2,110201,98,4592,2,3,2,3,3,0,2.0,2,2.852655872771615,0,2,273,1,,
19,0,68812,62,4213,0,3,2,1,3,2,1.0,2,3.4746035887494964,3,1,115,1,,
42,0,75401,25,1747,3,2,3,1,2,1,1.0,2,3.072435609379352,0,0,110,1,,
58,1,90726,34,3095,0,2,1,0,1,2,0.0,0,3.8172441186388544,3,1,86,0,,
21,0,77500,69,3274,3,4,4,1,2,2,0.9984059511158342,0,2.239863770005164,2,1,16,0,,
42,1,55157,45,2663,4,2,4,1,3,0,0.9984059511158342,2,4.8888957964786,2,0,164,0,,
56,2,58057,48,3979,0,3,3,3,2,0,0.9984059511158342,2,2.86884255650356,2,3,99,0,,
69,1,66648,66,1244,2,4,4,3,0,0,2.0,2,2.4524254727115373,3,1,134,0,,
54,1,97430,73,3752,2,2,4,2,1,1,1.0,2,2.588628015405897,2,3,203,0,2023.0,1.0
32,0,32771,51,2226,4,2,1,3,3,0,2.0,0,4.856041987200069,2,2,22,1,,
46,1,96515,38,3308,3,0,2,4,3,1,2.0,2,3.147635802463205,1,0,218,0,,
27,2,86627,91,2755,0,3,0,2,3,2,1.0,0,1.011457513209999,0,2,281,1,,
27,0,54293,91,2477,1,1,3,2,3,0,0.0,2,1.688136422820797,3,2,14,0,2023.0,1.0
44,1,39995,38,4973,0,4,1,0,2,2,1.0,0,1.4806580846176218,3,3,105,0,,
21,2,45474,10,2290,0,1,1,1,0,2,0.0,0,1.880543599538142,3,1,251,1,,
67,2,115812,29,1153,1,4,1,3,2,2,1.0,2,3.008432820435172,2,1,190,0,,
35,1,65667,22,2836,0,0,1,4,1,0,0.0,1,4.627078790309575,3,2,77,0,,
56,1,106713,40,4155,1,3,3,4,1,1,2.0,1,3.2569464062372777,2,0,132,1,,
34,1,93168,41,699,0,0,1,2,2,2,2.0,0,2.376411443081717,0,0,137,1,2023.0,1.0
41,2,99303,50,4494,1,1,2,1,2,0,0.9984059511158342,1,3.592783116554812,2,3,89,1,2023.0,1.0
48,1,48670,83,243,3,3,3,1,0,0,1.0,0,2.592584936911652,2,1,133,1,2023.0,1.0
64,0,62269,28,4340,3,3,4,0,0,1,2.0,2,2.902651278221208,2,2,101,1,2023.0,1.0
29,1,51110,21,425,2,0,4,3,1,0,0.0,2,4.184548541385308,3,2,136,0,,
54,0,70272,62,4355,4,1,4,2,3,0,1.0,1,4.595255100800234,3,1,64,0,,
51,0,113176,63,1084,2,1,3,4,3,1,0.0,2,2.5968130892940526,1,3,263,0,,
21,2,114524,74,4626,4,0,2,1,3,0,2.0,1,1.8535594829908923,0,0,88,0,,
65,1,31545,4,1425,3,4,1,0,1,2,2.0,0,4.544529642621576,3,0,217,0,,
43,2,30967,93,698,1,0,4,4,3,0,0.0,0,1.6383969853326632,2,1,234,0,,
51,1,111393,57,775,2,4,0,1,3,0,2.0,1,1.1614861817554227,2,0,271,0,,
52,0,75894,21,630,1,2,2,2,1,0,1.0,1,3.1831327568662027,2,2,291,1,2023.0,1.0
42,1,105053,95,438,1,3,1,3,3,0,2.0,2,4.579110738293114,0,0,87,0,,
34,1,62485,58,3634,3,3,0,3,3,0,2.0,2,1.2658272635265413,0,2,75,1,,
38,1,27897,54,2325,0,0,0,1,1,0,2.0,2,3.3800665974005684,3,3,238,0,2023.0,1.0
49,1,75420,22,251,2,1,4,1,3,2,0.0,2,4.168397819693084,1,3,264,0,2023.0,1.0
53,0,84274,1,4119,0,4,2,1,0,2,1.0,1,1.991796153328854,0,1,104,1,,
64,2,67780,19,2768,0,0,4,1,0,1,0.9984059511158342,2,1.530055926746329,3,3,224,0,,
57,0,105637,7,4060,4,3,2,3,3,0,1.0,2,2.3808113064525807,2,1,75,1,,
67,1,45905,40,1477,0,3,1,0,1,0,0.0,1,4.722609369836702,2,3,103,0,2023.0,1.0
28,2,105674,96,4069,4,2,4,0,1,1,0.9984059511158342,1,2.8504030970368426,1,3,35,1,,
61,0,38402,98,4107,4,1,4,3,0,2,0.0,0,1.2637784810049464,3,0,93,1,,
63,1,78548,15,3777,3,0,1,4,3,1,0.9984059511158342,2,1.5393650127739926,2,2,208,0,2023.0,1.0
55,1,79980,40,4495,3,4,2,1,1,2,2.0,2,2.9790760489692003,3,0,253,1,,
61,0,31519,1,3724,2,2,1,1,3,2,0.0,1,2.143680673226096,0,1,52,0,,
61,1,56996,23,954,0,3,4,4,3,2,1.0,2,2.831043862898782,3,1,40,0,,
46,0,66665,86,1509,4,1,0,2,2,1,0.0,1,3.2185154666978395,3,2,63,1,,
29,0,25607,55,3963,4,4,3,0,1,2,1.0,1,1.137797114880358,1,0,169,1,2023.0,1.0
43,1,92793,18,2126,0,0,0,2,3,0,0.9984059511158342,0,4.075971905302018,2,1,195,1,2023.0,1.0
19,0,28484,27,4368,3,3,0,2,0,2,0.9984059511158342,1,4.19484922843392,2,3,148,1,2023.0,1.0
47,2,107329,44,355,4,0,1,4,0,0,0.9984059511158342,2,3.82520267807533,1,0,297,0,2023.0,1.0
61,0,31939,19,4291,1,4,0,4,0,2,0.0,2,4.603217203152269,1,0,61,1,,
21,0,75063,79,1990,3,2,4,3,0,2,1.0,0,2.3085201966934883,2,3,293,1,,
41,0,76227,81,3393,4,2,0,3,0,1,0.9984059511158342,0,1.7073734181027411,3,2,178,1,,
32,0,81923,97,1780,2,3,0,4,0,2,0.9984059511158342,0,3.2930615794542275,3,0,4,1,,
38,0,47818,52,652,3,0,4,2,1,1,2.0,0,1.139177618905734,1,0,27,0,2023.0,1.0
28,0,49520,61,718,3,0,4,1,3,2,2.0,0,3.9276736759740754,1,3,284,0,,
43,0,70812,8,1870,0,3,1,3,3,1,0.0,1,1.9619130742910391,2,2,39,0,,
61,0,95010,87,2495,4,4,0,2,1,0,1.0,2,3.56567691756232,1,0,71,1,2023.0,1.0
29,1,41352,73,2364,4,3,3,1,3,1,0.0,1,3.7214826936349175,0,1,235,0,,
53,1,66103,15,4810,1,1,0,0,1,2,2.0,1,4.071537859279937,2,3,272,1,,
25,1,40886,48,3242,1,1,3,3,2,2,2.0,0,3.1489546295309934,1,2,33,1,,
27,1,40714,48,1979,0,1,2,4,3,2,0.9984059511158342,1,2.697908447339676,2,1,146,1,,
40,1,87764,94,4998,2,4,4,1,1,0,2.0,2,2.572431548607588,2,0,102,0,,
23,1,114042,52,405,3,0,4,1,2,0,0.9984059511158342,2,3.8716126271994753,3,1,232,1,,
54,2,31600,12,1269,3,3,1,3,1,1,1.0,2,2.2813588878333984,0,1,138,1,,
53,0,45046,63,3817,0,2,3,0,0,0,0.9984059511158342,1,2.912214713940685,3,0,133,1,2023.0,1.0
40,1,55690,87,3791,0,3,0,3,1,1,2.0,1,2.136360294247789,0,0,5,1,,
23,0,26083,63,1170,2,1,2,0,0,0,2.0,2,3.075592512740717,2,0,165,0,,
20,1,47956,96,491,2,4,3,4,1,0,0.9984059511158342,1,4.011235165556867,0,0,17,0,,
38,0,93414,9,1903,3,3,0,0,2,2,2.0,2,2.99948290721972,3,2,32,1,,
57,1,36508,97,516,1,3,1,4,1,0,0.9984059511158342,0,3.311158256609612,0,2,86,0,,
47,2,30681,29,1673,2,4,0,4,0,1,2.0,2,2.603429548246882,0,2,249,0,2023.0,1.0
44,0,34691,76,3162,1,1,1,0,1,0,0.0,0,2.026921166865562,2,3,14,1,,
20,1,35261,62,4760,0,4,1,0,0,0,2.0,2,3.327461100077412,3,2,82,0,,
59,1,79900,39,1846,1,2,2,1,3,0,2.0,0,1.8115283295570943,0,3,237,0,2023.0,1.0
25,1,25375,84,362,4,1,0,3,3,2,2.0,1,4.970983563750798,0,1,294,0,,
33,2,91574,38,1953,4,4,0,0,0,0,0.0,1,2.518464144999849,2,3,121,1,,
19,0,115504,97,1757,2,2,1,3,1,2,2.0,1,2.9025390039634367,3,2,75,1,,
35,0,58725,9,1083,4,1,0,2,3,2,2.0,2,3.4593674957271525,0,3,112,1,,
58,0,93757,44,3728,0,4,2,1,0,0,2.0,0,4.6115163119795,1,3,76,0,,
55,1,61628,56,1588,3,4,3,1,0,2,0.0,1,3.974046190049084,1,1,91,1,,
34,0,68671,41,1308,1,1,4,3,0,2,1.0,2,2.763394282827429,1,2,193,0,,
64,1,29638,1,4699,4,0,0,0,3,1,1.0,0,1.172408713322739,0,0,104,1,2023.0,1.0
66,0,75828,51,301,4,2,2,0,0,1,1.0,0,1.626333408435975,3,2,87,0,,
37,1,103106,36,4864,2,4,3,0,0,2,2.0,2,1.8094552964895736,1,0,178,0,2023.0,1.0
33,1,119415,9,631,1,4,4,1,3,2,0.0,1,4.91564582340149,2,2,297,1,,
63,1,59107,76,206,0,2,2,4,2,2,0.0,0,4.450005924798958,2,3,105,0,,
63,0,30236,46,2203,4,4,0,0,3,2,0.9984059511158342,2,4.888296916987345,0,2,3,0,,
66,0,77560,31,184,4,2,0,3,1,0,0.0,1,1.7725740657690858,0,1,163,0,,
38,1,98672,51,1740,0,0,2,2,1,0,2.0,0,2.4796749922226677,1,1,5,0,,
32,2,108356,15,260,2,4,1,2,3,1,0.9984059511158342,0,3.653752666974618,1,1,46,1,,
49,0,113011,77,3490,0,2,3,0,0,0,1.0,1,2.4219452079229558,3,1,254,0,,
36,0,94796,72,2191,1,3,1,0,1,0,2.0,0,2.241729645353833,2,3,52,0,2023.0,1.0
60,0,41300,8,2379,0,2,0,2,0,0,0.9984059511158342,2,4.154130851425588,3,2,299,0,,
64,1,20694,51,1268,2,4,0,0,2,2,0.0,1,1.9637941670487449,1,3,211,0,,
51,1,87509,9,4409,4,3,0,4,2,1,2.0,1,1.075817327451171,2,2,127,0,2023.0,1.0
67,1,47114,79,722,4,1,0,2,1,1,0.0,0,3.953733802623423,0,0,190,0,,
59,2,75598,14,3511,4,1,4,1,0,1,0.9984059511158342,0,1.600851236667392,3,2,163,0,,
66,2,29372,68,3989,1,1,1,1,1,0,1.0,0,1.927780645474383,2,3,123,1,,
64,2,108001,32,731,3,1,1,3,0,2,1.0,0,3.040538263088882,0,2,5,1,2023.0,1.0
37,2,99803,92,3043,0,0,1,2,3,0,1.0,0,3.0344919850331795,1,1,60,0,,
29,1,59643,84,3045,2,1,0,2,0,0,0.9984059511158342,0,4.603883337690292,0,1,146,0,,
60,2,77811,55,3321,0,3,4,0,2,0,1.0,0,3.1991946696228606,2,0,97,1,,
28,2,38740,14,2881,0,0,4,4,2,2,2.0,2,3.908609971117617,1,0,91,0,,
32,0,51704,7,798,1,1,0,2,2,2,2.0,0,3.1044584781863467,1,2,5,1,,
22,1,88149,50,3977,4,4,0,2,0,0,1.0,0,4.070176186661603,1,3,255,0,2023.0,1.0
43,1,99233,61,270,3,0,0,4,3,1,2.0,0,4.731564657013168,0,0,12,1,,
22,2,73664,65,1733,0,1,2,4,1,2,0.9984059511158342,1,2.297328001462895,1,0,184,1,,
20,0,109848,86,1108,3,3,4,1,2,2,1.0,2,1.6992918819814524,0,3,296,0,,
32,0,78715,89,2029,3,1,0,2,1,1,2.0,2,3.3681158490413914,3,3,130,0,2023.0,1.0
40,1,70945,32,1684,4,2,3,2,3,2,1.0,1,2.332697766268645,2,3,25,1,,
53,0,55797,81,397,3,2,3,3,0,1,1.0,2,3.0971463430870467,1,0,290,0,,
34,1,102238,90,820,0,1,4,1,1,2,0.0,2,2.3394140307459126,0,0,137,0,,
52,0,78031,54,4554,0,0,4,0,0,0,0.0,2,3.45108084084909,2,0,297,0,2023.0,1.0
53,0,95948,72,3554,2,1,4,0,3,0,0.9984059511158342,1,4.936352302318317,0,1,42,1,2023.0,1.0
58,2,32204,76,154,3,3,2,4,2,0,1.0,0,1.726205544307715,1,0,206,0,,
58,0,82223,51,2178,1,2,3,1,2,0,0.9984059511158342,1,3.2936295730399245,3,1,70,0,,
38,1,61964,48,4183,1,0,3,4,2,0,2.0,2,3.400899348026481,2,2,260,0,,
21,2,113823,97,4867,3,0,4,2,2,0,2.0,0,1.750733639403355,2,2,258,1,2023.0,1.0
60,1,37443,2,1606,2,1,0,2,1,2,0.0,0,4.851518945839088,0,0,210,0,,
31,2,38170,88,2432,2,3,4,2,1,1,0.0,1,1.442495825986105,1,1,120,0,,
47,0,22580,40,2528,0,1,2,3,0,0,1.0,0,2.5779849959511174,3,0,19,1,,
38,1,112321,98,2700,3,0,1,3,0,2,2.0,0,4.840500996429408,2,0,193,1,,
40,1,70547,69,2295,4,3,2,2,0,0,1.0,2,3.910411687655013,3,0,265,1,,
65,0,31254,11,915,2,0,3,2,1,0,0.9984059511158342,0,4.328692665786102,3,1,40,0,,
67,1,20597,90,3877,0,4,4,3,2,2,0.9984059511158342,2,3.61794427866142,1,0,96,1,,
34,0,50990,51,3175,3,4,3,3,1,0,1.0,1,2.99096877777552,0,1,285,0,2023.0,1.0
34,0,114594,3,4088,4,1,4,2,1,2,2.0,1,4.110052816979385,3,3,23,1,,
25,0,60721,27,338,2,4,1,2,3,0,2.0,1,4.019870843835458,2,1,36,1,,
61,1,21245,96,1519,2,4,2,1,2,2,0.9984059511158342,1,4.72181116323195,0,2,43,0,2023.0,1.0
27,2,69831,31,742,0,0,4,1,0,1,0.9984059511158342,0,4.580496090573789,2,3,134,1,,
57,1,29386,25,3672,3,4,2,1,0,2,2.0,2,3.016074893093827,2,1,252,0,,
23,1,46148,35,164,3,0,3,4,1,2,0.0,2,3.6426967444677594,2,1,264,0,,
65,1,66359,52,3634,1,1,1,3,2,2,0.9984059511158342,2,3.7673843782005623,2,2,67,0,,
65,0,91643,43,1568,1,2,1,4,0,2,1.0,0,4.758927550449901,2,2,256,1,2023.0,1.0
46,2,80010,57,1200,0,2,2,2,1,2,0.9984059511158342,0,1.0952996578034853,0,0,188,1,,
40,0,110921,90,4903,1,4,2,4,3,0,0.9984059511158342,0,1.5356174031001817,1,0,84,1,,
46,0,119242,65,4551,1,0,4,0,3,1,2.0,0,2.3775340309979627,2,2,138,0,2023.0,1.0
54,1,43490,18,2084,4,2,4,0,3,0,0.9984059511158342,0,4.000575827041416,3,2,171,1,,
44,2,52250,17,1975,0,0,4,0,0,0,2.0,2,1.996421902368787,3,3,43,0,,
29,1,58379,32,1004,2,4,0,4,1,2,1.0,1,2.148949286559733,3,3,29,0,2023.0,1.0
23,1,60667,56,3530,2,2,2,4,1,0,0.0,2,4.040174729306878,3,1,262,1,2023.0,1.0
64,0,69923,19,771,1,1,1,1,0,0,2.0,2,2.2419229086070547,2,1,183,0,,
43,0,24870,52,4790,0,1,1,4,3,2,0.9984059511158342,2,4.568948511946436,2,3,234,1,,
38,0,85250,77,3619,1,3,2,4,1,2,2.0,1,4.042298442748656,2,0,56,1,2023.0,1.0
40,1,48523,16,414,1,4,0,3,1,2,1.0,1,1.3186595106217918,0,0,17,0,2023.0,1.0
68,0,43769,96,2254,0,3,0,3,1,0,0.9984059511158342,2,4.429591750567763,3,2,14,0,2023.0,1.0
49,2,33222,19,3511,4,0,4,4,0,2,0.0,2,1.3498420242587632,0,1,191,1,,
29,1,104458,72,685,3,1,1,2,0,2,2.0,0,2.1274273432399,2,0,231,0,,
46,0,83333,74,1814,4,3,3,1,0,2,2.0,1,3.356346415742902,3,0,192,1,2023.0,1.0
47,0,113608,93,1611,2,2,1,2,1,0,2.0,2,4.325962368348263,1,3,44,0,,
36,1,39589,89,2581,2,1,3,0,0,1,1.0,2,3.2023034134397514,3,0,74,0,,
29,0,61366,55,4570,4,0,2,1,0,1,2.0,2,3.74780215766193,0,3,18,0,,
19,1,21080,63,1216,3,3,0,1,1,2,0.9984059511158342,1,1.1429216995474087,3,0,28,1,2023.0,1.0
23,0,101455,50,1537,1,2,4,2,0,0,1.0,1,2.5034105432796494,2,1,281,0,2023.0,1.0
39,1,100083,6,3793,0,2,3,4,0,2,1.0,0,2.8094468291811032,1,0,215,0,2023.0,1.0
60,0,54986,52,3016,2,0,4,4,0,2,1.0,1,3.027049563290905,2,3,204,1,,
66,1,37152,44,4124,4,0,1,0,3,1,0.0,0,2.324047955081979,1,3,106,1,,
61,0,115022,45,3390,0,4,0,2,1,0,0.9984059511158342,2,3.345593660627988,0,1,138,0,,
18,0,75918,17,2572,4,0,1,2,0,0,1.0,0,2.619995341560572,0,1,33,1,,
34,1,29795,18,2235,1,2,3,2,1,2,1.0,2,1.3019160449460934,3,3,213,0,2023.0,1.0
25,2,73555,36,1730,1,0,1,2,3,2,0.0,0,3.5521218994709063,3,1,275,1,,
63,1,74068,1,300,3,2,3,4,1,2,1.0,1,3.997397058717953,2,0,145,1,,
69,1,37256,12,2850,2,0,3,3,3,2,1.0,0,2.2508309527577297,0,1,9,1,,
54,0,67703,16,2648,1,3,3,2,1,2,0.0,1,3.00468451316412,3,3,163,1,,
67,1,88602,92,1822,4,1,3,1,2,1,0.0,2,3.3155174572829207,2,2,138,1,2023.0,1.0
49,1,21115,78,1566,4,1,4,3,1,2,1.0,1,2.588848825335708,1,2,259,1,2023.0,1.0
19,1,106978,68,1154,4,1,4,2,1,0,0.0,1,4.372769226078955,2,0,63,1,2023.0,1.0
48,1,24747,72,4553,0,1,2,3,3,0,0.0,0,3.114404605453002,0,1,179,1,,
27,1,99478,47,1020,2,3,3,3,2,2,1.0,2,1.1554501041203205,2,1,250,0,,
37,1,100934,54,4078,3,0,3,3,1,0,2.0,0,2.2114103662049875,3,3,180,0,,
30,1,104766,55,4972,4,3,4,2,0,2,1.0,1,1.4347025367740347,2,3,236,1,,
27,1,77813,53,3072,0,4,2,1,2,2,0.9984059511158342,2,3.8741114681905993,2,2,289,0,,
64,0,33515,46,3763,3,1,2,3,0,1,1.0,1,2.380511663891202,2,2,208,1,,
35,1,29107,5,3849,0,2,0,3,3,2,1.0,1,1.6576070675303174,3,2,267,0,,
43,2,94935,82,3339,2,1,4,1,0,0,0.9984059511158342,0,3.2619361622380048,1,3,104,0,,
23,2,77450,53,571,3,2,2,3,0,2,0.0,2,1.2990611624967423,2,1,139,1,,
55,0,75244,55,1103,0,0,4,2,3,0,0.0,2,4.815013646215448,2,1,18,0,,
45,1,75268,53,3199,0,1,0,0,1,0,0.0,2,1.9866737563350552,0,1,292,0,2023.0,1.0
45,0,70241,8,4981,2,4,0,2,0,0,0.0,2,4.29208488294813,1,2,53,0,2023.0,1.0
27,2,34263,51,4554,4,1,2,2,2,2,0.0,1,3.0174687992778817,0,3,186,0,,
32,1,86169,44,3564,0,4,2,1,3,2,1.0,0,3.9815255643014886,0,3,78,1,2023.0,1.0
28,2,110321,7,1933,0,3,1,2,1,0,1.0,0,2.899244514997904,3,3,199,1,,
59,0,35457,57,620,1,2,2,0,3,2,2.0,2,2.3976287590638075,0,0,48,0,,
20,2,91934,62,1155,4,1,4,2,0,0,1.0,2,1.0629650369939174,2,2,281,1,2023.0,1.0
39,2,93230,1,1029,1,4,0,1,1,0,1.0,1,1.5033009612168713,1,3,140,1,,
62,1,48351,65,533,4,2,3,0,2,2,0.9984059511158342,2,2.4962054603238677,3,2,164,0,,
66,0,56845,67,4282,3,2,4,0,1,2,0.9984059511158342,1,1.3069374140508652,3,1,278,0,,
37,2,22526,87,2594,0,4,1,0,1,0,0.9984059511158342,0,2.7414699251550303,3,3,118,1,,
49,0,107122,27,3035,0,3,2,1,1,1,0.0,1,3.007231147460532,0,1,43,0,,
68,0,37101,93,2512,2,2,2,1,3,0,0.0,1,1.5157341614347892,3,3,263,1,,
31,1,53387,35,3536,2,1,0,3,1,2,1.0,0,4.761381898178715,0,2,228,1,2023.0,1.0
23,2,95851,15,2775,4,4,3,1,2,2,0.0,0,3.610825767537839,2,2,292,0,,
44,2,109859,47,1075,2,2,3,2,2,1,0.9984059511158342,2,3.30493446251638,3,0,127,0,2023.0,1.0
52,1,62407,6,3994,0,0,4,3,3,2,1.0,0,4.601709845652273,2,1,257,1,,
61,2,35082,34,3503,1,0,0,2,2,0,0.0,0,4.913305241326059,2,2,22,1,,
41,1,34434,82,4587,4,3,2,1,2,0,0.0,2,1.625962133027142,2,0,101,0,2023.0,1.0
54,0,65913,1,3859,0,2,1,2,2,0,2.0,2,1.8437126096027523,1,3,148,1,,
64,0,33890,61,3629,2,1,2,4,2,2,0.0,0,3.283497021456533,3,2,96,1,,
52,0,51145,99,3516,2,1,2,3,3,1,0.9984059511158342,1,3.325345065184933,3,1,225,0,2023.0,1.0
37,0,76624,7,1091,2,4,1,0,2,1,2.0,0,3.4961391683020158,0,0,177,1,2023.0,1.0
34,2,117274,75,4528,0,1,1,2,2,2,0.0,2,3.717255431222253,3,1,160,0,,
29,0,54364,45,4199,1,3,4,0,2,2,0.9984059511158342,0,1.8881014912545664,3,1,105,0,2023.0,1.0
27,1,101481,40,1850,2,1,4,0,3,1,0.9984059511158342,2,4.481829835779239,1,2,130,1,,
34,1,24478,21,3960,4,3,0,3,0,0,2.0,1,2.8578015678385853,0,3,275,1,2023.0,1.0
68,1,41725,79,2139,2,4,2,4,0,0,0.9984059511158342,2,1.1162889880253926,3,3,82,0,2023.0,1.0
19,1,104500,85,1082,3,4,4,3,1,1,0.9984059511158342,2,1.9552752395879416,1,0,209,1,,
43,1,77320,61,370,4,2,4,3,0,2,0.9984059511158342,2,3.7893152321846513,0,1,102,1,2023.0,1.0
43,0,98947,62,2280,0,1,4,0,0,0,0.9984059511158342,2,4.663905763249932,3,2,33,0,,
28,1,82576,19,4563,3,0,4,3,3,0,0.9984059511158342,2,2.2452984923942103,0,2,43,0,2023.0,1.0
22,0,91127,98,787,2,4,1,1,1,1,0.9984059511158342,1,3.4311885405258,0,0,74,1,,
62,0,60209,72,2244,2,4,1,2,3,2,0.9984059511158342,1,4.527229017986295,3,0,278,0,2023.0,1.0
31,1,50776,30,4560,3,1,3,1,1,0,1.0,2,1.02992921972149,2,3,79,1,,
55,1,54622,96,1462,3,0,1,0,0,0,0.9984059511158342,2,3.737330699079166,2,0,143,0,,
55,1,111725,32,1745,3,3,4,2,2,2,1.0,2,3.6848187911093495,0,1,56,1,,
26,1,41173,90,2177,2,2,0,1,2,2,0.0,2,4.722068543047526,3,2,131,1,,
43,1,27942,64,2221,2,3,3,4,3,2,0.9984059511158342,1,3.902323400282589,1,3,211,1,2023.0,1.0
44,2,34037,1,4394,0,4,4,3,2,0,2.0,0,4.684029661752749,0,0,193,0,,
46,1,23201,10,552,2,1,3,4,1,0,2.0,0,3.501792389650766,0,2,35,1,,
34,0,28245,87,2424,3,3,0,1,0,2,0.9984059511158342,1,2.148337704472133,0,1,207,0,2023.0,1.0
32,0,62192,8,4928,1,3,3,1,1,2,1.0,2,3.317934881014526,1,3,133,0,,
37,0,20319,79,2721,1,4,0,0,3,2,2.0,1,1.897060106991532,1,2,37,0,,
36,0,66116,77,3165,2,1,3,4,3,0,2.0,1,1.959611608930615,1,3,284,0,,
32,0,30402,18,3223,1,1,4,4,1,1,0.0,1,2.6497464053888478,2,2,153,1,2023.0,1.0
27,1,44741,13,3552,1,3,1,1,2,2,2.0,1,2.1579761326528386,0,1,74,0,,
67,0,101067,96,2787,3,2,3,0,3,0,1.0,0,1.621749968747051,3,2,74,0,,
33,0,119704,47,715,0,2,0,4,3,0,2.0,1,2.8962112747134023,0,0,232,1,,
28,2,55053,87,640,0,2,4,3,0,2,1.0,0,4.3099576977674126,2,0,95,1,,
50,2,41686,40,1453,3,3,3,1,0,0,0.0,1,2.980897787921341,2,2,115,0,,
21,0,115707,57,2290,4,2,3,1,3,1,0.0,1,1.3127292887351625,1,3,162,0,,
57,0,90560,54,3721,0,1,3,0,0,0,0.0,1,2.1264892129206947,2,2,198,1,2023.0,1.0
55,2,106158,75,2697,1,1,3,1,2,1,0.0,0,4.6188510292454446,1,3,102,1,,
41,1,54283,55,3331,4,0,2,2,3,2,0.0,1,2.571001738291961,3,0,115,1,,
20,1,92999,58,4784,0,0,0,1,2,2,1.0,1,3.5734324231725734,1,2,186,0,2023.0,1.0
20,1,63563,42,1329,0,1,0,1,2,2,2.0,1,3.850767153992312,2,1,256,1,,
59,1,30336,36,3433,1,4,3,2,1,1,0.0,2,3.971136550647318,0,2,215,0,2023.0,1.0
30,1,87507,19,1521,2,0,2,2,3,0,0.0,1,4.566475404608468,1,2,243,0,,
52,1,31741,7,4331,3,4,1,2,0,2,1.0,2,1.7469074893582213,3,3,174,0,,
66,2,35588,88,515,4,1,3,2,2,0,0.0,2,3.4591216160505502,2,0,133,1,,
38,1,46819,30,1559,2,1,2,3,3,2,0.9984059511158342,2,4.513906222080742,0,0,82,0,,
29,1,26057,88,3151,4,3,3,4,3,2,2.0,1,3.4531679784223974,3,3,242,0,,
25,0,82543,78,1344,3,0,2,4,2,2,0.9984059511158342,0,4.280760014154375,2,1,184,1,2023.0,1.0
69,1,88449,38,3567,2,1,1,3,0,2,0.0,1,1.4845324786249,0,2,99,0,2023.0,1.0
49,0,68888,71,4272,4,2,2,1,1,2,0.9984059511158342,2,2.849489416786384,2,2,15,0,,
31,1,74911,58,2694,1,3,3,4,2,0,0.9984059511158342,2,3.7199079559087656,2,3,61,1,,
44,2,41209,28,2471,2,3,0,1,1,2,0.9984059511158342,1,2.568983066325883,0,0,165,0,,
53,0,30547,41,2348,3,1,3,2,2,1,2.0,0,4.478389245086137,2,0,169,1,,
63,1,20443,44,2847,3,1,2,0,2,0,1.0,1,3.039097119207228,0,3,19,1,2023.0,1.0
25,2,115213,62,1788,0,2,2,2,2,0,2.0,0,3.775758183075317,2,0,69,1,,
69,1,25594,4,998,1,4,4,0,2,1,2.0,2,2.7165796133281344,2,0,119,1,,
67,0,41518,92,3354,2,4,0,2,0,0,0.0,1,3.317722722587608,0,3,167,1,,
54,0,74774,77,2522,0,2,3,0,0,2,0.9984059511158342,1,2.162000878993872,0,3,283,1,2023.0,1.0
56,2,60644,65,991,0,2,4,3,1,2,2.0,0,2.8033785687851847,3,3,257,0,,
39,1,25639,51,4627,4,1,1,1,2,2,2.0,2,4.211580362486611,0,3,75,0,,
30,0,43382,58,642,1,1,1,0,0,0,1.0,1,1.06337617873994,0,0,61,1,,
61,1,51127,38,2473,1,1,4,4,1,2,0.9984059511158342,0,1.4910634268132026,1,2,114,1,,
61,0,33919,45,1980,4,3,1,4,2,2,0.0,1,4.362044550468147,3,1,53,0,2023.0,1.0
45,0,36462,74,1664,1,0,2,2,3,2,1.0,0,3.558126497230921,0,3,164,0,2023.0,1.0
68,1,88422,18,2916,3,3,4,3,3,0,0.0,0,1.6658331231360963,0,1,122,0,2023.0,1.0
32,1,65406,19,4642,4,2,3,2,2,2,0.0,1,4.846897876306015,1,1,290,1,2023.0,1.0
69,1,22340,38,1845,3,4,2,3,2,0,2.0,0,4.826556911228067,1,2,199,1,2023.0,1.0
34,1,106173,79,4798,2,0,3,3,0,2,0.0,1,1.074702459014962,3,2,213,1,,
22,0,35591,12,2088,2,4,1,4,2,2,2.0,0,2.0243812589285035,2,3,224,0,,
42,2,78597,84,3884,1,3,1,4,1,0,0.9984059511158342,2,1.4694241637485297,1,1,198,0,,
51,1,21454,48,4321,0,2,2,1,0,1,2.0,1,1.2647872891864784,0,3,293,0,,
27,0,85772,67,351,1,3,0,4,1,2,1.0,1,4.852287481361703,3,2,124,0,2023.0,1.0
51,0,60768,18,661,4,3,4,0,2,2,2.0,2,1.5394676203095463,0,1,81,0,,
44,0,49318,54,2516,3,1,4,4,1,0,2.0,2,4.420253684703091,3,0,56,0,,
37,2,95976,15,116,4,2,2,1,1,0,1.0,0,2.9730257110260343,0,0,169,1,,
65,0,60725,49,3183,3,2,4,3,3,2,1.0,2,2.979542367332375,0,3,238,1,2023.0,1.0
50,0,89180,73,304,0,4,2,0,2,2,0.9984059511158342,0,1.9084047658791112,2,2,103,1,2023.0,1.0
30,1,82509,90,2248,1,3,1,2,0,0,0.0,0,4.0631891190444325,0,1,293,0,2023.0,1.0
53,0,110298,63,3627,0,1,2,3,2,0,2.0,2,1.6142590294159571,2,3,152,0,2023.0,1.0
42,2,112615,65,3729,3,2,1,3,0,2,0.9984059511158342,1,3.983358213173029,1,0,198,0,,
45,2,75107,9,3715,3,2,4,1,2,2,0.0,0,1.6700748346070284,2,0,234,1,,
41,1,68795,48,669,1,4,4,2,3,0,1.0,1,2.031441095494883,1,3,297,1,,
35,1,98210,52,2358,2,1,0,3,3,2,2.0,1,3.2992750465952168,0,2,177,0,,
59,0,37165,84,1923,0,2,3,3,1,1,0.0,1,4.789697706906107,1,3,186,0,,
47,2,86266,56,1504,0,4,2,0,2,1,1.0,0,3.23131240855285,0,3,53,1,,
52,0,91880,37,3874,4,3,4,2,1,1,2.0,0,4.244223169083634,1,0,30,1,,
67,0,108306,12,481,1,2,0,1,3,2,0.9984059511158342,2,4.613067571725581,1,1,9,1,2023.0,1.0
21,0,87005,90,476,4,2,4,2,1,0,2.0,2,4.300010446040316,1,0,146,0,2023.0,1.0
27,1,81731,64,2456,3,2,0,0,3,1,0.0,1,1.6159684454426309,0,1,127,1,,
38,1,88232,89,3813,3,2,2,2,0,2,2.0,1,4.362785886871437,2,3,112,0,2023.0,1.0
57,1,93745,40,4851,1,0,3,0,3,2,0.0,0,4.743818627984303,3,2,240,0,,
18,2,82999,82,4423,3,0,0,2,1,0,0.9984059511158342,0,2.087091907775673,3,3,122,0,,
51,0,68217,47,4614,4,4,3,4,0,2,1.0,0,4.82228642787236,2,1,105,1,2023.0,1.0
66,0,105982,2,1265,1,2,2,0,1,0,1.0,2,3.6375809086475153,1,0,9,1,,
59,2,109180,46,2797,3,4,2,2,3,2,0.0,0,2.796356578018121,3,0,88,0,,
46,1,52314,50,2215,2,2,0,4,0,2,0.0,1,3.8998693706568552,0,0,5,1,,
36,0,69714,40,4934,0,0,2,2,0,2,0.9984059511158342,2,4.66865868258407,2,2,13,1,,
36,2,73205,29,3458,1,3,0,1,1,1,2.0,1,1.018363124302121,3,3,54,0,,
39,2,51770,83,3696,2,4,2,1,1,1,2.0,0,2.4232292302788,3,3,150,0,,
19,0,115798,33,1622,1,3,1,3,1,1,0.9984059511158342,1,4.263631061646381,0,0,188,1,,
25,1,80289,10,548,2,0,0,0,3,1,0.9984059511158342,2,4.264350697351524,0,0,281,0,,
28,2,59051,70,1658,0,2,2,1,3,0,0.9984059511158342,0,3.469939420033104,2,1,260,0,,
62,1,47892,93,2712,4,0,0,3,1,2,1.0,1,4.936611467370122,0,0,8,0,2023.0,1.0
46,0,89810,10,1849,1,4,0,0,2,0,1.0,2,2.318695848537563,2,0,32,1,,
64,0,108294,68,2834,1,2,3,0,3,0,0.0,0,4.043051255042779,0,3,169,1,,
37,1,115949,42,1170,4,0,2,1,0,1,2.0,2,3.0048998981325887,0,0,66,0,,
42,1,50164,44,1184,4,3,3,1,1,0,1.0,2,4.388765543483673,1,2,127,1,,
68,1,64239,14,4690,0,3,4,1,0,0,1.0,1,3.199320802984101,2,3,36,1,,
40,1,33833,62,3972,4,4,0,2,1,2,0.9984059511158342,0,3.816515297518861,3,2,87,0,,
20,1,30057,31,4128,1,4,4,3,1,2,2.0,1,2.684595707289457,1,1,113,1,2023.0,1.0
66,1,36876,52,4096,1,2,4,3,1,2,0.0,1,1.024940140225456,2,3,25,1,,
41,2,55183,51,4905,1,2,4,3,1,2,2.0,2,3.625066748369417,2,3,187,0,,
56,1,58034,9,4890,3,0,1,0,0,1,1.0,0,2.6114795489345237,2,1,87,1,,
38,1,53979,58,2955,2,1,2,4,2,2,1.0,0,2.10329810058956,3,2,1,0,,
35,1,93748,3,2017,0,2,1,0,3,0,0.0,0,1.930751853328116,1,2,156,1,,
68,1,90385,44,4778,0,4,3,3,0,1,0.0,2,1.8422975165585185,2,1,128,1,,
58,0,89000,8,444,0,1,0,1,2,2,1.0,0,3.230096441438934,3,3,85,0,,
47,1,32002,79,2412,4,2,3,0,3,2,0.9984059511158342,1,1.997760887941661,1,2,183,0,,
65,0,110751,84,4997,2,4,4,1,2,0,1.0,0,2.177608012786373,2,1,106,0,,
45,0,39547,75,2172,3,1,0,0,0,0,2.0,1,3.8709081105699856,0,1,159,0,2023.0,1.0
39,1,81562,73,4574,4,4,4,3,3,0,1.0,2,4.459157355953371,0,1,70,1,,
29,0,97711,64,3703,4,2,4,4,3,2,2.0,1,3.182550696987867,3,1,199,0,,
49,1,58598,56,4421,4,2,0,4,3,0,1.0,2,3.339751640470853,3,3,30,0,,
51,0,108016,34,3479,4,4,3,4,1,0,0.0,0,3.5236253282974044,2,2,98,1,,
64,0,85169,13,2546,4,3,0,0,0,0,1.0,2,4.4565613993137285,3,3,221,0,2023.0,1.0
18,0,35120,48,4856,0,1,1,3,0,2,0.9984059511158342,2,3.290355041141021,0,3,159,0,,
49,0,84182,52,1044,4,2,1,4,0,2,0.9984059511158342,0,4.107599699685013,0,1,255,1,,
38,1,110666,15,1497,3,2,1,1,0,0,0.9984059511158342,2,3.205489025015894,0,1,179,0,2023.0,1.0
62,1,65468,36,4814,2,3,4,3,3,0,0.0,1,2.6155372381301145,1,2,84,0,,
50,0,26336,64,2912,0,3,2,2,1,2,1.0,2,1.162294706305612,3,0,93,0,,
48,1,27919,5,1385,2,1,0,2,1,1,2.0,1,2.1072456734476264,1,2,190,1,,
56,1,103468,98,4989,1,3,0,0,3,2,0.0,1,1.5878383893454655,0,0,218,1,2023.0,1.0
43,1,58737,76,3838,3,0,4,2,0,2,0.0,1,4.288982642461649,1,1,39,1,,
23,0,74973,6,654,0,1,4,0,0,1,2.0,1,3.7400698105072303,3,3,90,0,,
26,1,91942,88,471,2,4,4,4,0,2,2.0,2,2.034236101963665,2,0,201,0,,
65,2,40128,78,2551,0,1,2,0,2,0,0.9984059511158342,0,4.028929591468701,3,2,20,1,,
36,1,76782,22,788,1,1,0,3,1,2,0.9984059511158342,2,4.213893915151864,0,2,11,0,,
32,1,106038,27,3534,4,3,1,4,1,2,0.9984059511158342,1,3.2879645293733937,3,0,276,1,,
37,0,84680,88,1169,4,3,0,2,2,0,0.0,1,2.518139172493546,1,3,295,1,,
39,2,108713,12,3223,4,0,0,1,3,1,0.9984059511158342,2,1.5179773138909614,1,1,108,0,2023.0,1.0
35,0,37769,51,4236,4,4,2,1,0,0,1.0,0,4.8887897956411415,3,1,2,0,,
25,1,81710,75,992,4,0,2,4,2,1,0.9984059511158342,2,1.3186703092711358,2,2,128,0,,
45,1,119728,89,3133,0,0,1,0,2,2,0.9984059511158342,0,4.945909667280064,2,1,202,0,,
27,1,24001,83,2277,3,4,1,2,1,2,1.0,0,2.5574436590850134,0,2,129,0,,
23,0,71574,81,3634,3,4,1,1,1,2,0.9984059511158342,1,3.2873709213650883,1,2,285,1,,
18,1,26560,47,4835,1,0,1,2,2,2,0.9984059511158342,1,3.2700956384488507,0,0,100,1,,
48,0,96815,22,4749,4,4,3,1,2,2,2.0,0,4.308703235945638,1,2,191,1,,
39,1,20567,98,663,0,4,1,2,3,0,0.0,0,4.482664040086039,1,1,41,0,2023.0,1.0
22,0,108938,40,3537,2,1,2,4,0,1,2.0,0,4.95735826207701,3,2,66,0,,
52,1,62679,74,4684,1,1,0,3,0,0,0.9984059511158342,1,4.908051565146038,1,3,258,0,2023.0,1.0
51,0,21986,12,3812,1,0,3,0,2,2,2.0,1,1.1365644671218318,3,1,251,0,2023.0,1.0
28,1,79719,88,1099,3,4,3,3,0,0,0.9984059511158342,0,2.241120159308829,1,2,214,1,,
29,0,111713,95,2799,4,3,2,1,2,1,0.9984059511158342,0,1.9238809833453403,0,1,163,1,,
21,0,36292,65,4104,2,4,4,1,2,0,0.9984059511158342,2,2.573581520496536,2,1,266,1,,
42,0,32391,38,3347,3,0,3,4,0,2,0.9984059511158342,0,1.649484961412766,3,2,269,0,,
36,1,98712,98,684,3,3,3,4,2,2,0.0,1,1.1029690255445654,2,2,158,0,2023.0,1.0
30,2,63225,35,235,2,1,1,4,3,2,0.9984059511158342,2,3.946723694644328,2,1,37,0,,
31,0,77417,46,450,3,2,2,0,3,2,0.9984059511158342,2,2.43233857443814,1,2,173,1,,
39,1,73817,6,1276,0,3,1,2,3,1,0.0,1,4.756910350461176,1,1,109,0,,
49,0,52844,26,3520,2,1,4,3,2,2,1.0,2,4.004510940240058,2,2,282,1,,
28,2,45595,95,4529,2,2,1,1,2,2,0.0,2,2.835879894557238,0,2,104,1,2023.0,1.0
23,1,24889,50,1445,0,1,4,4,1,2,0.9984059511158342,2,2.811782587513464,3,3,100,0,,
26,0,47467,73,4386,1,3,3,3,2,0,0.9984059511158342,0,1.1356286426465152,2,1,194,0,2023.0,1.0
47,0,89918,7,3561,1,4,2,4,0,2,1.0,2,1.019783083716698,2,0,287,0,,
64,0,110296,79,4358,2,4,2,2,2,2,1.0,2,1.600010371438768,1,0,284,1,,
23,0,108290,44,117,2,2,3,3,0,2,0.9984059511158342,0,4.602670071536817,2,0,223,0,,
19,0,68591,19,314,0,0,2,3,0,0,0.0,2,3.03496231423266,0,2,283,0,2023.0,1.0
54,1,45411,57,491,3,4,0,0,2,2,0.0,0,3.187753788800689,0,2,251,0,2023.0,1.0
32,0,104390,39,4028,2,0,4,4,2,2,2.0,2,1.8221551459463177,2,3,244,0,,
37,2,27664,75,2413,2,1,1,1,0,2,2.0,0,3.056419760946631,1,2,242,1,2023.0,1.0
35,2,70808,8,4294,1,2,4,2,3,1,1.0,1,2.521784303834972,3,2,128,1,,
23,1,54831,85,225,0,0,3,2,0,0,1.0,1,3.064134080253805,0,1,69,0,,
64,2,43147,56,1234,3,0,0,1,3,2,0.9984059511158342,1,3.585387561187752,3,1,98,1,,
44,2,98592,19,4374,4,4,1,2,0,0,0.0,0,1.397563162619913,2,2,175,0,,
18,0,70643,69,1141,2,4,3,1,0,1,1.0,1,4.771896619104656,2,2,105,1,,
67,1,31991,9,290,2,0,4,0,3,2,0.9984059511158342,1,4.232982430916961,0,2,250,1,2023.0,1.0
45,0,66566,50,4587,2,0,3,2,2,0,2.0,2,4.66306372040709,2,2,95,1,2023.0,1.0
50,1,90641,72,4216,1,2,4,2,0,2,1.0,0,3.0907203407782027,1,0,171,1,2023.0,1.0
26,1,47195,46,1386,0,0,1,2,0,0,2.0,0,3.990995820943497,3,2,221,0,,
57,0,36865,35,1459,3,2,3,0,0,2,1.0,2,2.8291581059921054,1,2,297,0,,
30,1,49605,24,118,4,4,0,2,1,2,0.9984059511158342,0,3.791722667135161,3,2,221,0,,
46,1,110987,94,2121,2,3,1,0,1,0,0.9984059511158342,0,3.0721791259488973,1,2,285,0,,
43,1,66193,46,747,2,4,0,3,0,0,0.9984059511158342,2,2.944126934346168,2,2,83,1,,
26,0,46997,88,2567,3,4,1,0,0,0,1.0,2,1.4486331836292123,3,2,164,1,,
52,1,37996,79,369,1,0,3,3,2,0,0.9984059511158342,1,3.260166621260981,2,2,53,1,,
55,1,82137,18,1287,0,0,1,1,1,0,0.0,0,2.6886653795420195,2,0,226,0,,
53,1,62261,21,4563,0,3,4,1,2,0,1.0,0,4.89227240481161,2,0,47,1,2023.0,1.0
60,1,27044,12,3205,1,0,2,1,3,2,0.0,2,4.416056670570333,1,0,203,1,,
38,0,115740,7,4518,2,1,0,3,2,1,0.0,0,2.751949078224738,1,3,230,1,,
66,2,90077,48,3696,0,3,4,4,1,1,0.0,2,2.4122420734943164,1,0,58,0,,
47,1,32207,41,3577,3,4,3,2,1,0,1.0,0,4.884138569992885,3,3,146,0,,
19,0,87957,94,1181,4,2,3,4,3,2,1.0,1,3.5346620709828778,3,3,67,1,2023.0,1.0
26,0,38325,38,4691,2,2,2,3,0,0,2.0,2,1.9102232921327589,0,0,56,1,,
66,0,73031,12,4365,2,2,4,3,3,0,1.0,2,2.43071333294123,3,2,278,1,2023.0,1.0
23,0,70897,95,3690,3,3,3,2,1,0,1.0,2,1.9396389509607603,3,0,267,0,2023.0,1.0
53,1,42222,87,941,4,3,3,1,0,2,1.0,1,1.9192877895540983,3,0,29,1,2023.0,1.0
58,0,68582,96,4258,4,2,3,0,0,1,2.0,0,2.6642451727628296,0,3,28,0,,
61,1,107099,21,2221,0,0,1,1,2,2,0.0,1,1.7255664576859586,2,0,227,0,2023.0,1.0
22,1,68226,37,1803,0,0,0,0,1,2,0.0,0,1.6350224229074255,1,1,49,1,,
51,1,113575,50,3720,2,1,3,4,0,2,2.0,0,2.5797139044739783,1,3,226,0,,
38,0,29797,25,3170,4,2,2,1,2,2,0.0,0,2.9521212266246595,3,1,125,0,,
33,1,37182,52,1930,3,2,1,4,2,0,1.0,2,4.908551582566275,2,1,129,0,2023.0,1.0
31,1,63909,21,4572,1,1,4,0,3,1,0.0,1,1.4560492448076747,0,1,165,0,,
62,2,93167,29,2139,0,3,3,1,3,0,0.9984059511158342,2,3.2786146492881016,1,3,197,0,2023.0,1.0
33,1,111963,90,2235,4,3,1,3,1,0,0.0,2,3.3986257565734546,2,1,27,1,2023.0,1.0
52,0,109301,52,2492,4,2,2,0,1,2,0.9984059511158342,1,1.6933329971377566,3,3,197,0,,
51,0,97257,56,3304,2,3,4,2,2,0,0.9984059511158342,2,1.0201385443751274,3,1,155,0,,
35,1,88580,20,3126,0,3,0,4,1,2,2.0,0,4.914961212817923,3,2,18,0,2023.0,1.0
54,0,24960,89,3225,0,1,1,2,2,0,1.0,0,3.645726573193072,0,3,141,1,,
22,0,103707,20,125,0,4,2,2,2,1,2.0,0,1.6740513758246975,3,0,29,0,,
35,0,97583,98,4202,3,4,3,1,2,2,2.0,1,3.279393235687013,2,0,122,1,,
66,0,21214,12,4288,0,4,1,0,3,2,0.9984059511158342,0,4.34622250300821,2,0,222,1,,
41,1,42745,44,352,2,1,0,2,2,1,2.0,0,3.1078029665538844,1,3,57,1,,
28,1,70613,5,3409,3,2,4,4,3,1,0.0,1,2.1941733541065567,3,3,210,1,,
45,0,55399,95,3645,2,0,1,0,0,1,2.0,1,2.414732951654869,3,3,164,1,,
29,0,92932,78,4964,0,0,4,3,0,1,0.0,2,4.099137659858753,2,0,115,1,,
69,0,112416,39,4580,1,4,3,1,1,2,1.0,1,2.936998472631098,2,0,293,0,,
44,1,119173,22,1310,3,3,2,1,1,0,0.9984059511158342,0,4.822845885670981,1,1,269,0,,
30,0,30411,95,1659,0,1,4,2,1,2,2.0,2,1.128745439523826,3,1,119,1,,
45,0,58165,34,3015,3,1,2,2,2,1,0.0,0,4.493793534506474,1,2,182,1,,
26,0,103106,91,600,3,4,0,0,2,2,0.9984059511158342,2,1.260935444815817,3,3,176,1,,
35,2,67396,82,1479,3,4,3,0,3,0,0.9984059511158342,2,2.071474431136721,1,3,52,1,,
34,0,67367,22,3490,2,3,3,0,3,0,0.9984059511158342,2,4.235126761353394,3,2,119,0,,
66,1,34080,85,2582,3,4,4,0,2,0,2.0,0,4.698537653915789,0,0,289,0,,
19,2,57921,67,4084,1,3,1,0,0,0,0.9984059511158342,2,2.928852041487325,3,1,171,0,,
52,2,33311,8,4547,3,1,0,1,3,2,0.0,1,4.438657226068365,1,1,159,1,,
61,2,110444,75,1459,4,2,4,2,1,2,0.0,1,2.7994193416991737,3,3,272,1,,
54,2,30073,69,3926,2,0,0,4,1,0,1.0,1,1.0384807522682094,0,2,207,0,,
45,1,56660,80,2011,0,0,1,2,0,2,0.0,1,2.5049557404518854,2,1,209,0,,
39,2,34367,65,2152,2,3,2,1,3,1,0.0,0,1.505947377825489,0,2,234,0,,
57,1,33280,16,344,1,1,2,0,0,0,1.0,1,3.3015170404218392,3,2,293,0,,
64,1,118315,46,1261,2,1,1,2,0,1,1.0,2,4.571440949842897,3,2,192,1,,
50,1,67458,48,3039,2,4,3,2,3,0,0.0,1,1.5273049868601802,3,0,130,0,,
21,0,41424,37,1639,1,2,0,4,0,0,2.0,1,3.2499655324701373,2,1,220,0,2023.0,1.0
35,1,74471,71,2976,1,1,4,4,3,2,0.0,0,4.341407093622246,3,2,4,0,,
41,1,77207,60,411,1,1,1,2,2,2,0.0,0,4.007277393267066,3,3,47,1,,
42,1,99830,36,688,2,3,2,1,0,2,0.9984059511158342,2,4.474187580712339,1,1,50,1,2023.0,1.0
24,1,95992,80,2152,0,3,3,2,0,0,1.0,2,3.326040199070558,3,0,228,1,,
19,0,72284,86,1151,2,1,3,3,0,1,2.0,1,4.433653342274399,1,2,257,1,2023.0,1.0
66,2,82508,52,4036,3,0,4,0,3,0,0.0,2,3.352263068575517,1,3,137,1,2023.0,1.0
34,0,24606,65,3658,0,4,4,2,0,1,0.9984059511158342,2,3.5924878518987025,2,3,66,1,,
54,1,58051,79,253,3,0,2,2,1,0,1.0,2,4.216213238529496,2,0,125,1,,
39,2,36740,76,4860,4,3,3,3,0,0,0.0,0,2.0278497187030964,3,3,70,0,,
62,2,37634,75,4995,1,4,2,3,3,1,1.0,2,3.2879828940042657,0,3,122,1,,
19,0,25947,71,2946,4,2,1,4,0,1,0.9984059511158342,1,2.3028651844428776,1,3,86,1,2023.0,1.0
49,0,100602,52,4112,0,3,2,3,2,0,0.9984059511158342,2,1.2205790418983304,3,1,173,1,2023.0,1.0
30,0,49541,37,1269,4,2,4,2,2,0,1.0,2,1.1998118850581525,0,2,214,0,2023.0,1.0
19,0,30355,79,2565,2,4,4,4,0,2,2.0,2,1.4371605492004278,1,3,69,0,,
26,1,55285,69,830,4,1,0,2,0,2,0.0,1,4.354184525790046,0,2,293,1,,
46,0,33429,69,2454,0,2,2,3,0,0,0.9984059511158342,0,2.3208377173132604,0,0,24,1,,
64,0,62443,43,3937,3,4,0,2,0,0,2.0,2,1.708279543168009,0,0,76,0,,
39,0,61542,73,1724,3,1,2,2,0,1,1.0,1,3.5413149969831057,0,3,32,1,,
38,0,71690,44,238,2,2,3,3,0,2,2.0,0,1.1694246170460807,1,2,121,0,,
35,1,79330,24,747,2,4,3,4,2,1,0.0,1,3.7652967168615623,1,2,167,1,2023.0,1.0
42,1,56948,60,1113,2,4,4,3,1,2,0.0,0,3.061138673601676,1,0,167,0,,
57,1,68348,75,455,2,4,0,2,1,0,0.9984059511158342,0,3.358434367225273,1,3,135,0,,
44,2,95973,34,3461,2,1,2,0,2,2,0.9984059511158342,0,3.5749434578803805,3,0,189,0,,
27,2,46651,63,1046,0,4,3,3,0,2,1.0,2,4.495518883694951,3,1,72,0,,
26,1,45957,42,4985,3,3,3,1,2,1,1.0,1,1.2212887936864112,3,1,78,0,,
60,0,77609,46,4196,0,3,4,0,1,0,1.0,2,2.0046722899041813,0,2,126,1,,
52,2,98653,12,4884,4,4,4,2,1,2,1.0,1,3.3143070613050067,3,0,67,0,,
26,0,90605,51,4088,4,3,4,3,1,2,2.0,1,3.026653133090744,1,3,281,1,,
60,0,47032,3,1483,4,4,4,1,1,0,0.9984059511158342,2,4.642748706752267,3,2,244,1,2023.0,1.0
61,1,77888,4,3436,0,2,0,4,0,1,2.0,1,1.1478105817799475,1,3,145,0,,
47,0,107739,6,1375,0,3,3,1,3,1,2.0,2,2.9483082209952767,2,0,160,1,,
50,0,30807,87,2710,4,0,4,1,0,1,0.0,1,1.9754817111336624,0,1,20,1,,
47,1,87594,90,266,1,4,2,2,0,1,0.0,1,2.2226397436309155,1,0,57,0,2023.0,1.0
56,1,69616,61,2923,4,4,3,0,3,2,0.9984059511158342,2,2.1320314288943742,2,1,55,1,,
22,2,50028,19,1463,1,2,3,0,2,2,1.0,1,3.942534074089934,2,0,112,0,2023.0,1.0
44,0,62000,21,2963,0,3,1,3,3,0,0.0,0,2.2442543166432767,0,1,176,1,,
28,0,34239,91,3767,3,3,0,3,1,1,0.9984059511158342,1,3.4520562487608277,2,0,63,1,,
46,1,108913,45,2380,3,2,1,3,0,0,1.0,0,4.224789634659352,3,2,20,1,,
39,1,111786,28,2025,2,4,2,0,0,0,0.9984059511158342,2,3.856782553315922,0,0,260,1,,
39,2,88247,8,2201,0,4,2,3,3,0,1.0,0,3.7628074866509698,1,2,41,1,,
20,1,107218,54,1734,2,4,2,4,2,0,0.0,2,2.814531598847809,0,1,111,1,2023.0,1.0
48,1,53414,29,1392,2,2,0,0,2,2,0.0,2,4.179947713080519,2,1,195,0,,
22,0,62215,6,3163,3,3,0,4,2,2,0.0,1,1.7611568228223602,0,1,99,0,,
50,0,30196,65,4143,4,1,2,0,0,2,0.9984059511158342,2,3.22619379323956,1,2,201,0,,
36,1,32941,64,2755,4,3,4,0,3,2,0.0,1,1.268008372772592,3,1,15,1,,
29,0,34021,11,4662,1,2,1,1,1,0,0.0,0,3.579224714557742,3,3,223,1,2023.0,1.0
22,2,81086,81,1820,4,2,4,4,0,2,0.0,1,3.08512955824982,3,1,166,0,,
52,0,95088,57,3849,4,1,2,1,1,2,1.0,2,4.1194939667973145,2,1,196,0,,
32,1,26475,4,231,1,2,1,0,1,2,2.0,1,4.024582856625951,3,3,205,0,,
47,0,92969,70,3630,1,3,4,0,2,2,2.0,2,4.024313800179678,2,0,260,1,2023.0,1.0
29,0,29475,91,1839,4,2,2,4,2,0,0.0,1,3.22808063454662,1,3,219,1,,
27,1,57763,1,3000,2,3,3,2,1,0,0.0,1,2.587438353577373,1,2,204,1,,
56,2,108406,33,2682,4,2,1,0,1,2,1.0,0,2.967630531903983,1,3,164,1,,
30,2,68785,32,4488,2,3,3,2,1,0,1.0,1,3.5409602579959234,3,1,49,1,,
37,1,98413,1,1845,2,4,4,4,0,2,2.0,1,4.591623881512282,0,1,145,1,,
62,2,48208,14,2373,1,3,2,1,3,0,0.9984059511158342,0,2.040627084320179,2,0,5,0,,
24,0,105350,10,2515,2,1,3,4,1,0,0.9984059511158342,1,2.169373797382728,0,1,152,1,,
26,2,104853,63,484,2,1,4,0,0,0,0.9984059511158342,0,2.5280356611367893,3,3,266,1,2023.0,1.0
41,0,41330,97,4885,2,4,2,4,1,0,0.9984059511158342,0,2.030802111895897,0,3,49,0,,
43,0,86615,69,4660,4,2,4,1,1,1,1.0,0,4.086581851127441,0,2,283,1,2023.0,1.0
46,2,59107,84,2973,0,3,0,4,1,2,2.0,1,3.668669585449414,3,1,30,1,,
61,0,29617,86,2102,4,4,1,0,0,0,2.0,1,4.380104344082797,2,2,219,0,,
22,1,42331,10,1502,1,0,0,1,3,2,0.9984059511158342,2,2.498974987555279,2,3,87,0,2023.0,1.0
29,0,40951,68,1048,1,0,3,0,2,1,0.0,0,3.749382196039522,2,0,208,1,,
64,0,77395,7,4594,3,4,1,3,0,2,0.0,0,2.263747624561265,3,1,30,0,2023.0,1.0
69,0,112645,24,1131,3,1,2,1,2,2,1.0,2,4.047699136248061,1,0,187,1,2023.0,1.0
40,0,110703,71,2294,3,3,0,3,0,2,0.0,2,1.6737936942252194,2,0,38,0,2023.0,1.0
38,1,34728,2,960,2,0,0,3,1,2,1.0,0,2.6987695595541914,2,0,185,0,,
21,2,90979,22,4428,2,3,3,1,3,2,0.9984059511158342,2,4.628859759269718,0,0,248,0,2023.0,1.0
49,1,96749,10,3361,4,1,4,0,1,0,2.0,0,1.0015833855218448,3,1,17,1,,
37,1,29821,78,3102,4,3,4,4,0,2,0.9984059511158342,0,4.187247283910485,1,1,279,0,,
63,1,76313,73,2354,1,2,2,0,1,1,0.0,2,2.169606229582284,3,2,41,0,,
22,1,35290,54,2926,0,0,3,3,0,1,1.0,1,4.257223491569114,0,1,83,1,,
36,0,94534,25,1351,0,0,1,3,0,2,0.0,1,1.1381499886105644,3,3,277,1,,
50,0,29982,29,3146,3,2,4,1,0,0,2.0,1,1.8953072645638092,2,2,196,1,2023.0,1.0
18,1,75186,44,2789,0,3,4,2,3,2,0.9984059511158342,2,3.789599959727672,2,0,259,1,2023.0,1.0
40,0,61400,27,2276,0,4,1,1,3,1,1.0,0,2.3033962293259926,2,2,274,1,,
57,1,27470,92,829,1,3,3,3,1,2,1.0,1,2.842111040596992,0,1,123,1,2023.0,1.0
21,2,97271,29,3473,3,0,2,3,0,1,1.0,0,2.0728130142999217,2,2,65,0,,
38,2,40175,16,4130,4,0,3,1,2,2,2.0,1,3.9824865325207504,1,3,212,1,,
46,1,109144,16,507,0,2,2,4,3,0,2.0,2,1.7009600784381362,0,1,18,0,,
22,0,43016,24,2055,0,2,0,0,1,2,1.0,2,1.4781047274701118,0,2,109,1,,
39,0,109966,27,3572,2,0,4,4,2,1,0.9984059511158342,0,3.0099166079411885,0,2,174,1,,
36,1,44016,88,1125,0,3,3,0,2,0,1.0,2,2.268810212660737,1,3,124,0,,
59,0,74649,76,2828,0,3,1,4,0,2,0.0,1,2.6251779254985643,3,1,36,0,,
34,1,26277,16,3448,0,4,4,2,1,1,1.0,0,4.919667839353638,1,3,212,1,,
24,1,60724,1,4344,4,2,2,4,3,1,1.0,2,2.7710519673233858,2,1,178,0,,
31,2,67857,81,3746,2,3,4,4,3,0,1.0,2,1.3576198636058496,3,3,168,1,,
28,1,69855,33,3725,1,4,0,3,3,2,1.0,0,4.244119840526313,0,0,158,0,,
27,1,30857,36,1102,3,3,4,1,1,2,0.0,2,2.7236555737523376,1,0,213,0,,
31,2,113899,5,4144,3,1,0,1,2,0,0.0,2,2.0983770853199943,3,0,149,0,,
69,2,57030,46,3399,4,0,1,2,3,1,1.0,0,3.9749231546431383,2,1,186,0,2023.0,1.0
64,1,97518,73,1853,0,3,4,2,0,2,0.0,0,1.837575126776814,2,2,147,1,,
38,2,74160,2,1787,1,3,3,0,2,1,1.0,2,3.5408971575317274,3,2,225,1,2023.0,1.0
64,0,103697,43,3911,2,3,3,0,0,0,1.0,2,1.2326980566348502,0,3,102,1,2023.0,1.0
39,1,98250,53,682,4,0,3,0,0,2,0.0,1,4.630198240701104,2,3,108,1,2023.0,1.0
37,1,45792,94,4764,2,4,2,1,0,2,0.0,1,3.893880693250217,1,2,68,1,,
60,0,51645,91,427,4,0,2,2,1,0,0.0,0,2.9042499660763883,2,2,53,1,,
39,1,48152,9,4587,4,1,2,3,3,2,1.0,1,1.9360160614392423,0,0,9,1,2023.0,1.0
52,1,93786,44,3591,4,4,3,2,2,0,1.0,2,2.3467168940245062,1,2,58,1,,
54,0,79258,89,1513,0,4,4,0,1,2,1.0,2,2.7443035747315268,1,0,141,1,,
43,2,119372,31,4418,1,2,1,1,2,0,0.9984059511158342,0,1.7251268137613307,1,3,41,1,,
60,0,102641,90,657,2,3,0,1,0,2,0.9984059511158342,2,3.247273858980316,1,0,297,1,,
56,1,60318,56,629,3,0,3,4,1,2,1.0,2,2.32263051415567,3,3,68,1,2023.0,1.0
36,0,44815,38,2644,3,0,4,3,2,0,2.0,1,4.735369176146094,3,3,186,1,,
64,2,98672,3,3119,1,4,3,1,3,0,0.9984059511158342,1,1.2439560126920233,2,1,28,0,,
41,1,23098,78,2592,4,0,1,2,2,1,2.0,2,4.724950231773677,2,1,105,1,2023.0,1.0
66,0,35003,46,860,1,1,3,2,2,2,0.0,2,2.45216928013109,2,3,77,0,,
51,1,24860,79,3182,3,3,4,2,2,2,0.9984059511158342,0,3.891848518258764,0,1,189,1,,
40,0,21263,49,816,2,2,1,4,1,0,0.9984059511158342,0,4.689167401977786,1,1,137,1,2023.0,1.0
68,0,106363,71,2076,4,4,3,3,1,1,0.9984059511158342,2,3.2118469634278077,3,3,42,1,2023.0,1.0
32,0,102501,5,720,1,0,2,4,0,0,0.0,0,1.389234801012917,0,2,9,1,,
39,1,39585,92,4718,2,4,0,3,1,0,0.0,2,4.343063390977746,3,2,138,0,,
60,1,54678,17,1434,1,2,4,1,1,1,0.9984059511158342,1,1.982475467972765,2,2,257,0,,
52,0,31136,31,2067,3,4,1,4,2,0,0.9984059511158342,0,1.7248911429633726,3,2,73,1,,
63,1,60794,52,4015,2,1,4,0,3,1,0.0,1,2.1785182584749228,0,2,153,0,,
68,0,48834,2,659,0,4,1,0,0,0,0.9984059511158342,1,4.700038663033096,3,3,84,1,,
61,0,75186,84,2742,2,4,0,1,1,0,2.0,0,4.171728714154376,2,3,213,0,2023.0,1.0
61,0,76035,35,3670,2,4,4,3,3,1,2.0,0,1.311994256676413,3,3,293,1,,
62,0,47268,4,3664,3,2,0,3,3,0,1.0,2,3.340225863351864,1,3,272,1,,
18,2,107802,29,233,3,3,0,3,1,0,2.0,1,1.0901414015536672,0,2,9,0,,
39,1,21750,81,680,3,1,2,3,1,0,2.0,0,1.7356603722475463,3,1,10,0,,
20,1,63463,86,2863,2,2,3,2,0,2,0.9984059511158342,0,3.886734636791128,2,2,127,1,,
68,0,58203,6,2785,0,3,1,3,0,0,2.0,1,3.637284991185661,2,3,139,0,,
42,1,82781,42,1197,2,2,2,4,3,2,2.0,2,1.204604297043531,2,3,19,1,,
26,1,67096,54,1833,4,2,2,0,0,1,0.0,0,4.627501825371768,1,0,161,1,,
25,2,71798,60,2222,1,3,2,0,2,2,0.9984059511158342,2,1.927575965271332,2,1,192,1,,
67,1,82979,43,4760,2,4,2,1,3,1,1.0,0,3.6896307049611288,0,1,204,1,,
45,2,52535,22,2574,4,4,2,0,3,1,2.0,1,1.2429143564709784,0,1,89,0,2023.0,1.0
64,1,60935,8,727,0,0,1,2,3,0,2.0,0,4.5043036096643165,3,0,47,1,2023.0,1.0
47,0,88960,21,3690,0,0,2,0,3,2,0.9984059511158342,0,2.529821527147886,1,3,29,1,,
64,0,119596,50,1329,2,4,3,3,3,2,0.9984059511158342,0,2.971206623734582,3,0,233,1,,
41,1,52642,92,4965,0,1,2,0,2,2,1.0,2,4.890050813985173,3,2,132,0,,
38,0,84085,33,249,2,1,1,2,2,2,1.0,1,1.718141632205266,3,1,65,1,2023.0,1.0
33,0,110332,11,4466,3,0,4,4,0,2,0.9984059511158342,1,2.027772117002552,2,3,92,0,,
38,0,92499,48,3525,3,3,2,0,3,2,2.0,1,4.620566677804321,0,1,200,0,2023.0,1.0
26,0,56731,52,3511,1,3,1,4,2,1,0.9984059511158342,0,1.7963760456280742,3,2,279,1,,
25,0,69648,82,1200,4,0,1,2,2,2,2.0,0,2.949223415304838,0,3,207,0,,
43,0,91713,32,2073,3,2,3,1,3,2,0.9984059511158342,2,2.3437841313295102,2,1,126,1,,
43,1,80314,66,1986,4,2,2,3,0,1,0.0,2,1.8075634140003136,3,2,264,1,,
49,2,102399,65,1754,0,0,1,2,1,2,0.9984059511158342,0,1.6879415710884196,2,0,268,0,2023.0,1.0
42,2,23465,53,332,1,4,1,2,0,2,0.0,2,2.8385469702694115,0,2,46,1,,
38,0,76893,21,3860,0,3,3,3,0,0,0.0,2,3.849240494524692,0,2,181,1,,
53,0,22606,30,4834,2,2,4,0,1,2,1.0,2,3.18121502722128,2,2,49,0,,
54,1,105973,27,660,1,3,0,0,3,1,0.0,0,4.412849311876986,0,1,250,0,,
63,0,99232,44,1813,3,0,3,4,0,0,0.0,0,1.072141571360072,1,2,145,1,,
43,0,63306,61,1992,3,2,3,3,2,0,0.0,2,4.755102205144471,1,2,77,1,2023.0,1.0
51,0,40092,45,1013,2,3,4,4,1,1,0.9984059511158342,2,1.4511618703575793,1,1,246,1,,
25,1,115326,72,3809,3,4,0,1,0,1,2.0,0,3.691058131998128,2,0,32,0,,
65,1,60438,65,1537,3,4,3,3,0,2,0.0,0,4.398419782245861,2,3,125,1,,
41,0,48024,24,4213,3,1,1,3,1,2,0.9984059511158342,0,1.7802975680992588,2,0,84,1,,
29,0,69410,4,207,4,4,3,4,3,2,0.0,2,3.152096960437685,2,0,65,0,,
30,2,62923,9,1993,3,2,1,1,3,2,2.0,1,4.488306632863954,2,2,144,0,,
31,0,107345,48,2881,3,4,2,0,1,0,2.0,0,4.273845860301726,3,3,154,0,,
58,2,76363,9,1598,4,1,4,4,0,2,1.0,1,4.164240140761327,0,3,119,0,,
20,1,88232,55,2892,4,0,1,3,3,0,0.0,0,2.299103964271631,0,0,250,0,,
43,1,98798,21,1948,1,0,0,4,0,0,0.0,1,1.642330807678435,2,0,156,0,,
27,0,28252,78,4991,1,2,1,3,0,0,0.9984059511158342,0,4.741996178638676,0,0,126,0,,
57,1,68487,75,2670,4,1,4,3,3,2,0.9984059511158342,2,2.073787905893624,1,2,174,0,,
60,0,58985,91,1946,3,4,1,4,1,0,0.0,1,2.802063478825949,2,0,45,0,,
33,1,81918,90,682,3,1,0,2,0,2,1.0,0,2.9048407113441845,3,1,67,1,,
52,0,53362,28,4819,2,4,0,0,1,1,0.0,2,3.001694470880928,2,3,227,1,,
63,0,69477,55,1141,0,0,0,3,0,2,2.0,1,1.3842802467246975,0,1,235,0,,
43,0,84523,8,3512,1,2,3,2,0,2,2.0,1,3.606842643146991,2,2,226,1,2023.0,1.0
41,1,111221,7,3617,2,1,1,3,2,0,0.9984059511158342,2,1.6463555349838543,2,2,11,1,,
36,0,114990,4,3390,0,0,3,1,1,0,2.0,0,3.131112040677529,3,1,184,0,,
26,0,27910,36,1985,3,0,3,1,3,1,0.9984059511158342,1,1.4927515215467628,2,2,258,1,,
21,1,24761,1,4685,0,4,3,4,1,2,1.0,1,3.8318390640886655,3,3,77,1,,
21,0,36766,92,2846,2,4,2,4,2,2,0.0,2,4.471819002374963,3,0,146,1,,
61,1,92847,96,1104,2,3,1,2,3,0,0.9984059511158342,2,1.5890346627983951,1,1,298,1,,
65,0,56373,62,180,2,0,1,4,2,2,0.9984059511158342,2,1.4559368344361086,3,2,181,0,,
28,2,38226,38,3523,0,2,4,2,0,2,0.0,2,1.133731480900078,3,1,135,0,2023.0,1.0
44,1,40561,66,675,0,3,2,4,2,0,2.0,0,1.4028504887082884,2,0,71,1,,
31,0,84361,1,1031,3,2,3,1,2,2,1.0,1,1.0184395339643908,1,2,221,1,2023.0,1.0
30,0,74672,87,2545,2,2,2,1,2,1,0.0,0,4.30709699937265,1,1,195,1,2023.0,1.0
21,1,53276,93,2082,2,4,0,4,3,1,0.9984059511158342,2,1.6880500580182392,0,1,175,0,2023.0,1.0
37,1,92356,74,2959,1,1,2,2,3,2,0.0,2,2.5238392497751043,2,3,197,0,,
28,2,32118,46,3955,0,0,0,4,2,0,0.9984059511158342,0,1.7792677540030892,0,2,223,0,,
39,1,107043,61,2690,0,3,4,0,3,2,0.9984059511158342,2,2.858831476680228,2,3,272,1,,
65,1,25400,66,4854,3,1,1,4,0,2,2.0,0,1.771502745715706,2,3,32,1,,
40,0,115025,6,4168,1,2,3,1,0,1,0.0,2,2.9026652171089364,2,2,71,0,,
26,2,68926,52,4259,0,2,0,0,1,1,1.0,2,3.794201080784936,1,0,93,1,,
44,0,82040,37,3941,1,0,3,1,1,1,1.0,1,4.293685213903318,3,1,263,1,,
57,0,36676,78,4857,4,4,0,0,3,2,2.0,1,2.6820688566090114,0,1,117,1,,
48,0,37274,64,428,3,0,1,4,2,2,1.0,2,1.900476088341996,3,2,251,0,,
22,0,102979,94,2544,4,4,1,0,2,1,1.0,1,4.725448395741667,1,2,199,0,,
21,2,58622,1,735,2,1,1,0,0,1,1.0,1,3.807470634775859,3,3,16,1,,
66,0,20005,23,2840,3,1,1,2,0,2,0.0,1,4.426802388469112,3,1,128,1,,
50,0,87342,61,2012,1,1,1,1,2,2,1.0,2,3.4905447873584965,2,0,141,1,2023.0,1.0
58,1,22837,29,3611,0,1,0,3,2,2,1.0,1,4.148571808738632,3,0,153,0,,
53,0,74333,49,2201,0,4,2,0,1,1,0.9984059511158342,0,4.4125147014251045,2,3,237,0,2023.0,1.0
68,0,44918,5,1617,0,3,1,0,0,0,2.0,2,4.542368609826979,1,2,184,1,,
18,1,101662,91,2119,2,0,2,1,3,2,0.9984059511158342,1,4.579641402230046,3,0,261,1,2023.0,1.0
68,0,74544,86,3733,1,0,0,0,1,2,0.9984059511158342,0,4.115215421720926,0,2,261,0,,
28,2,54875,52,909,2,3,2,4,0,2,0.0,1,1.0888258216206306,0,3,246,1,,
25,0,92322,44,2312,0,0,1,0,3,2,0.9984059511158342,2,1.720598576130926,0,3,152,1,,
63,2,93501,29,4222,2,0,1,0,0,0,1.0,0,1.470789897200802,1,1,141,1,,
55,1,85842,95,904,0,3,4,4,3,2,1.0,1,4.680672059859511,2,0,221,0,2023.0,1.0
30,0,112403,26,2740,3,0,4,4,2,0,0.9984059511158342,1,2.079071490403026,1,3,115,1,,
32,0,24861,62,3748,3,2,0,2,1,0,2.0,1,4.633296571765308,2,3,271,1,,
27,1,28302,79,940,1,4,0,2,3,0,0.9984059511158342,0,1.67543559753146,3,3,71,0,2023.0,1.0
51,1,95446,60,2982,1,3,2,3,0,1,0.0,2,2.6078042267750456,0,1,176,0,2023.0,1.0
52,1,112153,75,2551,4,0,1,3,0,2,2.0,2,3.829487362765293,3,0,257,1,,
33,2,57089,63,1586,4,4,2,3,3,1,1.0,1,4.720030802496931,0,2,152,0,,
27,1,25310,85,2549,1,2,3,1,2,2,1.0,0,3.4063948617494786,3,1,27,0,,
51,1,93903,20,2017,4,3,1,0,2,0,2.0,0,4.850402325523475,0,2,86,1,,
33,1,56059,44,521,0,2,2,2,1,2,1.0,0,3.4242110601375293,2,1,75,0,,
33,1,112159,41,549,0,0,0,0,1,1,0.0,1,4.324212346336761,2,2,166,0,,
66,1,65530,28,987,2,0,3,3,3,2,0.9984059511158342,0,1.5383009225143305,2,1,271,0,,
20,1,46467,60,1136,2,2,0,1,1,1,2.0,0,4.236992202698092,3,0,299,1,,
60,0,87449,78,2914,2,2,4,2,0,2,0.9984059511158342,2,1.801365934814748,1,1,214,1,,
55,0,115967,96,4576,0,2,0,1,3,2,1.0,1,1.406592703885312,1,3,36,0,,
26,1,79694,37,3059,3,3,2,4,2,1,2.0,2,4.226173641199791,3,3,198,0,,
68,0,104193,88,3053,3,4,4,3,0,2,2.0,0,4.005940784946648,0,3,132,1,,
59,1,96422,17,3511,3,0,2,4,3,1,0.9984059511158342,1,4.5461320629369695,1,1,288,0,,
62,0,58745,32,1231,0,2,2,2,1,0,0.9984059511158342,0,4.991681478563548,2,0,28,0,,
33,1,67650,79,533,1,4,0,3,3,0,1.0,0,3.7856994154983377,3,1,181,0,,
69,1,111189,10,4190,1,4,4,3,3,1,2.0,2,2.842520298306677,2,2,63,0,,
41,0,42703,16,3108,3,1,0,1,3,2,2.0,1,1.1513256206210425,2,3,153,0,,
54,1,76271,69,4962,1,0,0,1,1,2,1.0,1,1.8454131141900303,1,3,291,1,,
50,2,30447,73,895,4,0,1,3,2,2,0.0,2,1.7796974576411304,3,2,249,1,,
60,0,81821,36,2850,3,3,4,2,1,2,0.9984059511158342,0,1.8171506563266564,0,0,248,1,,
59,0,47676,92,1415,0,2,0,2,1,2,2.0,1,1.563779309770058,1,0,231,0,2023.0,1.0
27,2,81477,6,1494,1,1,0,1,3,0,1.0,0,4.249195522495771,2,2,65,1,,
45,0,62029,57,1549,2,0,1,4,3,0,1.0,1,3.0284443890500468,3,1,51,0,2023.0,1.0
45,2,103265,71,236,3,4,3,2,2,2,0.9984059511158342,0,3.600336242478782,1,0,74,0,2023.0,1.0
59,0,78499,30,922,4,2,0,4,0,1,1.0,0,4.873540486483922,1,2,11,1,,
61,1,114348,60,3260,2,4,0,0,2,0,1.0,2,2.122547141377349,2,1,70,0,,
32,2,112479,39,2477,3,0,2,1,0,2,0.0,2,1.9494935830301563,2,0,177,0,,
62,1,42485,76,3348,4,4,1,1,2,1,1.0,1,2.240547501691362,2,0,248,1,,
31,1,54386,28,4058,1,3,2,2,1,0,0.9984059511158342,0,3.1384227627720223,1,1,22,0,,
26,2,94907,71,3327,0,0,3,2,1,1,1.0,2,4.393920558065633,3,3,48,1,2023.0,1.0
32,2,85464,94,1785,2,1,3,2,0,0,1.0,1,1.600159714422499,0,0,233,0,,
65,1,102963,36,3635,3,3,1,0,3,2,0.0,2,1.287623482026123,3,2,293,1,,
53,0,73767,66,1689,2,4,4,4,3,0,2.0,1,2.586152212138321,0,0,297,1,2023.0,1.0
47,0,67606,4,696,1,3,3,3,1,2,1.0,2,4.341146005847346,2,0,199,1,,
19,1,106103,35,4796,4,2,1,4,3,2,1.0,1,2.536867620184321,3,0,129,0,,
35,2,21620,3,4685,4,2,1,2,1,2,0.0,1,2.4724114150187844,0,1,97,1,2023.0,1.0
68,0,90114,6,1016,3,4,1,4,1,2,2.0,0,1.6567960121010197,0,3,206,0,,
38,0,23869,26,4068,4,2,0,1,3,0,2.0,2,4.789997922004673,3,0,254,0,,
60,1,84236,63,4233,4,4,0,4,3,0,2.0,1,4.941985020757068,3,2,164,0,,
36,2,72800,87,758,4,0,4,0,3,2,0.0,1,4.416414353559576,1,0,286,1,,
34,1,89786,98,584,1,1,3,0,3,0,0.9984059511158342,2,3.674516865679497,1,0,33,0,,
22,1,82796,58,1540,3,3,3,2,1,2,0.0,1,1.837845989499844,3,0,118,1,,
43,0,85139,60,857,3,4,4,4,2,2,0.0,1,2.6990810041425237,3,1,18,1,,
25,1,64159,44,364,4,4,3,4,3,0,2.0,2,4.773117931022615,3,3,177,0,,
22,1,39455,6,4042,3,3,3,4,3,0,2.0,2,1.061459682221804,0,1,10,1,,
25,1,93601,51,570,1,0,0,2,1,2,1.0,1,1.2858318594483331,1,3,16,1,2023.0,1.0
37,1,105818,12,3547,2,2,3,0,1,0,1.0,1,3.92656447804106,0,1,91,0,,
39,0,107897,64,2346,0,0,3,2,0,0,0.9984059511158342,0,2.5054840470155413,2,3,81,1,,
28,0,27434,36,821,3,2,3,0,0,2,0.0,0,2.7012540930200366,1,3,233,0,,
48,1,27711,74,2890,0,3,1,0,0,1,1.0,1,1.3043216343273762,3,1,160,0,,
69,1,26553,4,2142,0,4,1,2,3,0,1.0,1,4.736684254196275,0,0,172,0,,
41,0,64498,75,840,2,0,2,0,2,1,2.0,0,3.6169713266558814,2,1,110,1,,
43,0,80520,8,4941,0,2,2,0,3,0,0.0,1,2.751672239289294,3,2,77,1,2023.0,1.0
46,1,102805,40,4324,2,0,2,2,3,1,2.0,2,2.268127362853603,0,0,118,1,,
45,0,119546,37,1069,1,1,3,2,0,0,2.0,0,4.936248264622929,3,2,292,1,,
44,0,59322,90,2448,2,2,1,2,3,2,1.0,0,3.8823100244511393,2,2,79,1,2023.0,1.0
45,1,101462,31,1348,2,1,2,4,1,0,0.9984059511158342,1,4.885674691898346,3,1,259,1,,
68,0,27273,1,4637,1,4,4,4,2,0,1.0,1,1.7040937929467312,0,1,267,1,,
21,0,113708,36,4361,2,4,2,4,1,2,0.9984059511158342,2,1.4500911536726506,2,1,207,0,,
61,0,45102,51,814,0,1,4,4,2,2,0.9984059511158342,0,4.60480563153849,3,1,40,0,,
48,2,80721,88,1597,0,2,3,1,3,0,2.0,0,1.9458415745987865,0,0,156,0,,
51,2,77645,92,1992,1,4,3,0,1,0,2.0,2,4.711767875164552,2,0,289,1,2023.0,1.0
27,2,50755,4,4110,4,2,4,2,0,2,0.0,2,3.258559360909624,2,0,286,0,,
65,2,64440,57,3278,3,1,0,2,3,2,0.9984059511158342,2,4.906021660811149,0,3,27,1,,
66,1,89212,57,1048,4,3,2,0,0,2,1.0,1,3.113552561671964,2,1,215,0,,
38,2,35701,39,3470,0,3,2,0,3,0,2.0,0,2.3706844716849376,2,2,12,1,,
25,1,31528,1,849,2,1,4,4,3,2,0.0,2,3.1758590643400715,0,0,136,0,,
68,0,105038,51,2521,2,3,4,2,0,2,1.0,1,4.440171231419601,2,0,84,0,2023.0,1.0
51,1,71083,32,1639,3,2,4,2,2,0,0.0,2,3.867538759909391,0,1,87,1,,
52,2,108628,74,454,1,2,4,4,0,1,1.0,0,1.7162189130644945,0,0,72,0,,
24,1,92976,64,1272,2,3,1,0,2,2,1.0,0,4.623818653344913,0,0,286,0,,
43,0,47201,13,4384,1,2,0,0,2,2,0.9984059511158342,0,3.545701128905451,1,0,254,0,,
20,0,116798,56,3401,1,1,0,4,0,1,2.0,1,2.5959865049597357,3,3,94,0,,
34,0,103100,21,3373,1,1,0,2,2,1,0.9984059511158342,2,4.866812624800788,0,2,189,1,2023.0,1.0
46,0,83924,64,1972,1,4,0,0,1,2,0.0,2,2.504751754882675,2,0,35,1,,
56,0,100857,57,3038,3,4,1,4,0,2,2.0,2,4.723772528950372,3,1,77,0,,
35,1,94791,26,2028,1,2,0,0,3,2,2.0,2,2.898962562321766,1,2,239,1,,
35,0,116205,60,2479,4,0,3,0,0,0,0.0,2,1.7469881677611951,1,2,46,0,,
64,1,49583,76,155,2,3,4,1,2,1,0.0,0,2.5843835306079974,0,1,265,0,,
48,1,21669,49,508,2,2,1,1,1,2,0.0,0,4.886293465244395,0,3,134,1,,
27,2,70934,74,1561,4,0,4,2,3,1,0.9984059511158342,2,2.1209916635890544,0,3,115,0,,
61,1,54157,53,4703,4,1,4,1,1,2,2.0,1,3.350279806885561,0,1,208,1,,
46,1,85453,55,976,2,2,4,4,2,0,0.9984059511158342,1,1.6875002250093014,1,1,166,1,2023.0,1.0
64,0,57958,37,1711,1,4,3,3,3,1,0.0,1,3.516432398336697,3,0,19,0,2023.0,1.0
37,1,101397,97,808,3,0,4,4,2,2,0.9984059511158342,2,2.7401726083460822,0,0,49,1,,
50,1,41409,30,614,2,4,4,1,2,0,0.0,0,1.1961965690397665,0,2,268,1,,
65,2,86729,52,2948,4,3,1,0,3,2,1.0,1,2.146941789119648,3,0,52,0,,
61,1,84808,26,4865,0,2,2,4,3,0,1.0,2,1.9861865684595297,2,2,71,1,,
37,1,56355,26,897,1,1,0,4,2,1,0.9984059511158342,0,3.142272564561116,3,2,240,0,,
21,2,26414,44,4877,4,0,1,0,2,0,0.0,2,2.1188800055938835,2,2,153,1,,
19,1,109349,36,1780,2,0,1,0,2,0,2.0,2,2.1473110339225943,3,3,252,0,,
64,1,117798,44,684,3,1,4,1,0,1,2.0,0,3.7721810611778928,1,1,275,1,,
55,0,80562,52,2265,1,4,4,2,1,2,0.0,1,4.749086185212337,2,1,108,0,,
48,1,43949,55,3337,3,4,1,4,0,0,0.0,0,2.4823083229639136,3,1,267,0,,
31,0,26487,85,1776,1,3,3,4,2,2,2.0,1,3.9740185090713984,2,1,137,0,,
34,1,56382,58,1337,3,3,2,3,3,0,1.0,0,2.7057730802738806,2,3,276,0,,
40,2,111003,80,573,0,1,2,2,3,2,0.0,2,1.825248559535145,2,1,241,1,,
52,2,94510,53,2523,4,3,0,1,1,0,0.0,1,3.013226938266357,0,3,158,0,2023.0,1.0
59,2,113767,22,4040,1,2,3,4,0,2,1.0,1,1.2785545638492093,1,3,285,0,,
46,0,42115,79,259,2,0,1,2,1,2,0.9984059511158342,2,4.790058093434975,0,0,194,0,,
64,1,29395,34,4902,1,3,0,2,1,1,0.0,2,4.198613099782571,2,1,47,1,,
59,0,51115,12,2447,1,2,1,1,1,0,0.9984059511158342,0,4.214205168847032,2,3,131,0,,
65,0,21868,4,3856,4,2,1,4,1,0,2.0,0,4.171832624240857,2,2,272,1,,
22,2,108666,10,629,1,2,0,4,1,0,2.0,1,4.485151976339793,2,0,107,1,,
24,1,36600,22,1309,1,1,3,2,3,0,1.0,1,4.031721735406538,3,1,168,1,,
64,2,24314,61,1623,0,4,0,2,2,0,0.9984059511158342,2,1.7809595252005437,2,0,80,1,,
44,1,42873,48,2144,2,3,4,3,2,2,2.0,1,3.7752116560072695,3,1,239,1,,
21,1,83365,25,1126,4,3,2,4,3,2,0.0,2,1.6482814108376012,2,2,196,0,,
21,0,112662,44,905,1,1,3,4,0,2,2.0,1,1.8975164267420768,2,1,52,0,2023.0,1.0
52,1,82695,62,3265,2,4,2,0,3,0,0.9984059511158342,2,2.299465325350917,3,0,298,1,,
43,0,22389,95,1048,3,3,4,1,0,2,1.0,0,3.3699333032470986,0,1,221,1,,
51,1,89385,79,1274,4,4,0,4,2,1,0.9984059511158342,0,3.3912117186501938,1,2,230,0,,
43,1,92358,83,2591,4,2,0,3,3,0,0.9984059511158342,2,1.167897932513032,0,2,177,0,,
58,0,64420,52,2356,2,4,2,0,0,2,0.0,1,2.4046898349159163,3,0,133,1,,
26,0,75486,44,1880,4,4,3,2,3,0,2.0,2,4.487123080734846,3,1,88,0,,
67,0,71786,36,3980,1,3,2,1,1,1,2.0,0,4.939442322924355,1,3,160,1,,
19,1,115739,46,3808,2,0,2,3,2,2,1.0,2,2.4719100894147195,3,3,236,1,,
35,1,103360,21,287,3,3,0,1,2,2,2.0,1,3.2250256962273443,1,0,175,1,,
18,2,104579,48,1648,0,0,1,2,0,2,0.0,2,2.3318660258364066,0,0,119,1,2023.0,1.0
64,1,60403,24,2531,4,4,4,2,1,2,0.0,1,4.736267018148737,2,1,116,1,,
24,0,109796,31,4097,1,2,1,1,2,0,2.0,0,4.939234309421045,3,3,271,1,,
55,1,48767,13,3650,3,3,2,1,1,0,0.0,1,4.920825060152917,0,2,162,1,2023.0,1.0
22,2,46673,47,4501,4,4,1,2,0,0,1.0,1,2.458118834232194,3,0,152,1,,
39,1,105603,19,1796,0,0,4,4,1,2,1.0,2,3.8575166927228937,1,1,74,0,,
25,2,66996,83,2866,3,4,4,4,0,1,1.0,2,1.7953064222818025,1,1,175,0,,
50,1,99415,30,2577,0,2,4,0,1,2,2.0,1,4.005123037241114,0,3,186,1,,
21,1,105504,4,1908,2,1,2,3,2,2,0.0,0,3.170361978116221,3,0,270,1,,
25,0,89002,73,710,4,2,3,2,0,2,2.0,1,1.5986265361764436,3,1,136,0,,
62,1,29088,6,3606,2,0,2,1,0,2,0.9984059511158342,0,1.4034410103585475,0,0,33,0,,
51,2,47920,15,3197,2,2,2,1,2,2,1.0,2,3.635817451702033,1,1,67,0,,
62,0,115193,70,4829,4,2,3,0,0,0,1.0,1,2.8503623101679016,2,2,205,0,,
65,1,83238,19,3402,0,3,2,2,3,2,0.0,1,2.665603247070924,0,3,191,0,,
52,0,62103,28,1412,4,0,2,3,3,0,2.0,0,2.4629706816937174,0,0,177,1,,
52,1,20569,87,3006,4,4,0,3,0,0,1.0,2,2.638083910268312,1,3,174,0,,
64,1,40637,55,4517,0,4,0,0,1,0,0.0,1,4.116273634667735,1,3,193,0,,
52,0,103279,14,1397,4,4,0,3,2,2,2.0,0,2.512890515211354,3,3,161,1,,
42,0,103038,82,434,0,0,2,1,3,0,1.0,0,4.534367945808017,0,2,128,0,2023.0,1.0
58,0,115287,21,2147,1,0,0,0,1,2,0.0,2,3.790812057832835,3,1,36,0,2023.0,1.0
59,0,21160,21,1887,4,2,1,2,0,1,2.0,2,2.925498610731126,3,2,70,0,2023.0,1.0
62,1,21753,68,1730,0,3,4,4,2,2,1.0,2,3.622828989433512,3,1,162,0,,
47,1,84315,68,4199,4,0,4,1,1,0,0.0,0,3.384401348869302,2,3,38,1,,
42,1,111087,80,1455,3,0,0,3,2,0,2.0,2,3.2873459894631045,3,0,6,0,,
41,2,85839,24,1993,4,2,1,1,3,0,0.9984059511158342,2,3.190537500181501,1,2,102,1,,
44,0,119919,16,4867,1,3,1,2,3,2,1.0,1,2.364538844570853,0,2,284,0,2023.0,1.0
45,1,55198,56,4241,4,1,3,1,1,2,0.9984059511158342,1,2.4461354305831997,1,3,228,0,2023.0,1.0
35,1,21746,39,1157,0,0,3,3,3,2,2.0,2,1.848223152711877,3,0,30,0,,
43,1,39056,9,3176,3,2,1,0,3,0,2.0,1,2.228121452915417,3,0,9,0,2023.0,1.0
44,1,65278,5,1454,1,4,3,0,3,2,0.0,0,1.6990080463499702,1,2,97,0,,
69,1,94469,84,1406,1,1,1,0,0,2,0.9984059511158342,1,4.11724786342756,0,0,147,1,,
44,0,79940,26,209,4,4,1,0,3,0,1.0,1,2.662272017711361,1,2,164,0,2023.0,1.0
24,0,98343,29,351,0,4,4,1,2,2,0.0,1,3.0277989239359955,0,2,70,0,,
55,2,112307,59,694,1,3,2,1,1,1,0.9984059511158342,1,1.2685778081101042,3,1,247,0,,
62,1,109023,90,3083,4,2,2,1,2,2,1.0,2,1.743173132619765,2,1,95,1,,
52,1,51368,92,4424,3,4,1,2,1,2,1.0,0,4.5339696163435,2,2,64,1,2023.0,1.0
20,0,89487,83,1256,2,4,2,2,3,1,0.9984059511158342,2,2.0002308593571927,3,1,111,0,,
43,0,29596,19,4389,3,1,0,0,1,2,2.0,0,3.524658113998774,3,2,62,0,2023.0,1.0
41,0,118841,48,241,1,1,0,4,0,0,1.0,2,4.74337304575452,3,2,263,1,2023.0,1.0
50,0,118303,13,1140,4,1,3,1,3,2,0.9984059511158342,1,4.395659305876676,3,2,255,1,,
55,0,105820,32,2359,0,3,4,2,2,2,0.9984059511158342,1,1.6786406651402928,0,2,210,0,,
44,1,82613,23,1860,1,2,2,0,3,1,2.0,0,4.653812725898771,2,1,173,1,,
23,1,42588,19,1171,1,4,0,3,3,2,0.0,2,1.6243998075163013,1,1,266,1,2023.0,1.0
64,2,33844,78,1263,2,2,1,0,1,0,0.9984059511158342,0,2.6327260709804445,1,1,247,0,,
32,1,22978,56,951,4,3,3,4,1,0,1.0,2,2.1791135090208686,0,1,155,1,,
66,2,44783,7,4858,0,0,1,0,3,2,1.0,1,3.063352123082946,1,0,47,0,,
68,1,44918,7,4761,3,4,0,4,0,0,1.0,1,2.298862662148962,0,3,40,1,,
21,1,109557,65,4282,4,4,2,3,3,0,2.0,1,3.531474768321575,1,1,170,1,2023.0,1.0
28,2,84303,10,2522,3,3,1,0,1,0,0.9984059511158342,0,1.646097150203799,3,2,114,0,,
23,0,37140,6,3318,2,2,0,2,1,2,0.0,1,3.354583649884811,0,2,148,1,,
68,1,52813,52,3302,1,0,4,2,3,0,0.9984059511158342,1,1.6908159295635463,0,2,21,0,,
52,0,38932,24,527,4,3,0,0,3,0,0.9984059511158342,1,1.6669431066062042,3,0,272,0,,
45,1,83832,76,863,3,3,4,1,1,0,2.0,0,3.478113935071004,0,0,243,0,,
58,0,92723,37,3763,2,3,2,2,0,1,0.0,1,4.41682833471317,1,3,139,0,,
34,2,22881,51,3851,4,2,2,0,0,2,0.0,0,3.3714121402517345,1,0,101,1,2023.0,1.0
68,1,40491,17,1517,2,0,3,3,1,0,1.0,2,2.060456053498972,3,2,50,0,,
46,2,74240,67,3333,3,0,3,0,2,0,2.0,1,4.285894969598974,1,3,72,1,,
32,0,50099,28,2645,4,4,3,2,2,2,0.9984059511158342,1,2.403589593936496,0,0,141,1,,
58,1,115063,53,4881,3,4,3,4,2,0,0.9984059511158342,0,2.325398008380042,2,3,125,1,2023.0,1.0
31,1,23823,60,2644,3,4,4,4,2,1,1.0,0,2.737955283260372,3,3,242,1,2023.0,1.0
63,0,86151,8,4628,4,3,3,4,3,2,0.9984059511158342,0,4.323356531821533,3,1,139,0,,
35,0,92144,33,1006,1,4,1,0,0,0,1.0,0,3.2672340062103724,0,0,198,1,,
65,0,101556,22,4589,3,2,0,4,3,2,2.0,0,4.046566189523398,2,1,124,0,,
60,0,119074,28,4048,1,4,2,1,3,2,0.0,0,1.4980095135526037,3,3,217,1,,
61,0,65312,39,562,0,2,2,4,3,0,0.0,2,3.4437123234850247,1,0,49,0,,
46,2,118538,44,4440,4,2,3,0,1,1,2.0,0,3.570400728248649,1,2,151,0,,
54,0,56303,58,216,1,4,2,1,0,1,1.0,1,3.897870073651368,1,3,214,1,,
56,1,97108,87,4644,4,4,4,1,3,0,0.0,0,1.5847794705565286,3,2,210,0,,
28,1,87945,50,2557,4,1,4,1,2,2,0.9984059511158342,0,3.724166284456498,3,0,88,0,,
52,2,101015,92,4123,0,0,2,3,0,2,0.0,1,3.609345746866755,0,2,101,1,,
50,1,44509,23,3010,3,3,2,3,0,2,0.9984059511158342,0,4.582341796529031,1,1,116,1,2023.0,1.0
34,0,103127,23,2805,0,1,1,4,1,2,0.9984059511158342,2,2.8669215068080542,3,2,54,1,2023.0,1.0
48,2,71048,88,3522,2,0,0,4,3,0,1.0,0,2.334979338349464,2,3,127,0,,
31,1,75896,10,634,3,2,1,0,1,1,2.0,1,2.181428561041532,0,1,74,1,,
31,1,98948,18,3093,1,3,4,4,0,1,1.0,1,2.018824750727619,1,0,178,0,2023.0,1.0
53,2,50916,93,4873,2,0,2,4,3,0,2.0,1,1.1600104453797466,1,2,116,1,,
42,0,92894,58,4532,3,1,0,2,1,2,2.0,1,2.821090216612781,1,2,32,1,,
20,2,88835,38,2536,4,0,1,1,1,0,2.0,1,2.0593945766640536,3,3,264,0,,
34,2,21950,36,2209,3,2,2,1,3,0,1.0,1,2.080939458457306,0,1,182,1,,
52,1,91028,21,2828,0,0,1,4,0,0,0.9984059511158342,0,2.268455627421188,3,2,217,1,,
29,1,79076,51,2865,4,4,3,3,0,2,0.9984059511158342,1,2.8509232998122203,0,1,73,0,,
63,1,115417,26,313,3,4,0,4,1,2,2.0,1,4.62729207792597,0,1,246,0,,
59,1,86951,9,3266,1,2,1,4,2,0,0.9984059511158342,0,4.77446407280139,0,3,289,1,2023.0,1.0
45,1,65167,47,4078,4,2,0,3,0,2,2.0,0,1.3310990890286676,0,3,208,0,,
35,1,92534,25,3788,2,4,2,4,1,2,0.9984059511158342,0,1.0099802309933907,0,3,209,0,,
42,0,104785,27,2200,3,4,2,2,1,0,0.9984059511158342,1,4.447154390849082,1,3,150,0,,
41,1,95955,85,2163,0,4,2,3,3,0,0.9984059511158342,0,1.8640311938880465,2,0,141,0,,
43,1,37563,42,2316,2,4,3,2,3,2,2.0,1,1.3757633824917117,1,1,155,1,,
33,0,79799,92,233,3,0,1,1,0,2,0.0,0,1.764406403813219,2,2,206,0,,
27,1,116950,20,1944,2,0,4,4,3,1,1.0,2,4.949934037983422,3,2,73,0,2023.0,1.0
26,1,65647,75,309,0,1,2,1,2,0,2.0,2,2.263103323746675,2,2,160,1,,
27,0,57570,22,668,4,2,4,2,1,2,1.0,2,3.4917028392355203,3,1,251,0,,
62,1,57905,18,1712,4,3,2,4,0,1,0.0,1,3.0418375339699937,1,1,215,1,,
45,2,39346,72,1552,4,0,4,2,1,1,0.9984059511158342,0,2.706655946135331,2,3,36,0,2023.0,1.0
52,1,103108,63,3946,3,3,3,4,2,0,0.9984059511158342,1,3.752095010934651,3,3,58,0,,
40,1,45395,95,3640,4,1,0,3,1,2,0.9984059511158342,2,1.342704864456746,3,2,91,0,2023.0,1.0
43,0,90412,42,3925,2,1,3,4,2,0,2.0,0,2.010360116502981,3,0,52,0,,
22,1,118228,53,4410,4,1,3,1,3,1,0.9984059511158342,1,4.7717818713631015,3,3,53,1,,
30,1,74740,22,2029,2,3,0,4,2,2,2.0,0,1.1877569662609089,1,1,109,1,,
38,2,28660,2,3186,1,3,1,3,1,0,2.0,1,1.2757312682877942,2,1,109,1,,
31,0,57405,10,4057,1,3,1,4,3,0,1.0,2,4.987106434804917,0,2,225,1,,
69,1,104274,14,2759,4,4,1,3,3,2,0.9984059511158342,1,1.57499492233892,1,1,265,0,,
59,1,29471,6,2374,4,1,1,2,1,0,2.0,0,3.284455333591604,0,3,262,1,,
32,0,21049,81,4038,4,3,1,0,0,2,2.0,1,2.652359930763682,1,2,235,1,2023.0,1.0
66,0,22963,33,1308,1,1,3,1,1,2,0.9984059511158342,2,3.358287761992417,1,2,153,1,2023.0,1.0
41,0,34404,69,1090,1,0,0,2,1,0,1.0,2,4.598839426409364,3,3,201,0,,
34,2,85883,27,4097,1,2,0,0,0,2,0.9984059511158342,0,2.893512397386925,0,3,286,1,,
39,0,88147,33,3446,4,3,0,3,1,0,1.0,0,3.892479372135779,3,3,256,1,2023.0,1.0
21,1,110743,69,2779,0,4,0,3,2,2,0.0,1,3.799579519710764,2,1,163,1,,
61,1,24395,82,1708,3,3,2,3,3,1,0.0,0,4.680494922508871,1,0,141,0,,
19,0,115864,63,2843,3,0,3,0,3,0,0.9984059511158342,1,4.224854783588697,0,1,261,1,2023.0,1.0
44,1,86558,91,407,4,3,2,2,0,2,0.9984059511158342,0,3.3982283448746555,0,1,62,0,,
39,1,23060,3,738,2,3,2,1,1,0,0.0,0,4.842986683214706,1,1,294,0,,
58,1,34481,12,4451,3,3,3,3,0,0,1.0,1,1.968428250266732,0,2,245,1,,
66,1,37790,44,3591,4,0,0,1,2,2,2.0,2,2.5582983407106985,1,1,284,1,,
42,0,111643,75,1662,1,2,2,3,0,2,2.0,2,2.059056760416444,0,3,64,1,2023.0,1.0
23,2,25899,73,4676,0,4,1,0,0,2,0.0,2,4.507245058488563,2,0,156,1,,
59,1,24477,38,127,3,0,1,2,1,0,0.9984059511158342,2,1.544424140739146,2,1,24,0,,
49,1,93143,83,4044,0,0,3,3,3,2,2.0,1,3.345721141488497,3,1,141,0,,
54,1,117616,21,1876,4,1,4,1,1,0,0.0,1,1.6715589737042404,0,1,108,1,2023.0,1.0
35,2,61300,1,3712,2,3,4,0,0,2,0.0,2,4.968134605066995,1,3,257,1,,
24,0,31009,77,1794,3,0,3,3,1,2,2.0,1,4.685839473855383,3,2,225,0,,
43,1,92154,14,4615,4,1,3,3,2,1,0.9984059511158342,2,1.0883208212071032,0,3,205,0,,
69,2,96860,61,4134,0,1,2,1,2,0,0.9984059511158342,0,1.6867833334461193,2,3,69,0,,
67,0,56007,18,905,4,4,1,4,0,0,0.0,1,1.923850028203089,2,3,274,1,,
44,1,41509,86,589,4,3,0,3,3,0,0.9984059511158342,0,2.3451969201870164,2,2,298,1,,
57,0,22466,9,101,2,0,4,0,3,0,2.0,2,1.7184281051054455,0,3,57,0,2023.0,1.0
32,0,102093,79,2403,4,1,1,0,1,0,0.0,1,4.082833279732947,3,2,23,0,,
62,0,55326,74,3010,3,1,0,2,2,0,0.0,1,4.058722912772533,3,0,229,0,,
51,1,79945,81,2302,4,4,3,4,1,2,1.0,0,1.8878418234961791,0,0,58,1,,
21,1,95583,98,4179,2,1,2,3,2,2,0.9984059511158342,1,4.089106765209002,2,2,218,0,2023.0,1.0
50,1,73333,65,2440,2,2,1,1,3,0,0.0,0,2.9607689960994885,2,1,166,1,2023.0,1.0
27,1,92828,75,189,1,1,0,4,1,0,0.0,1,3.4494920942559903,0,1,46,1,2023.0,1.0
30,0,40011,54,3733,1,0,1,3,0,2,0.0,1,2.0085943140221265,3,3,80,0,,
42,1,68791,87,3044,2,1,4,0,0,1,1.0,2,4.742406966925267,3,1,280,0,2023.0,1.0
55,0,59759,97,3903,2,1,3,3,0,1,1.0,2,2.9349272946105027,1,3,91,1,,
26,2,100051,43,3360,4,1,3,1,1,0,0.0,0,2.6958664726080404,3,2,133,0,,
35,1,47703,20,3423,0,3,2,2,1,0,1.0,0,4.484943046827544,0,2,17,0,,
42,1,109670,19,3986,4,1,3,0,2,0,0.0,2,3.879460897090686,2,3,166,0,,
50,0,28520,50,2467,1,0,2,1,1,2,0.9984059511158342,0,3.7145638388667592,2,3,20,0,,
35,0,50653,68,4434,0,3,4,1,3,2,2.0,0,1.8971471722390287,0,2,238,0,,
50,0,95160,43,899,2,4,3,4,0,2,0.9984059511158342,2,1.698850621701789,0,2,162,1,2023.0,1.0
37,2,78596,94,3986,3,2,4,3,3,0,0.9984059511158342,2,2.349692372645811,3,0,209,1,,
28,1,106655,41,3863,4,0,3,0,0,2,0.9984059511158342,0,1.509013285272251,0,2,276,0,2023.0,1.0
47,2,22460,64,202,1,0,3,1,3,0,1.0,1,3.467576630365675,0,0,277,0,,
68,0,34439,92,2395,3,1,1,1,0,1,0.0,0,2.3557346995847013,2,3,50,0,,
33,0,61792,5,1039,0,3,1,0,1,2,1.0,0,2.7221127748060563,0,3,197,0,2023.0,1.0
23,0,38394,94,3849,1,4,2,2,0,2,1.0,0,1.770628286297185,1,2,221,0,,
61,1,34633,74,3075,3,0,1,1,1,2,0.0,1,2.6591673526696558,2,0,33,1,,
43,2,114910,35,2926,1,4,1,1,0,0,2.0,1,2.972490185892592,3,1,54,1,,
65,2,104739,76,3814,1,0,3,0,1,1,2.0,1,3.789989406888216,2,0,34,1,,
35,1,26044,41,1281,1,2,2,2,1,1,0.9984059511158342,1,1.2880439140801472,1,2,272,1,2023.0,1.0
47,0,95028,15,2399,3,4,0,1,0,2,0.9984059511158342,2,2.252555540363121,3,2,125,1,2023.0,1.0
36,0,66023,86,524,1,2,3,4,1,0,0.0,0,2.8231963055155016,1,3,194,1,2023.0,1.0
35,1,109460,21,1277,1,2,2,1,0,2,1.0,2,4.834901924246085,2,2,106,0,,
46,0,116496,34,4045,0,2,3,1,1,2,0.9984059511158342,2,1.2745113521079352,0,3,154,1,2023.0,1.0
41,1,98513,12,3420,0,1,4,3,1,1,1.0,1,4.144814762511727,2,3,127,0,,
65,0,45117,7,4852,0,2,3,1,3,2,2.0,0,2.067975583909196,0,2,217,0,,
28,0,38228,47,1055,2,1,2,4,3,0,2.0,1,2.1777154474415314,3,0,81,1,,
25,2,83472,27,3863,0,4,3,1,1,2,0.0,0,1.0412904276336272,3,1,21,0,2023.0,1.0
25,0,95801,15,2904,2,4,1,2,0,0,2.0,2,1.6698626573849475,0,0,32,1,2023.0,1.0
47,1,38594,59,1792,2,3,0,1,0,2,0.0,2,4.880339198732832,3,0,88,1,,
42,2,80686,45,3142,3,2,2,2,2,2,1.0,1,4.366575375156657,3,1,198,1,,
22,0,115229,55,2805,0,2,4,3,0,2,1.0,1,3.901830630964216,2,2,9,0,2023.0,1.0
21,0,88816,60,3887,2,1,3,4,0,0,0.9984059511158342,2,2.0676542467032664,1,1,238,0,,
28,2,50697,25,744,4,3,0,0,0,0,2.0,2,2.763470463741589,0,0,167,0,,
49,2,51514,26,1050,2,3,3,0,1,1,0.0,2,4.794158023635326,1,2,27,1,,
24,2,95145,99,4904,3,1,4,3,2,1,0.9984059511158342,1,1.508856459282775,1,1,42,1,,
22,0,27507,92,4495,3,4,1,2,0,2,0.0,2,4.175940601315852,1,3,116,0,,
48,1,34407,10,2775,4,4,3,1,1,2,0.9984059511158342,2,1.7251139114614338,3,3,269,1,,
60,2,37920,91,910,1,4,2,2,2,0,2.0,1,2.379877880560186,1,3,92,1,2023.0,1.0
66,2,59369,17,4535,0,1,3,3,0,2,1.0,1,3.669206545455081,3,3,26,1,,
64,0,49714,36,4035,4,2,1,2,3,0,2.0,2,2.420613816120433,1,3,37,1,,
35,0,81600,68,786,3,1,0,0,2,2,2.0,2,4.524191281291083,1,2,286,0,2023.0,1.0
57,2,48783,73,4594,4,1,2,1,3,2,1.0,2,1.0103559219654643,0,0,5,1,,
53,1,88775,15,549,4,0,2,3,1,0,1.0,1,3.983861506096352,1,0,168,0,,
34,1,57696,3,4846,3,1,3,0,1,1,1.0,0,2.8223408608094758,2,0,258,0,,
27,2,74215,88,4179,1,0,1,4,2,2,1.0,1,2.382608434570631,0,0,251,0,,
61,1,60843,18,4106,4,0,4,2,2,2,1.0,0,2.2729140931446707,1,1,175,1,,
52,1,23841,1,4139,2,2,3,1,3,0,1.0,1,1.176691708143485,0,0,165,0,2023.0,1.0
66,0,56427,57,2448,4,2,0,3,2,2,2.0,1,4.031244137735983,2,0,293,0,,
55,1,115268,51,519,4,2,4,3,3,2,0.0,2,4.336061747441709,1,2,262,1,,
45,0,69854,36,405,3,2,2,0,0,0,2.0,2,4.717117639328343,2,2,103,0,,
53,2,85642,56,4606,1,4,2,3,1,2,0.0,0,1.2617312862735552,3,1,115,1,,
29,1,88049,98,4511,3,1,4,2,2,0,2.0,2,1.3937948837160858,0,2,257,0,2023.0,1.0
67,1,66111,24,1733,1,4,1,1,3,1,1.0,0,1.4894322441053038,0,2,209,1,,
34,1,34908,17,3195,2,4,1,1,1,2,0.9984059511158342,2,4.589444085443734,1,3,76,1,,
69,1,63351,68,1386,3,4,2,1,1,2,1.0,2,3.6525837241019903,0,1,84,0,,
44,1,44399,20,276,0,2,4,2,1,2,1.0,2,4.9471629588625845,1,1,18,1,2023.0,1.0
36,0,45475,34,3834,4,2,0,4,1,2,1.0,0,2.210076309959341,0,3,205,0,,
33,0,27338,14,4553,4,4,0,4,3,2,0.0,0,2.688168261316456,1,3,65,1,2023.0,1.0
35,1,50020,36,160,4,2,0,0,2,2,1.0,2,1.712153195316108,0,1,126,1,,
67,0,106760,83,1584,3,3,2,0,3,1,0.0,0,4.157331180294381,0,1,246,1,,
62,1,78418,59,1521,2,3,4,4,2,0,1.0,2,3.159005824059216,1,1,89,0,,
52,2,93616,22,631,1,2,0,2,3,2,1.0,2,4.454521582654278,3,3,81,0,2023.0,1.0
21,0,79405,48,3481,1,1,2,2,1,2,1.0,1,4.219300306813924,0,3,251,0,,
53,1,41346,34,4138,4,3,4,2,3,1,0.0,0,4.454141653498956,3,2,227,0,,
57,0,48343,24,4304,3,4,3,0,2,2,0.0,1,1.2238853074473628,3,2,216,1,,
48,0,112098,4,3197,1,3,0,1,3,0,2.0,0,3.5427913917135,0,0,19,0,,
27,0,111987,97,2369,4,4,3,4,0,0,0.9984059511158342,0,1.9665906548824243,1,2,225,0,,
69,2,62460,93,4301,1,4,3,3,0,2,1.0,2,3.32472421463227,1,3,258,0,,
30,0,56572,23,1288,1,4,3,2,1,0,1.0,2,1.3343021566204478,3,2,149,1,,
40,0,100781,48,743,4,0,2,4,0,0,0.0,0,2.033827332132533,3,0,183,0,2023.0,1.0
34,0,20260,48,4026,0,0,0,1,3,0,1.0,1,3.059404103687513,2,0,7,0,2023.0,1.0
34,0,92594,58,1716,1,3,2,0,3,1,1.0,2,1.6196855875805491,0,1,274,0,,
36,2,23216,81,2101,4,2,3,3,0,0,0.0,0,1.440314411448551,0,3,146,0,,
52,0,65211,97,3492,2,1,0,2,0,1,0.0,0,3.618931063887688,2,2,161,0,,
43,0,45989,34,201,2,3,2,2,2,0,0.0,0,2.777397581799322,2,3,222,0,,
28,2,114238,22,1880,2,3,3,2,3,2,0.0,2,2.1875293726266056,1,0,286,1,2023.0,1.0
20,0,93567,37,4131,3,1,3,2,3,2,1.0,1,3.611265724242705,0,3,56,1,,
43,1,117557,47,647,1,1,3,0,2,1,1.0,1,2.803355333641479,0,3,78,0,,
67,2,67850,49,1341,4,2,0,2,2,1,0.9984059511158342,1,2.465717268785405,1,2,223,0,,
25,1,25539,35,4163,2,3,0,0,0,1,0.0,0,4.967102608433878,2,1,113,0,,
36,0,112554,15,425,0,0,1,2,1,2,2.0,2,4.291250362786854,2,3,1,0,,
53,1,119280,35,278,2,3,1,1,0,0,1.0,1,3.6000832094052084,1,0,255,0,2023.0,1.0
68,0,107363,34,4356,3,1,4,3,3,2,0.0,2,4.618830425817196,0,1,42,0,,
18,2,23770,8,3352,0,0,2,2,0,0,0.0,2,4.221685909219916,3,1,11,1,,
62,2,114182,70,1546,4,0,1,1,1,0,2.0,2,1.061153450161576,1,2,126,0,,
32,1,93596,34,3456,1,4,4,4,1,2,2.0,2,4.332984655848438,2,1,255,0,,
66,0,43123,30,1056,3,3,1,0,1,0,2.0,1,2.196748139467588,3,0,254,0,,
20,1,61435,35,103,4,1,0,4,2,1,1.0,2,3.418891056141124,0,3,61,0,,
42,1,111782,84,3015,0,3,0,2,1,1,0.0,0,1.6382234916899965,3,2,78,0,2023.0,1.0
64,0,56157,95,4711,4,2,0,2,3,2,0.0,2,2.4590652898167136,1,0,23,1,2023.0,1.0
26,0,51971,79,4477,0,1,0,1,2,2,1.0,2,1.4977629260542766,3,1,37,1,,
48,0,80204,76,2363,1,3,4,2,0,0,0.0,0,4.804541237393191,2,2,34,1,,
47,0,23065,33,3344,1,3,2,1,2,0,0.9984059511158342,0,4.953562949226358,0,0,254,1,,
53,0,99082,13,2962,4,3,3,3,3,2,0.0,0,1.0286022111942894,3,3,121,0,,
38,0,56365,42,2744,4,3,4,2,0,0,2.0,1,2.1196978293580107,0,1,36,1,,
41,1,119854,33,3605,4,3,2,2,2,0,0.9984059511158342,1,2.580440630831403,1,2,160,1,,
48,1,116634,56,2151,3,0,0,3,0,1,2.0,2,3.842805128374252,0,0,196,0,,
40,1,118748,31,1295,2,2,0,2,1,0,0.9984059511158342,0,2.821234564940656,3,3,137,0,2023.0,1.0
23,2,78390,6,191,0,3,0,1,3,2,0.9984059511158342,0,4.4163384155296965,3,3,89,0,,
58,1,28381,5,2865,0,4,4,4,3,0,0.9984059511158342,0,4.296503335346195,2,0,242,1,,
64,2,30866,53,1390,3,1,2,2,3,0,2.0,1,2.867576336754641,1,1,9,1,2023.0,1.0
51,2,24791,40,4880,1,0,3,0,3,1,0.0,0,2.215941503295355,2,3,185,1,,
27,0,113608,92,254,0,2,1,2,2,0,0.9984059511158342,1,1.590945780373158,0,3,235,0,2023.0,1.0
21,0,53092,30,4522,2,0,1,4,1,1,2.0,2,3.510832158041311,1,3,24,1,,
18,1,49181,93,2086,0,0,3,2,0,0,0.9984059511158342,1,1.8089314277656432,0,2,19,0,,
43,1,90429,81,1475,2,0,2,0,0,1,0.0,0,4.905435222831008,0,1,19,0,,
58,1,65104,66,2436,0,1,0,1,0,0,0.9984059511158342,1,1.87209781887968,3,1,261,0,,
35,1,93432,41,1697,1,4,2,0,0,1,2.0,1,2.123811109685158,2,3,104,1,,
25,0,41101,1,263,1,4,3,3,3,1,2.0,0,3.6188061799375513,0,1,77,1,,
30,0,26984,41,4544,4,2,3,0,3,2,2.0,2,4.540857777235474,3,1,7,1,,
53,0,26050,35,3070,3,4,4,3,0,1,0.0,1,1.6907322595203946,2,0,210,0,,
21,1,41213,25,655,4,0,0,0,1,2,1.0,0,2.056669272372623,0,1,105,1,,
30,2,86134,41,1746,4,3,0,4,0,2,0.0,2,1.004618683268169,3,1,33,0,2023.0,1.0
40,0,25445,96,2997,4,0,2,0,0,0,2.0,0,4.154783805647819,2,0,45,1,2023.0,1.0
58,1,77874,71,3564,3,4,2,3,1,1,0.0,2,3.556966518597956,0,0,215,0,,
66,0,60136,57,2010,3,0,4,4,2,2,1.0,1,3.779815051276045,1,1,254,1,2023.0,1.0
56,0,36447,95,2970,3,3,4,4,3,2,1.0,1,4.015445454004206,0,3,79,1,,
42,0,38298,36,238,1,4,0,3,1,0,1.0,1,1.09334372584163,2,1,22,0,,
40,0,40719,43,4010,0,0,2,3,2,0,1.0,1,4.472079649397736,3,0,42,1,,
30,0,54948,27,2164,1,3,2,1,2,1,0.0,0,4.184506813363896,1,0,280,1,,
32,2,77492,78,1778,1,0,0,2,1,0,0.9984059511158342,0,2.9685337920334045,2,2,6,1,,
48,2,57145,15,3315,3,3,4,2,2,1,0.0,1,3.328137190592433,1,1,212,0,,
28,0,81993,32,460,2,0,3,0,0,0,1.0,1,3.921915263687443,2,0,7,1,2023.0,1.0
56,1,24302,6,845,2,3,0,0,0,0,0.0,0,2.7944438220361296,0,0,190,1,,
21,0,85020,85,1110,4,2,2,0,0,2,1.0,1,4.6866276046253885,1,3,186,1,,
30,1,45538,59,783,4,3,2,1,2,2,1.0,1,3.587175383801082,1,1,115,0,2023.0,1.0
52,2,92497,68,2996,2,3,2,1,3,1,0.9984059511158342,2,1.9811915555286923,3,0,282,1,,
41,1,56821,85,3340,2,2,2,4,3,2,0.0,2,4.112392132214408,1,0,60,0,2023.0,1.0
64,0,42075,32,4319,1,4,3,1,3,0,0.0,1,3.650483258597125,3,1,292,0,,
62,0,107412,19,2371,4,2,2,0,2,2,0.9984059511158342,1,2.970376134977014,1,3,175,1,,
55,1,107945,75,1471,4,4,4,1,0,2,1.0,0,4.032980911820392,2,3,161,1,,
54,2,118536,69,4987,2,2,4,3,1,0,2.0,1,1.3719681752468942,2,3,20,1,2023.0,1.0
36,0,75786,73,4803,2,1,0,2,2,0,0.0,2,4.478722505052275,1,1,114,1,,
34,0,62036,74,3917,0,2,2,3,2,1,1.0,2,3.6926463307964994,3,1,127,0,,
69,1,54269,13,1927,3,1,3,0,2,2,0.0,0,3.934913561290099,1,3,119,0,,
23,2,85587,2,1707,4,2,2,2,1,1,1.0,2,2.7956933262910955,1,1,72,0,,
42,0,71357,15,1320,2,4,1,2,1,2,0.0,1,4.263233480336748,1,0,24,0,,
32,0,86567,13,582,0,1,0,4,1,2,1.0,2,2.5175111885596624,1,0,276,0,,
31,2,81358,56,3422,2,4,4,2,1,2,0.0,0,3.653387325769215,3,2,280,0,2023.0,1.0
55,0,116491,15,4172,0,2,3,3,3,0,0.0,1,4.362262436500158,3,1,18,0,,
51,2,26630,28,2093,2,0,1,3,1,1,0.9984059511158342,2,3.205157608622609,2,3,181,0,,
63,2,62853,15,4257,2,1,0,3,2,0,0.0,1,1.1198755026696938,3,0,259,0,2023.0,1.0
58,2,41996,52,2461,3,3,4,3,1,0,0.9984059511158342,2,4.307015481023273,1,3,173,1,,
22,2,62845,14,1896,3,4,2,1,3,0,1.0,0,2.6427598252170688,3,2,202,0,,
49,0,42113,30,2326,0,0,2,4,0,1,0.0,2,4.049126732715945,1,3,172,1,2023.0,1.0
64,1,53719,14,1849,0,4,2,3,2,1,0.9984059511158342,2,4.62318453599884,2,1,73,1,,
34,0,109233,42,4780,4,2,0,2,3,0,0.0,2,3.1347698458559887,3,2,5,0,,
21,1,22693,29,609,3,3,1,1,3,2,0.9984059511158342,1,3.408090037134773,3,0,276,0,,
25,0,57695,45,2704,1,0,3,4,2,0,0.9984059511158342,2,4.281341911300833,3,1,230,0,,
63,0,119276,15,2612,1,3,2,3,3,2,0.9984059511158342,1,3.2270914064326,0,3,58,1,,
57,2,113562,68,3394,4,1,3,4,2,2,1.0,1,4.794850731022943,0,2,84,0,2023.0,1.0
33,1,33435,28,4974,2,3,3,3,0,0,0.0,0,2.762824384723047,0,0,155,1,,
58,1,20908,18,4121,2,3,1,3,1,0,1.0,0,2.269680474064681,3,2,285,1,,
65,0,90515,15,1664,3,1,3,1,3,0,0.9984059511158342,1,3.660978201735504,2,1,7,0,,
45,2,102016,52,1478,4,4,4,2,0,2,0.9984059511158342,2,2.3450324565704785,2,2,254,1,2023.0,1.0
58,0,107231,58,4335,4,4,4,3,0,0,0.0,0,3.461378787569864,0,3,121,0,,
45,2,66211,22,1006,0,4,0,2,1,2,0.0,2,1.527452694479197,0,2,130,0,,
28,0,103529,37,2035,1,1,2,2,2,2,2.0,2,4.580661501724896,2,0,28,1,,
46,0,103576,17,1420,2,3,0,1,3,1,0.0,1,3.9707542146182826,1,0,278,0,2023.0,1.0
51,1,102015,56,185,3,0,1,0,1,0,0.9984059511158342,1,2.188858852161382,2,0,285,0,,
55,1,84648,67,4947,1,2,1,4,0,2,1.0,1,3.214813258878956,0,2,194,1,,
56,1,87638,34,3202,3,2,2,3,3,2,1.0,0,3.833326292584607,1,0,142,1,,
28,1,34035,8,936,4,4,1,0,1,2,1.0,1,3.458333094646732,1,1,27,1,,
18,2,112535,89,1253,0,2,2,0,3,0,0.0,1,4.1208335264922304,3,3,281,1,,
53,0,44815,52,463,3,1,4,1,0,2,0.0,2,4.368940494553246,3,3,99,0,,
31,1,106928,96,4173,1,3,0,4,0,1,0.9984059511158342,0,2.9935356539228537,0,1,25,1,,
32,2,42414,30,3165,0,2,3,0,1,1,0.9984059511158342,2,1.9800620616464453,0,3,203,1,2023.0,1.0
50,1,95587,9,3248,4,2,3,2,2,0,2.0,1,2.338884103832453,0,2,105,1,,
24,1,118343,43,1427,1,4,2,3,1,2,2.0,2,2.38774689950402,3,0,36,0,2023.0,1.0
37,2,32906,10,3759,0,3,4,3,3,0,2.0,0,4.4386879792920055,3,3,245,0,2023.0,1.0
58,1,101943,61,3023,2,4,4,0,0,0,0.9984059511158342,0,1.6198881521902204,2,1,231,0,,
37,1,106839,13,2326,3,4,0,2,0,1,0.0,2,1.707101749749015,1,2,215,1,2023.0,1.0
52,2,114835,78,4307,3,1,4,3,0,1,0.0,1,2.0688450688611804,1,1,139,1,,
59,0,34635,86,3516,0,1,1,1,1,0,0.0,2,4.774352278330124,3,0,104,0,2023.0,1.0
57,1,108267,38,4834,0,3,4,2,0,0,2.0,0,4.326112132733599,0,1,246,1,,
67,1,111760,81,3925,3,0,1,0,1,0,1.0,1,1.7025987432201437,1,1,85,0,,
51,0,72805,70,3697,0,3,4,4,2,1,1.0,1,1.2316089966796246,0,0,106,1,,
62,1,64989,21,4880,1,3,0,0,0,0,2.0,0,3.996030707097932,2,2,194,0,2023.0,1.0
54,1,99322,30,1394,1,2,3,4,1,2,0.9984059511158342,2,2.9089574705299555,2,1,5,1,,
47,0,69613,34,1415,2,4,1,1,2,2,2.0,2,2.6899735279547894,1,0,13,0,,
49,2,65371,14,3620,1,4,0,4,0,0,0.9984059511158342,2,3.03104734505309,0,1,136,0,,
69,1,56575,60,2300,2,0,2,1,3,2,0.9984059511158342,0,4.072975879895068,0,3,273,0,,
49,1,51815,64,1856,2,3,0,0,3,2,1.0,1,1.2770819041006498,0,3,123,1,,
44,0,111627,6,945,2,4,2,0,3,0,0.0,0,2.829149033778168,2,1,228,1,,
36,2,118848,15,714,4,3,3,1,0,2,2.0,0,4.865146511141505,2,0,260,0,,
42,1,75833,94,2705,1,0,2,3,2,2,0.9984059511158342,1,3.3956198330410428,2,1,5,1,,
66,0,51510,84,1281,3,3,2,4,2,2,2.0,0,3.4236909437140106,2,3,107,1,,
52,0,78541,37,3832,0,2,4,2,3,2,1.0,0,4.513814929414464,2,1,281,0,2023.0,1.0
41,0,100205,85,3027,2,1,0,1,3,0,2.0,1,3.34461673265786,3,2,169,1,,
39,1,60002,3,1921,3,4,4,1,2,0,0.9984059511158342,0,4.1607424732159455,3,2,155,1,,
25,0,41038,72,4991,0,3,3,2,1,2,0.9984059511158342,1,2.926023973494889,2,0,46,0,,
22,1,89072,56,2575,0,2,0,1,1,2,0.0,2,2.347702800980228,1,2,11,1,,
48,2,91939,61,4778,1,2,1,2,2,0,0.0,1,1.3883737776391265,1,1,58,1,2023.0,1.0
68,2,67003,23,1029,3,0,3,4,3,0,2.0,2,1.3681147423574402,3,2,16,0,,
36,0,65924,28,4474,2,2,1,3,3,1,0.9984059511158342,2,2.052857452495281,1,2,21,1,,
22,1,103030,40,4121,0,3,0,3,3,2,1.0,0,1.3658134566882594,2,1,189,0,2023.0,1.0
52,1,42211,96,1426,0,1,0,2,0,2,0.9984059511158342,2,2.266399945391419,1,3,107,0,2023.0,1.0
31,1,116172,89,2114,2,0,2,0,1,0,1.0,2,4.126762018643481,3,0,244,0,,
69,0,76768,63,2559,2,2,2,2,3,2,1.0,2,3.929943755824635,0,3,192,1,,
36,0,46855,45,3742,0,1,1,0,2,0,0.0,2,1.4557510816920272,3,3,76,0,2023.0,1.0
34,1,65320,54,644,3,3,3,3,1,0,1.0,0,4.26797695436796,1,3,157,1,2023.0,1.0
21,1,109622,40,3560,1,2,3,3,3,1,2.0,2,1.1167083472633537,1,2,6,0,,
60,2,102971,50,949,0,3,1,2,3,2,1.0,2,4.916071670009018,3,2,217,0,,
45,0,91835,79,925,2,4,0,3,3,0,2.0,2,2.2564745936602426,2,1,113,1,2023.0,1.0
68,1,97085,46,1666,0,3,1,2,2,0,0.9984059511158342,0,4.114601966912503,1,2,169,0,,
57,2,88684,35,2662,3,4,2,1,0,1,0.9984059511158342,0,4.120039548971901,1,1,15,0,,
42,1,69492,26,635,1,2,1,2,1,0,1.0,1,3.7072383508936895,1,2,66,1,,
62,1,82157,40,3817,0,3,0,1,1,1,0.0,1,4.3402285463352825,3,3,283,1,,
19,0,72948,18,2120,0,2,0,0,2,0,2.0,1,3.936853651305225,0,0,240,0,,
60,0,53357,68,2740,4,4,0,1,3,0,2.0,1,4.751710149351962,2,2,65,1,,
20,1,52535,41,256,1,1,1,0,3,0,1.0,0,2.118894516667032,3,3,256,1,,
31,0,54609,24,3824,3,2,2,2,1,0,0.0,0,2.6376713050817298,2,3,80,0,,
27,1,29117,93,2583,2,1,4,3,2,0,2.0,1,2.4334790470487206,2,0,164,0,,
18,1,22093,26,553,1,2,1,1,0,0,0.0,1,1.9810608563920868,2,1,173,1,2023.0,1.0
39,1,72234,25,539,2,4,4,2,2,2,1.0,2,1.0110260439901726,1,0,18,1,,
54,1,48715,19,3072,2,0,2,1,3,2,0.0,1,4.830454016495102,2,3,188,0,,
27,2,29308,7,4978,2,0,2,2,0,0,0.9984059511158342,0,2.955223022476543,1,3,169,0,,
46,1,80313,8,1350,1,2,4,3,0,2,0.9984059511158342,0,4.841963789702364,2,2,55,1,,
18,1,28050,38,3709,2,3,2,1,2,2,0.9984059511158342,1,3.140208816358966,0,1,5,0,,
60,2,78051,67,3532,0,2,0,3,0,2,1.0,2,1.8549545862199244,3,2,125,0,,
51,2,102665,3,3567,0,0,1,0,1,2,0.0,2,3.5777302235363404,3,2,289,0,,
26,0,21885,89,652,4,1,1,0,0,2,2.0,1,1.2531867405793982,1,0,100,1,,
62,1,77141,79,4013,3,2,4,2,0,0,2.0,0,4.723288962627473,0,0,226,1,,
67,2,111324,54,2469,2,1,3,1,0,2,0.0,2,3.620024852065602,3,2,75,1,,
37,0,73806,68,2636,2,0,1,0,0,2,2.0,2,4.466318332425852,0,0,34,1,2023.0,1.0
21,0,71030,13,2843,3,1,2,4,0,1,1.0,1,2.1670978925925426,0,2,259,1,2023.0,1.0
60,2,104118,8,1754,0,1,2,0,3,2,0.0,2,4.687750503897393,1,1,128,1,,
22,1,27549,38,969,0,2,3,3,3,2,0.0,2,3.4749582801360472,3,3,234,0,,
59,1,60731,74,1942,0,3,4,4,1,1,0.9984059511158342,0,2.424908381656589,3,3,159,1,,
38,0,117317,82,2052,2,0,2,4,2,1,1.0,0,1.721275869119696,2,1,278,1,2023.0,1.0
49,1,107744,82,3704,3,0,1,0,1,2,1.0,2,4.058523255879111,2,0,120,0,2023.0,1.0
39,1,29834,74,4428,1,0,1,4,2,2,1.0,2,2.0143217692766333,3,3,127,1,,
40,0,32121,64,2930,4,3,4,3,1,0,1.0,0,1.7540484192493682,2,1,58,1,,
18,0,116952,48,4796,2,4,2,1,2,0,2.0,2,2.9690346623512114,1,3,209,1,2023.0,1.0
27,0,80523,21,930,2,2,3,2,3,2,1.0,2,2.1225500578742875,0,3,138,1,,
47,0,44278,62,2474,3,3,1,2,3,0,0.0,0,4.110116174876847,2,0,286,1,,
52,1,43645,29,3626,4,1,4,3,0,0,0.0,2,1.4145547627794577,0,1,274,0,,
46,0,36473,63,3105,0,2,1,4,2,2,0.9984059511158342,0,1.6323717949711432,3,3,91,1,,
37,0,82668,49,4674,2,3,4,1,1,0,0.0,0,1.0502402388842549,1,0,234,1,,
50,2,85941,98,2121,4,1,2,4,1,2,1.0,2,4.578621805207373,0,0,230,0,,
46,0,54840,58,745,3,1,4,4,2,2,0.9984059511158342,2,2.8495089276212338,3,1,286,0,,
66,2,46014,44,597,4,1,2,4,3,2,0.9984059511158342,0,3.626360902924211,1,3,282,0,,
31,0,46924,64,2464,1,4,0,3,0,2,2.0,1,3.611277711105024,1,0,97,1,,
38,0,47313,45,3717,4,3,0,0,1,0,2.0,1,3.6286596039524457,3,3,226,1,2023.0,1.0
43,0,29953,81,1802,3,1,2,4,0,0,0.9984059511158342,0,3.876832377292501,3,0,84,1,2023.0,1.0
55,0,46325,74,4245,4,2,0,2,0,1,2.0,2,1.8657520057230408,1,2,90,1,,
40,0,55343,30,563,1,1,3,1,3,0,1.0,2,1.895324307764855,3,2,291,0,,
19,1,40874,82,2630,0,2,0,1,1,0,0.0,1,2.0608942637700296,3,3,199,1,,
31,0,95752,36,1523,2,0,1,1,0,0,1.0,1,1.101487573945198,1,2,35,0,,
29,0,57177,90,2087,4,2,4,4,3,0,0.9984059511158342,1,3.6295669722089703,0,1,52,0,,
30,0,85532,86,3363,4,3,0,4,3,0,0.0,2,3.723611260382332,0,3,198,0,,
32,1,98946,32,1407,1,4,0,0,1,2,2.0,2,2.710269671224584,2,1,216,1,2023.0,1.0
60,0,58665,81,2648,2,0,4,4,0,1,1.0,0,2.431651283595227,3,3,247,0,,
56,1,84973,43,3213,1,3,3,2,0,2,2.0,2,1.1567648598386846,2,2,35,1,2023.0,1.0
64,0,106576,45,2698,4,2,3,4,2,2,0.0,0,4.259612515713416,1,0,201,1,2023.0,1.0
56,2,96060,92,4935,0,2,1,0,3,2,0.9984059511158342,0,1.138694407123069,0,2,52,0,,
65,1,81836,47,4033,1,2,3,2,1,2,2.0,0,4.794607066373908,3,2,132,1,,
52,1,89110,72,566,3,4,4,1,0,2,0.9984059511158342,1,4.799414828496786,3,0,241,1,,
54,1,64871,10,4906,1,4,1,0,2,0,1.0,1,3.26925589031636,0,1,289,1,,
39,0,86046,17,1605,1,2,3,2,0,0,0.0,0,3.8349970630484087,1,2,172,0,2023.0,1.0
69,1,79768,38,3142,4,1,4,1,1,0,1.0,0,4.689026993413959,3,2,142,1,2023.0,1.0
29,2,57271,22,188,4,3,0,2,2,2,1.0,2,2.71089449689246,3,2,98,0,,
51,1,92322,86,1465,0,1,0,2,2,2,2.0,0,3.389429325103976,1,1,46,1,2023.0,1.0
49,1,114712,21,3610,2,1,4,3,2,0,1.0,0,3.732894874399709,2,0,99,0,,
51,1,26907,54,1976,2,2,3,2,0,0,0.9984059511158342,1,2.4467519330511798,0,0,244,0,,
61,2,55421,51,1851,0,2,1,0,3,2,0.0,0,3.4425953965109426,2,3,284,0,,
43,1,81748,4,322,3,1,1,1,2,2,0.9984059511158342,1,1.352113508591227,0,3,136,1,,
39,1,102799,64,3088,2,3,0,2,2,0,0.9984059511158342,0,3.368445766447852,3,2,254,1,,
27,2,90153,30,3926,4,1,0,0,1,2,0.9984059511158342,1,1.919991310682314,2,2,13,1,2023.0,1.0
21,2,42923,86,3821,2,0,2,0,1,1,1.0,2,2.2466744074040945,1,0,163,0,,
27,2,67006,76,541,3,4,4,2,0,1,1.0,2,2.1933103524840574,2,0,90,0,,
31,1,101701,75,2674,3,4,3,2,1,0,2.0,1,3.7450094786544894,3,3,78,0,,
19,2,42391,27,4454,3,1,0,0,0,0,1.0,0,2.5919091264526832,2,0,218,0,,
33,0,107342,57,3684,2,1,2,4,3,0,1.0,1,1.290492796399858,3,1,80,0,,
22,1,104860,50,4497,4,1,4,2,1,0,0.0,2,1.3349866093982403,2,2,35,1,,
23,1,29290,79,3919,4,3,2,2,2,0,1.0,0,4.168477530768137,0,3,51,1,,
34,0,50279,57,4884,2,4,0,0,0,1,2.0,1,2.707865317306606,2,1,112,1,,
32,1,27498,6,3546,3,3,0,4,0,0,0.9984059511158342,0,3.374206593595551,3,3,72,1,,
47,1,106105,11,4499,0,4,3,1,1,0,2.0,0,3.4922910687648687,2,0,298,1,,
54,0,31278,15,3629,3,4,1,4,1,1,1.0,2,1.5607416754042345,3,2,203,1,,
69,0,97924,66,2828,1,4,2,1,2,2,1.0,2,4.271347635577314,1,0,244,1,2023.0,1.0
36,2,54263,46,4626,4,0,0,1,1,2,1.0,0,3.705876177620184,1,3,239,0,2023.0,1.0
51,2,78847,79,1420,0,2,2,3,1,2,0.0,1,1.266954591550852,3,1,295,1,,
58,1,106089,87,1756,0,3,3,4,1,1,2.0,0,4.064802531031381,1,2,251,1,,
50,2,117869,48,3553,2,3,4,0,2,0,0.0,1,2.430274763873676,0,2,185,0,2023.0,1.0
18,2,77801,22,3240,2,2,4,3,0,0,0.0,0,1.5139236463633337,2,2,100,0,,
40,1,53617,85,2811,0,3,0,1,3,2,0.0,0,3.671915366556709,1,1,37,1,,
20,1,107687,44,1317,4,1,0,3,3,0,0.0,0,4.461133840906253,2,2,152,1,,
46,2,110415,62,1139,2,1,0,3,2,2,1.0,2,4.186850366272527,1,2,160,0,,
26,0,96054,70,1632,1,0,2,3,3,1,2.0,2,3.450376698661495,2,0,120,0,,
50,0,100903,22,2481,0,3,1,2,0,2,1.0,1,3.892100413082804,3,2,29,0,,
38,1,59994,91,353,1,2,3,1,2,1,0.9984059511158342,0,2.747170452210485,3,0,49,1,2023.0,1.0
33,1,83797,27,4893,3,4,1,4,1,0,0.9984059511158342,0,1.0999591983933643,3,0,296,0,,
38,1,47278,66,3704,1,1,1,1,3,0,2.0,1,4.626054566116621,1,1,21,0,2023.0,1.0
19,1,35831,50,1694,0,4,2,1,3,2,2.0,0,4.050040096547452,2,0,27,0,,
42,2,57909,43,1803,0,3,4,1,2,2,2.0,1,2.01815549955581,0,2,232,1,,
42,0,119767,58,873,4,4,2,0,2,1,2.0,2,3.692393895555833,3,2,125,1,2023.0,1.0
19,0,93277,26,4787,3,1,3,4,2,0,1.0,2,2.489094492548895,1,1,246,1,,
30,0,56787,92,4979,1,0,3,1,1,1,2.0,1,1.9500838339126965,0,2,39,0,,
55,0,118613,37,4703,4,2,1,2,2,0,2.0,0,3.4654184594423225,1,1,203,1,,
29,2,97922,42,4638,2,1,1,2,2,2,0.0,2,4.87764468427234,3,2,174,0,2023.0,1.0
65,0,69810,8,3410,1,3,4,1,2,0,2.0,0,4.099572807863557,1,2,215,0,2023.0,1.0
23,0,51323,80,3758,0,1,4,3,2,0,1.0,2,1.0715389683471712,1,2,57,0,2023.0,1.0
43,2,20296,21,1185,0,1,2,4,3,2,1.0,0,2.8029865618372947,3,0,216,0,,
41,1,50482,6,3724,0,1,3,0,2,2,1.0,2,4.561073753168944,2,0,183,1,2023.0,1.0
66,2,71550,34,1573,3,4,3,4,0,2,0.0,2,4.803987228519103,0,1,147,0,,
24,0,111384,9,4041,0,4,2,3,3,2,2.0,0,1.861308578904914,2,1,241,1,,
37,0,89134,44,4425,4,3,0,0,2,2,0.9984059511158342,0,4.121866009020371,0,2,277,1,,
66,1,59426,71,4758,3,3,4,2,2,1,1.0,2,2.700171059087328,0,1,131,0,,
26,1,91325,20,4501,4,0,3,2,0,2,2.0,0,1.048611402173361,3,0,108,0,,
68,0,94877,90,259,2,0,2,3,2,2,1.0,1,3.255697256402593,3,2,235,0,2023.0,1.0
31,1,116894,44,4002,0,3,0,1,3,0,1.0,1,4.359616784302261,1,2,166,1,,
28,0,109723,84,524,1,3,0,2,2,2,2.0,2,2.5972150975754067,2,0,267,0,,
63,0,114296,50,1653,0,1,2,4,1,0,0.0,2,3.148494745552111,2,2,224,1,2023.0,1.0
66,2,26840,18,2174,2,3,2,2,1,0,0.0,2,2.645391691935156,3,1,163,0,,
18,0,76387,68,3259,4,3,4,3,1,2,2.0,1,1.811559622116904,2,0,165,1,2023.0,1.0
42,2,66053,22,4989,3,0,2,4,3,1,0.9984059511158342,2,1.1856463946920432,0,0,162,0,,
38,0,32239,76,2106,0,4,2,0,0,0,2.0,1,2.208124379928523,2,0,115,0,,
35,1,63021,14,4471,3,1,3,0,1,2,1.0,0,3.259633579439349,3,3,48,0,,
38,1,66433,99,2758,0,0,2,4,0,2,2.0,0,2.7129286302653464,2,3,20,1,,
40,1,75842,8,821,0,1,2,3,2,1,1.0,2,3.899327426829663,0,3,221,0,,
35,0,21778,50,411,4,4,3,2,0,2,0.9984059511158342,0,1.857842065519588,0,2,95,1,,
21,1,118231,13,3326,4,2,2,3,1,0,2.0,1,4.944749699030317,2,2,82,0,,
18,1,57136,94,4082,2,1,2,3,2,2,2.0,2,2.067083281353795,1,2,200,1,,
54,0,103391,64,2507,1,2,2,1,1,0,1.0,2,2.89657502412714,2,1,89,1,,
32,0,26655,42,1580,2,3,4,4,0,2,2.0,1,2.3407484058593373,2,2,132,0,,
25,0,49072,59,1637,1,1,2,2,1,2,0.0,1,3.921707810125587,2,3,109,0,,
63,1,36363,5,3117,4,2,2,0,1,0,1.0,0,3.948405228227347,3,2,107,0,2023.0,1.0
35,0,49158,87,3837,2,3,1,0,1,0,2.0,1,4.146099857580282,3,0,186,0,,
53,2,56519,65,2931,3,4,1,0,0,1,2.0,1,3.186233488327096,0,1,15,1,,
45,0,119644,10,4369,0,2,2,4,2,1,0.0,1,1.7749346354525684,2,1,77,0,,
31,2,113668,25,2721,2,4,4,0,1,2,1.0,2,1.6868945344499815,0,1,109,1,,
51,2,46707,75,4503,4,4,2,1,1,1,1.0,1,2.2993639726259136,3,1,11,1,,
35,0,28625,10,846,1,3,2,1,3,0,0.9984059511158342,2,4.407349479407552,0,1,178,1,,
28,0,100249,27,2066,1,0,0,0,0,2,0.9984059511158342,0,2.6842964559064657,2,1,249,0,,
68,1,72979,29,1449,1,2,3,2,2,0,2.0,1,4.9259292324931,1,1,284,0,,
62,1,90283,43,3370,0,2,3,4,1,1,2.0,2,3.369850104737309,2,0,210,1,,
52,0,100770,55,257,2,1,3,0,1,2,0.9984059511158342,0,2.3172013426081843,2,3,169,1,,
19,1,93545,5,1094,4,1,2,3,2,2,0.9984059511158342,2,4.373452386665262,2,0,253,0,,
69,1,26047,24,2320,2,0,4,0,1,2,2.0,0,1.233671585681943,2,2,104,1,,
19,0,106593,89,4357,2,1,1,0,2,1,0.0,1,2.08611430273084,3,2,80,0,,
18,0,60077,33,4331,2,2,0,0,0,0,0.0,0,4.4827296141547714,3,0,290,0,,
54,2,49480,71,2817,3,2,3,4,0,2,0.0,1,4.606662988222399,0,3,205,1,,
38,2,63158,67,1634,0,0,4,4,1,0,2.0,0,3.7441864972422887,0,0,226,0,2023.0,1.0
34,1,52470,17,157,0,3,4,2,1,2,0.9984059511158342,1,2.3491375057046704,1,1,69,1,,
62,0,36997,87,122,3,1,3,1,1,0,0.9984059511158342,2,4.991372511534319,0,1,8,1,,
25,0,89519,50,1945,3,1,4,1,3,0,1.0,1,4.510712665358772,2,2,72,1,,
60,1,21626,90,1481,2,4,1,1,2,2,2.0,2,1.5448798583322048,0,0,124,0,,
65,0,20306,25,459,2,1,3,0,0,2,1.0,2,1.437433985579012,0,0,182,1,,
51,0,47610,14,3591,0,2,1,0,3,0,2.0,0,3.238199708525169,3,2,53,1,,
22,0,65650,16,3021,4,2,3,0,2,1,0.0,1,1.71494865284869,1,3,155,0,,
36,1,80522,49,3721,4,1,3,0,2,1,1.0,1,1.7210468074011498,3,1,33,1,,
30,1,73024,69,4612,4,1,4,2,2,1,0.0,0,2.1152855925061544,3,3,93,0,,
23,2,70665,17,2851,4,4,1,1,1,0,1.0,0,2.80692303142686,0,1,281,0,,
62,1,70949,27,2406,4,0,2,2,1,1,1.0,0,4.489550244851968,0,3,189,1,2023.0,1.0
41,0,24027,31,4372,4,4,3,0,3,0,0.0,2,3.655717953148652,3,2,169,0,,
22,2,109196,67,720,4,2,4,1,1,2,2.0,0,4.709699974259784,1,3,18,0,2023.0,1.0
67,1,81768,18,670,3,3,2,2,0,0,2.0,2,2.726029374641304,2,1,96,1,2023.0,1.0
67,0,62597,72,1847,3,1,0,2,2,2,0.9984059511158342,1,3.9571425024284834,2,3,285,1,,
47,2,88447,95,1536,0,0,2,3,0,2,1.0,1,2.9298009423156928,3,3,228,1,,
63,1,100722,23,3193,4,2,2,2,2,0,0.9984059511158342,1,1.8565630564038744,2,1,167,0,2023.0,1.0
19,1,44647,82,3419,0,2,4,0,0,0,0.0,2,1.579529048357617,1,2,263,1,,
69,1,83138,72,2920,2,4,4,1,3,2,1.0,0,3.124415917266919,3,0,16,0,,
57,2,27111,19,2767,1,1,1,2,1,2,2.0,0,2.628260124029117,3,2,265,0,,
21,2,42320,95,3896,1,1,0,2,3,0,2.0,0,3.7773923399418368,3,2,188,1,,
25,1,89803,74,137,3,3,3,4,3,0,0.0,0,2.084019899186727,2,0,54,1,,
33,0,55577,31,4676,3,2,0,3,1,0,1.0,2,1.6563995833600562,3,0,205,0,,
49,0,83197,63,483,3,3,0,4,0,1,1.0,0,3.605433132347261,2,2,217,1,,
20,0,83688,35,4052,0,2,3,0,0,0,0.0,0,2.2536005341314387,0,2,260,0,,
58,1,27548,23,3682,1,4,1,0,3,2,0.9984059511158342,1,3.446458787829521,2,0,119,1,,
43,2,94142,97,711,2,4,2,0,3,0,2.0,2,4.8828777608429625,2,3,45,0,2023.0,1.0
45,1,69323,94,4591,4,4,2,3,0,2,0.0,1,3.019187905912138,3,0,250,1,2023.0,1.0
21,0,39323,40,1621,0,0,3,1,2,2,0.0,2,4.336668461300843,2,3,125,1,2023.0,1.0
48,0,24676,2,1041,2,0,0,3,1,1,2.0,1,3.0297576487973705,2,0,59,1,2023.0,1.0
34,0,105389,61,2107,3,1,1,2,2,1,2.0,1,4.96937876123596,0,3,225,1,2023.0,1.0
60,0,28176,3,4770,1,1,2,3,2,2,2.0,2,4.433347918799665,3,3,143,0,,
25,1,68135,95,493,1,0,2,3,0,2,2.0,1,2.3653654433360467,0,3,257,1,2023.0,1.0
54,0,39340,77,4391,1,4,4,3,3,2,0.0,1,1.789920662346598,3,1,224,0,2023.0,1.0
28,1,72181,97,4167,4,4,3,3,3,2,1.0,1,4.324890326954997,0,1,219,1,,
53,1,75200,88,686,0,1,2,4,1,2,1.0,0,4.6946775293518,2,3,297,1,,
59,0,25695,31,1863,2,3,4,0,3,2,0.9984059511158342,0,3.512261613323234,3,1,17,1,2023.0,1.0
27,1,31173,45,3756,1,4,0,3,1,2,0.9984059511158342,2,3.4203600370768306,2,0,174,1,,
68,1,84666,97,4312,1,1,3,0,3,0,0.9984059511158342,0,1.1506653206557913,0,1,296,0,,
60,0,71667,6,3136,1,1,1,2,3,0,1.0,2,2.3779645985743305,2,3,35,1,2023.0,1.0
68,1,86062,58,677,0,4,2,1,0,0,1.0,2,4.88893546302371,2,0,286,1,,
30,1,28254,82,3804,0,3,2,2,1,2,2.0,2,1.4646162325873897,0,0,20,0,,
49,0,83291,76,488,2,2,4,2,1,0,0.9984059511158342,0,4.913986388210174,0,3,296,0,2023.0,1.0
37,1,21919,82,3966,1,2,3,0,3,0,0.9984059511158342,2,2.295106971960584,2,0,105,1,,
25,1,20908,21,3172,3,4,0,4,0,1,1.0,2,1.0066518620678693,1,3,233,0,,
19,1,86258,56,4237,4,3,3,2,2,0,2.0,1,3.398978330804404,1,3,144,0,,
54,0,112944,85,963,4,4,3,3,2,2,0.0,1,4.2125379702231465,1,0,282,0,,
28,1,43246,89,1460,3,3,1,4,3,1,2.0,0,3.096457156886808,2,0,194,1,,
68,0,31322,76,4153,2,1,3,2,0,0,0.9984059511158342,2,2.191533452892501,2,0,79,1,2023.0,1.0
27,0,60642,23,964,4,3,1,2,3,2,1.0,0,4.358597568060661,2,3,290,1,,
56,2,21652,23,3522,0,2,1,1,2,2,0.9984059511158342,1,2.005289031275104,1,2,206,1,,
24,2,43930,4,4600,2,2,3,0,0,0,2.0,2,2.796269131653736,2,3,184,1,2023.0,1.0
39,1,44976,3,3152,1,3,1,3,1,0,2.0,0,3.0037770054821533,1,1,147,0,2023.0,1.0
29,0,82821,19,1357,0,0,0,2,3,2,0.0,1,2.084451516016779,2,2,172,0,,
25,1,82170,2,358,0,1,1,0,3,2,0.9984059511158342,1,2.593231996371455,3,2,284,0,,
64,0,95726,63,2306,1,2,3,2,3,0,1.0,0,1.7512963129755454,3,2,56,0,2023.0,1.0
61,2,47657,3,3178,4,1,4,0,1,0,0.9984059511158342,2,2.044590487180008,2,2,83,1,2023.0,1.0
29,1,111594,57,3994,0,0,2,4,0,2,0.9984059511158342,1,4.302162302558523,1,2,258,1,2023.0,1.0
45,0,58278,45,3530,2,2,2,1,3,0,0.0,0,2.939604746500041,2,3,35,0,,
26,0,47690,82,3209,4,3,3,3,3,2,0.9984059511158342,1,3.7620203699489023,2,2,68,0,,
57,0,80598,28,4916,4,3,1,0,1,0,0.9984059511158342,2,4.82130601563448,3,2,250,1,,
32,1,55050,15,1343,3,3,0,4,3,2,2.0,1,4.380775055867229,2,0,168,1,2023.0,1.0
49,0,89863,69,4279,1,0,1,3,1,2,0.0,2,3.55791984385351,0,1,5,1,2023.0,1.0
46,1,65213,89,1072,0,2,0,3,3,2,1.0,2,4.711516094507553,0,3,155,0,,
49,0,113556,49,4229,0,1,4,0,3,1,2.0,2,1.1534597854563031,3,3,60,0,,
34,1,60160,34,3301,1,1,2,0,3,1,0.9984059511158342,1,4.075970120968943,3,2,36,1,,
21,2,37158,64,1588,4,3,4,1,1,0,1.0,1,2.46881630736464,0,0,161,0,,
54,2,114003,94,4252,1,4,3,3,0,1,0.0,1,4.289145965906866,2,0,168,0,,
52,0,41767,24,4081,4,2,2,4,3,1,0.0,2,3.6749060113065126,1,3,206,1,2023.0,1.0
40,1,34318,20,1629,3,2,3,4,1,2,1.0,1,1.1500392032421964,1,2,275,1,,
46,1,77124,1,1285,4,4,1,2,3,1,0.0,0,1.8950633510592845,0,1,1,0,,
22,0,61616,7,1925,0,4,4,2,2,2,1.0,0,2.2246767294661085,0,2,233,0,2023.0,1.0
56,2,57085,5,4726,4,1,4,4,1,1,0.9984059511158342,0,1.779301425188958,3,3,31,0,,
25,1,68282,34,2033,1,3,3,0,1,2,1.0,2,3.716730123200055,3,2,32,1,,
20,0,23188,27,3240,1,3,2,4,2,1,0.0,1,2.395386239320405,0,3,15,1,2023.0,1.0
53,0,98943,68,3537,4,4,2,2,3,2,0.0,1,2.459835603158326,1,2,278,1,2023.0,1.0
31,2,36206,1,2673,4,4,3,2,3,1,0.0,0,1.7490892487981005,2,1,271,1,,
67,2,42257,66,3293,2,3,2,2,1,0,0.9984059511158342,0,3.274927611162428,3,2,60,0,,
59,1,70529,21,661,0,0,2,3,2,2,0.0,0,4.149689962517423,2,3,88,0,2023.0,1.0
64,0,56723,15,4650,4,3,3,4,3,2,0.9984059511158342,2,1.6094259292800812,1,2,138,0,2023.0,1.0
28,1,70064,52,2273,4,1,2,2,1,2,1.0,1,1.492770261468822,1,3,269,0,,
46,0,70672,13,4391,2,3,1,4,2,1,0.0,0,1.8521234749691715,2,1,136,1,,
60,0,80848,70,248,3,4,3,1,1,0,0.9984059511158342,2,3.4004707933608755,2,1,53,1,2023.0,1.0
39,1,30715,31,1724,2,4,1,1,3,0,1.0,0,4.190854427197134,0,3,277,0,,
31,1,63769,23,1045,1,1,0,0,1,2,0.9984059511158342,2,2.9940093801340177,1,1,193,1,,
51,2,24359,21,1572,3,4,2,1,2,2,0.0,0,2.426971988387524,1,1,69,1,,
59,0,102912,11,3784,0,2,3,3,0,0,1.0,2,2.299626455539496,2,3,90,0,2023.0,1.0
31,1,56860,24,1399,4,3,0,4,1,0,2.0,1,2.9938316464011394,0,0,91,1,,
27,2,53205,67,1633,3,1,4,0,0,0,0.0,0,4.059309096194175,1,3,92,1,,
32,0,24018,29,2426,1,4,3,3,0,0,1.0,0,2.109719277418615,2,0,213,1,,
68,1,68094,53,2665,0,3,0,4,3,0,2.0,2,3.0006229668912074,3,1,177,0,,
69,1,91486,45,3110,3,3,2,2,3,0,1.0,1,4.923252554833487,3,3,163,0,2023.0,1.0
59,2,31672,10,1748,4,4,3,3,3,0,0.9984059511158342,1,3.112958177885766,3,0,32,1,,
58,0,38676,52,3481,4,3,3,2,0,0,2.0,2,3.481194436595432,0,2,234,1,,
39,1,27637,49,896,4,2,3,2,1,2,0.9984059511158342,0,3.049951656231907,1,3,82,1,2023.0,1.0
45,0,71559,22,4452,0,4,0,3,3,2,0.0,2,1.3075445957012528,0,3,95,0,2023.0,1.0
49,1,104416,86,4857,2,3,3,3,3,2,0.0,0,2.8410942240042973,1,3,223,0,,
34,1,22124,66,1174,4,2,4,4,0,1,0.9984059511158342,2,1.2197252816985515,1,2,209,1,,
65,2,42185,62,4668,2,4,4,0,3,2,1.0,0,4.02832634295735,2,3,71,1,2023.0,1.0
26,1,48930,82,3395,2,4,1,3,2,0,0.9984059511158342,1,3.0074587305794305,0,0,105,0,,
41,1,94451,69,188,4,2,4,0,3,0,0.9984059511158342,0,2.413619132877306,0,0,190,0,,
26,1,49882,59,2261,0,4,0,4,1,2,1.0,0,2.585659484064281,2,3,18,0,,
42,0,29436,4,3027,0,1,0,2,2,0,1.0,0,1.0575199327118243,1,1,247,1,2023.0,1.0
24,1,22673,44,4311,1,4,4,1,2,2,2.0,0,4.789834655478396,1,1,162,1,,
52,1,73900,17,2071,2,3,4,3,0,0,0.0,1,3.980877633063367,2,2,297,1,2023.0,1.0
53,2,51817,85,4781,2,0,3,3,1,0,0.0,0,3.153250402313231,3,3,289,1,,
39,0,48164,68,795,0,4,3,2,3,2,1.0,2,3.6467222181911247,0,1,200,0,,
63,2,72201,25,4291,2,2,2,4,0,2,1.0,0,1.3270925932525963,0,0,115,1,,
57,0,62770,1,1336,3,0,0,3,2,0,0.0,0,1.3228097226047488,0,1,133,1,,
57,0,73811,93,4130,2,0,3,3,0,1,2.0,2,2.767553217338203,3,1,182,0,,
27,1,71369,85,1405,3,4,3,4,3,0,1.0,0,1.0404575866599637,3,0,140,1,,
37,2,58247,98,3173,3,3,4,2,0,1,0.0,0,4.8597649401541485,2,0,95,0,,
22,0,64859,17,318,1,3,3,3,1,2,2.0,2,2.9637121534212465,3,2,129,1,,
30,1,81517,2,832,3,3,3,3,0,2,1.0,0,2.3409941996250736,0,1,190,0,,
29,1,22016,84,519,2,4,3,3,2,0,1.0,0,3.025317431762427,1,1,204,1,,
58,1,43940,52,4200,1,1,3,0,3,1,0.0,0,4.68017419562791,2,0,123,1,2023.0,1.0
52,1,57305,64,1478,2,2,2,0,0,2,1.0,0,2.5956999184472056,3,0,33,0,,
39,1,57805,57,967,0,2,2,4,1,0,0.0,2,2.3223835173761413,0,2,276,1,,
40,1,64783,83,3237,4,0,3,0,1,1,0.0,0,3.459533618804396,2,2,165,1,,
19,0,42462,72,1266,3,0,0,4,2,2,0.0,0,1.278791299676973,2,3,6,1,,
62,1,82077,10,2040,4,2,4,1,0,0,2.0,1,2.697087290684682,3,1,232,0,,
52,1,54928,79,3338,1,2,4,1,0,0,1.0,0,4.021037459988947,3,1,131,1,,
49,0,97513,65,2611,1,3,2,0,1,0,1.0,1,4.253017339367467,0,1,5,0,2023.0,1.0
57,0,87593,84,1324,3,1,2,4,3,0,0.9984059511158342,0,2.913446375932736,1,1,293,1,2023.0,1.0
40,1,58428,68,2481,1,0,1,4,3,0,1.0,2,3.791602305684165,3,1,122,0,,
55,1,88126,65,1281,3,1,2,3,0,2,0.0,0,1.6559821654589726,2,2,163,1,2023.0,1.0
50,1,76174,62,2114,2,4,0,4,1,0,0.0,0,3.975484019218838,3,3,171,0,,
65,1,82820,52,4633,0,1,1,4,2,0,1.0,1,2.3121907066472267,0,1,285,1,,
37,0,95153,81,3302,1,3,2,2,3,2,1.0,0,3.660370071762435,2,0,112,0,2023.0,1.0
61,1,89835,14,1489,1,0,4,4,1,0,0.9984059511158342,0,2.3227537093369253,3,2,226,0,,
44,0,81762,55,4045,4,2,3,1,0,1,1.0,0,2.778511905999463,3,0,291,1,,
26,2,111951,3,3775,4,4,2,3,2,0,1.0,0,2.388238538983493,2,3,56,0,,
30,2,99453,66,3872,2,0,0,1,1,1,0.0,1,3.872599011377117,2,1,141,1,,
46,0,37771,77,689,2,2,2,0,3,0,0.9984059511158342,0,3.6133851757557327,3,3,16,1,2023.0,1.0
60,2,79622,4,2105,0,3,0,0,3,2,0.9984059511158342,0,3.5595889506879006,2,0,289,0,2023.0,1.0
67,0,70110,27,3125,2,2,1,3,3,0,2.0,2,3.703145396572074,0,0,3,0,,
57,1,26858,65,1909,3,4,3,1,0,2,0.0,0,3.257342379135464,1,3,247,0,,
50,1,76879,3,4133,0,1,4,3,1,2,0.0,2,3.037044194596588,0,2,90,0,,
45,0,43241,69,225,1,3,3,2,2,2,2.0,1,3.429995108477101,1,1,189,0,,
65,0,111901,8,345,4,2,1,4,3,1,2.0,0,2.485870366265486,3,0,153,1,,
43,0,77275,30,3131,4,4,4,4,1,0,1.0,2,1.9561099669075253,2,2,166,0,,
64,1,41711,92,2975,0,1,3,0,2,2,0.0,0,1.1255926761614852,0,1,254,1,2023.0,1.0
58,2,69997,62,1476,4,4,2,1,0,0,0.9984059511158342,2,1.3127623207718957,3,2,170,0,,
25,2,92219,14,4753,4,0,0,1,3,2,2.0,2,2.294669281757684,0,2,170,1,,
49,1,27045,32,390,0,3,0,1,2,2,2.0,1,4.116115537415428,0,3,175,1,,
37,0,116076,73,1154,4,3,1,3,2,1,0.9984059511158342,0,3.2365996014496705,1,2,246,1,,
50,1,37818,37,2505,0,4,0,4,0,2,0.9984059511158342,1,3.350442149577888,0,2,190,1,,
20,1,31179,86,4724,0,4,0,2,2,0,1.0,0,1.7411961575639188,1,3,254,0,2023.0,1.0
20,0,59697,48,3879,3,1,4,4,2,0,0.9984059511158342,0,4.142721505106303,3,0,31,1,,
49,0,54890,70,4187,3,4,2,1,1,0,0.0,1,3.4253305224128963,0,1,51,1,,
18,0,92534,45,219,2,3,3,3,1,2,1.0,2,2.0376272841612004,2,2,250,0,,
32,0,62749,90,3437,1,3,1,3,2,2,0.0,2,4.9347042969293975,3,3,216,0,2023.0,1.0
41,2,97034,16,4655,4,0,4,4,2,1,0.9984059511158342,2,2.4028381866822275,3,0,149,0,,
40,0,40534,89,2209,1,3,3,0,0,0,1.0,1,2.68245803785902,2,0,279,0,,
61,1,31937,24,559,3,3,1,1,0,0,0.0,2,2.4795389427562697,2,1,255,0,,
23,0,44102,29,4085,2,0,3,3,1,1,1.0,0,1.4606795773642909,0,1,3,0,,
29,0,78481,77,2214,1,3,1,3,2,2,2.0,0,2.7833173982734296,2,3,278,0,,
19,0,107273,8,4636,1,1,3,4,0,1,0.9984059511158342,0,2.5554401778590194,1,0,228,1,,
58,1,75235,95,1183,3,1,3,2,2,1,1.0,2,2.452814859493393,3,1,194,1,,
51,0,83172,5,2496,0,1,1,3,3,2,0.9984059511158342,1,4.034854475254367,2,2,161,0,2023.0,1.0
33,0,25355,75,3764,4,3,4,4,2,1,2.0,0,1.6447385471058422,0,3,173,0,,
26,2,86399,85,735,4,3,2,2,2,0,2.0,2,4.310798528387691,0,1,97,1,,
59,1,116346,46,2822,3,1,1,1,2,0,0.0,1,4.898296209265904,1,1,292,0,2023.0,1.0
51,1,101985,56,529,0,4,0,3,3,2,2.0,2,3.480054950785737,2,0,46,1,2023.0,1.0
28,0,55561,96,118,2,3,2,0,0,2,2.0,0,2.8180582142565243,0,3,93,0,,
28,1,58046,73,4323,1,4,2,1,1,0,0.0,0,3.738332497690447,2,2,191,1,2023.0,1.0
34,2,105970,94,320,2,3,4,1,0,2,1.0,2,4.022981514533587,0,2,3,0,,
47,1,45976,17,4670,2,1,3,2,1,2,1.0,2,1.0405225476998674,1,0,119,0,2023.0,1.0
23,1,111006,77,2378,4,3,3,0,0,0,0.0,1,3.65976076853836,3,2,164,0,,
66,2,37675,96,3160,3,4,3,4,2,2,0.0,2,2.875146940404361,3,1,144,0,,
41,1,88184,14,4904,4,0,0,0,1,0,1.0,1,2.041899395382012,3,0,137,1,,
40,0,118375,36,931,0,0,1,3,2,0,2.0,2,2.2182937560400764,3,1,91,1,2023.0,1.0
60,1,55794,28,682,2,2,0,0,1,2,1.0,2,2.020254389041208,0,3,103,0,,
41,2,87309,70,3040,0,0,3,4,1,0,0.9984059511158342,2,2.118263416852812,3,0,45,1,,
54,2,44312,75,3371,1,0,3,3,1,0,2.0,2,2.999672002250607,0,1,220,0,,
53,2,111815,6,697,0,1,3,2,3,1,0.0,0,3.893350933073745,3,2,29,1,,
49,0,59809,60,3586,0,0,4,4,2,0,0.9984059511158342,1,2.1951730747681792,1,0,140,1,,
68,0,22921,52,1124,2,3,1,1,1,2,2.0,0,4.60065143759865,2,0,56,0,,
57,1,86540,82,921,4,2,3,1,1,0,0.0,2,1.5834234719775626,2,2,88,0,,
61,1,48287,39,4486,0,2,3,2,0,0,2.0,1,3.837630604789964,0,1,29,1,,
42,0,84075,21,581,1,0,3,1,1,2,1.0,0,1.8882088705412348,3,3,204,1,,
58,0,105447,90,4318,0,0,2,0,2,2,0.0,0,3.209375814849198,2,0,279,1,,
39,0,63484,11,3090,4,1,4,4,3,1,1.0,1,4.006200759369879,0,3,210,0,2023.0,1.0
68,0,29470,53,2759,0,0,1,4,1,0,0.9984059511158342,0,1.2553784394587826,2,0,281,0,,
20,1,99810,32,1733,4,1,3,4,2,2,0.9984059511158342,0,3.012414011511575,1,3,125,0,,
57,0,24261,6,4653,4,3,4,4,3,1,1.0,2,4.759169638316809,2,0,29,1,,
43,0,32500,25,4008,2,2,2,0,1,1,2.0,2,2.5770523960712968,0,3,143,1,,
50,0,42821,78,1788,4,4,0,0,2,0,2.0,1,4.98253449040883,0,2,279,1,,
43,1,62623,70,4886,4,0,0,3,1,2,2.0,0,4.182736579556858,2,0,262,0,2023.0,1.0
64,2,33965,95,778,0,1,2,2,1,2,0.9984059511158342,0,2.7850979430342564,0,3,284,1,,
33,0,83115,40,3388,3,0,0,0,1,2,0.0,1,2.0674565012291874,3,2,234,1,,
36,2,24263,72,266,1,2,4,0,2,2,0.9984059511158342,0,3.1771810996305048,0,2,43,1,,
58,2,90375,74,4642,3,1,3,3,1,1,0.0,0,4.869705396804616,1,3,214,1,,
22,1,32043,87,1264,4,0,4,2,2,2,0.0,1,1.0706167610993074,2,3,153,0,,
20,1,110382,78,3492,2,2,1,1,2,1,0.9984059511158342,2,3.9233793425937806,1,0,107,0,,
28,2,26021,7,3748,2,3,4,2,3,0,0.9984059511158342,1,3.5168641764124664,1,1,107,1,,
43,1,50788,50,3474,2,2,3,2,0,0,2.0,1,1.7185039536944142,1,2,157,0,,
53,2,33866,71,1454,4,0,0,2,3,0,0.9984059511158342,0,2.954072183707728,0,1,97,0,,
30,0,31292,99,342,2,1,1,3,2,2,0.9984059511158342,1,1.5331671034031715,2,0,101,1,,
38,2,38800,62,3523,3,3,3,4,3,0,1.0,1,4.797969064723662,3,3,110,1,2023.0,1.0
25,1,37905,32,4167,3,2,2,1,1,0,0.9984059511158342,0,4.8124478739915,3,0,244,0,,
65,0,53257,16,826,0,4,3,1,3,2,0.9984059511158342,2,4.0723264515691735,0,3,96,0,,
65,0,79372,86,3733,4,2,1,4,3,1,1.0,2,2.063740325658789,2,2,205,1,,
66,2,103038,32,1395,4,4,2,4,2,2,1.0,0,2.1621235479506686,2,1,194,0,2023.0,1.0
37,0,112943,99,4406,3,3,1,4,0,2,1.0,2,3.3303555390423423,0,2,230,0,,
29,2,57710,70,2734,3,4,3,2,2,0,0.0,2,2.0666337503951064,1,2,71,0,,
67,1,119072,84,4269,3,3,4,1,0,2,0.9984059511158342,1,1.836272220427778,2,1,233,1,,
36,2,66710,37,832,2,3,2,4,3,2,1.0,0,2.492672179473574,3,0,86,1,,
29,1,20048,33,2714,2,4,4,3,1,2,1.0,1,1.820632431811214,3,0,259,0,2023.0,1.0
29,1,30315,83,242,4,2,2,4,1,0,0.0,2,4.747393924370202,3,2,274,0,2023.0,1.0
68,1,51218,23,807,1,2,1,3,1,0,0.0,0,2.507265698059209,2,1,9,0,,
31,2,90179,6,3295,1,4,2,1,2,0,0.9984059511158342,0,3.467486807862957,3,2,254,1,,
68,0,68697,21,1702,1,2,4,4,3,1,0.9984059511158342,1,4.97566398432161,2,1,154,1,2023.0,1.0
49,0,46016,57,2777,3,1,3,3,0,0,1.0,0,2.137824363149956,1,1,17,0,2023.0,1.0
26,1,32612,58,2969,1,3,1,3,0,1,0.0,1,2.7979884763062683,1,3,28,0,2023.0,1.0
35,1,28253,74,628,2,0,3,4,3,1,1.0,2,4.546748908701183,1,2,143,1,2023.0,1.0
30,1,109882,21,4242,1,1,1,0,2,0,1.0,1,1.6210273803242703,2,1,262,0,,
41,0,87546,7,1771,2,0,0,4,3,1,2.0,2,4.452752131967111,2,2,286,1,,
29,1,75728,41,2836,1,4,4,1,3,1,1.0,0,2.9054615333227645,3,2,226,0,2023.0,1.0
54,1,62120,67,3633,0,1,1,0,2,2,1.0,1,2.6791209837756944,1,2,61,1,,
32,0,66009,45,1848,3,0,4,2,0,2,0.0,1,1.711177652771089,0,2,11,1,,
37,2,28562,16,3959,4,2,3,1,3,2,0.9984059511158342,1,1.210725328727373,3,3,218,0,,
46,0,94387,99,4020,0,4,4,2,1,0,2.0,1,3.0551526675869134,0,2,64,0,,
36,2,85092,82,2580,3,1,4,3,0,0,1.0,2,2.744129070818889,3,3,128,0,,
27,1,20684,63,2415,0,1,0,3,3,0,1.0,0,2.1789762752920065,0,0,64,1,,
59,1,50565,75,3351,3,4,3,3,2,2,0.0,0,1.9137547767969827,2,2,239,0,2023.0,1.0
51,0,52099,82,4051,1,2,0,1,3,0,0.9984059511158342,2,3.4828259962454817,2,1,283,0,2023.0,1.0
37,0,30778,86,1432,3,4,1,0,2,0,2.0,1,4.618843682256662,1,0,201,0,,
52,2,113167,57,4152,4,4,2,2,1,2,0.9984059511158342,2,4.049733826108394,0,3,86,1,,
24,0,29522,39,746,4,3,2,4,2,2,0.9984059511158342,1,3.804946067078237,2,3,295,0,2023.0,1.0
68,2,88304,28,2150,2,1,2,2,2,0,2.0,1,2.8608254381877383,1,0,61,0,,
24,1,114024,24,1000,1,0,0,2,1,2,1.0,2,1.2539054670419896,1,2,154,0,,
59,2,98497,53,2649,2,3,3,2,2,0,0.9984059511158342,2,4.740492088588449,1,1,144,1,,
58,1,113826,87,4360,1,3,0,4,3,2,2.0,1,3.0511600181994143,1,0,119,1,,
39,0,109521,24,3378,4,4,4,4,0,2,1.0,1,4.628689256131048,3,0,202,1,,
38,0,47898,79,3440,0,3,1,3,3,0,2.0,1,3.8301818210875536,0,1,202,0,2023.0,1.0
69,0,85408,63,4936,1,3,0,4,3,2,0.0,0,1.978996096010092,3,3,93,0,,
19,1,50540,31,1909,1,1,3,2,1,0,0.9984059511158342,1,2.3856159307742533,1,2,112,0,,
31,1,36427,48,2165,4,3,2,3,0,0,0.9984059511158342,1,3.898524523450493,2,2,215,1,2023.0,1.0
22,0,42072,89,2837,0,0,1,0,3,0,2.0,2,2.963179482016467,3,0,121,1,2023.0,1.0
65,1,45651,92,1010,1,3,1,0,1,2,0.0,2,1.9235954582876704,1,3,101,1,2023.0,1.0
44,0,26704,71,4439,1,2,1,4,0,2,0.9984059511158342,2,3.057941757658724,0,2,60,1,2023.0,1.0
32,1,33733,20,301,1,4,3,1,0,0,0.9984059511158342,0,1.814120968348237,2,2,188,1,2023.0,1.0
39,1,95899,96,4135,0,4,2,3,2,1,2.0,2,3.99665784154876,1,3,239,0,,
32,0,116099,42,913,2,3,1,0,3,1,2.0,2,2.761397456240787,3,0,180,0,,
64,1,31055,97,4546,0,0,2,1,1,0,0.9984059511158342,1,2.776816342021581,3,1,216,1,,
34,0,91695,73,4953,1,1,4,3,1,0,0.0,2,4.839324579363439,2,2,26,1,,
31,2,91437,99,2426,2,0,1,2,3,0,1.0,0,3.06156578287176,3,3,182,0,,
40,1,102636,76,897,3,4,3,1,1,2,1.0,0,3.0317117309396893,3,0,69,1,,
57,0,97798,58,3210,4,2,0,3,2,0,0.0,1,1.700303928542361,0,3,240,0,,
21,0,111654,75,2228,2,4,4,2,0,0,0.0,2,3.302759460033975,1,1,221,0,2023.0,1.0
19,0,37290,3,4242,3,4,4,4,3,0,2.0,2,2.306076022890171,0,0,152,1,2023.0,1.0
24,1,33672,65,2057,1,1,4,4,1,2,0.9984059511158342,0,1.6046918157606838,1,1,55,1,,
47,0,34925,91,3747,3,3,2,4,1,2,0.0,1,3.18326609578714,1,3,16,1,,
53,0,89767,76,4409,4,0,0,1,2,0,0.9984059511158342,2,2.3240106170717234,1,2,176,0,,
56,0,47219,60,2609,2,4,4,0,2,0,0.9984059511158342,0,2.6526833705567645,3,0,290,0,,
26,0,31158,59,1625,3,4,2,2,3,0,2.0,2,3.6938921733820704,3,2,67,0,,
69,0,23688,98,906,1,0,2,1,3,2,1.0,2,4.149893834106228,2,0,266,0,2023.0,1.0
33,0,56818,23,2949,2,4,1,2,3,1,0.0,0,4.130258668701972,1,1,4,0,,
53,1,112693,69,3187,4,4,4,1,0,1,2.0,2,2.910144600481772,0,2,72,1,,
38,1,114218,45,1516,4,0,3,1,2,2,1.0,1,3.223782931845226,1,2,173,0,,
49,1,117035,98,3847,4,4,0,3,0,1,1.0,0,3.9920522912675103,3,2,213,0,,
49,1,64440,51,2970,4,0,4,3,3,2,2.0,1,4.617867359068892,0,1,188,1,,
29,1,83146,97,1387,2,1,2,2,1,0,1.0,1,3.219393656837161,0,2,129,1,,
28,2,33273,27,1579,4,0,0,3,2,1,1.0,1,2.010209130766954,0,3,181,1,,
66,2,40344,88,3148,0,2,3,3,2,0,2.0,2,1.9282647539282984,2,0,137,0,,
36,0,40372,87,1491,2,2,0,1,2,1,0.0,1,3.46735636366637,3,0,209,1,,
44,0,29066,10,2210,3,4,2,4,2,2,0.9984059511158342,0,1.590928385189589,1,3,85,1,,
67,1,92887,41,3436,4,3,2,2,1,1,0.0,0,1.420992943409522,1,1,175,0,,
27,0,75692,30,4033,0,0,3,2,0,0,0.9984059511158342,2,2.6418243236936334,1,2,62,0,,
63,1,48878,90,2585,3,4,1,3,3,2,1.0,1,2.625084303484766,0,1,131,0,,
26,0,22395,4,1988,4,1,0,2,2,1,2.0,0,3.32696353269405,2,0,276,1,,
24,1,59220,53,1727,4,4,3,2,3,0,2.0,1,1.041449382403608,3,2,21,1,,
49,2,41071,66,3881,1,2,4,1,0,0,0.0,1,3.600022261289995,3,3,18,1,,
63,0,23439,35,1333,1,2,1,3,1,2,0.9984059511158342,0,1.1366242975216867,2,0,45,0,2023.0,1.0
23,2,95088,52,3409,1,2,0,4,2,2,1.0,2,2.603628925607356,1,2,39,1,,
29,0,40514,92,493,1,1,4,1,0,0,0.0,2,2.660022956554552,3,1,180,0,,
19,1,51403,76,1580,3,4,3,3,2,2,0.9984059511158342,2,3.5295985176447267,2,3,76,1,2023.0,1.0
21,1,24725,29,4418,1,2,0,3,2,0,2.0,2,3.258482622749264,1,3,172,1,,
60,0,102413,62,3405,2,2,2,2,3,0,0.9984059511158342,1,1.129795432596448,3,2,227,0,,
62,1,66870,78,2681,2,0,4,3,3,1,0.0,1,1.464627246379226,1,0,24,1,2023.0,1.0
45,0,75779,65,4523,1,0,4,1,3,2,0.0,0,2.117153319991821,3,1,270,1,2023.0,1.0
54,0,36226,18,2203,2,1,4,4,0,2,0.0,0,1.6705769572390126,2,2,19,1,,
31,1,34219,19,294,2,3,2,3,3,0,0.9984059511158342,1,2.802918192984339,0,1,212,0,,
65,1,108901,2,3901,3,4,3,2,0,0,2.0,0,2.194823458258017,3,2,218,1,2023.0,1.0
37,0,102896,2,4702,4,2,3,1,1,0,2.0,1,1.2598067345887718,1,3,217,0,2023.0,1.0
67,2,46162,90,4660,0,2,0,4,0,1,0.0,2,4.142228645061429,1,2,174,0,,
41,0,50285,28,3488,1,3,2,1,1,0,2.0,2,2.5480724847594254,1,0,287,0,2023.0,1.0
42,0,111820,73,4606,4,0,2,4,0,1,0.9984059511158342,0,4.495335744967302,2,1,189,1,,
56,2,106153,22,778,0,4,0,4,0,1,0.0,0,3.001854325162133,2,3,48,1,2023.0,1.0
53,0,109314,82,2248,0,4,4,4,1,0,0.9984059511158342,0,3.626911177515845,3,1,35,0,,
34,0,74479,47,3048,3,0,0,1,3,1,2.0,1,3.485970193249953,3,3,4,1,2023.0,1.0
32,1,51876,8,1107,4,2,0,1,2,2,1.0,0,2.1088951934179536,2,1,127,1,,
20,0,88684,61,1981,1,2,0,4,2,1,1.0,0,1.53723998589096,0,3,232,0,,
52,1,90441,30,130,1,2,2,1,1,1,1.0,2,4.677475485013142,2,0,183,1,,
39,1,103397,75,1868,2,1,0,1,1,2,0.0,2,1.585632802851717,2,3,75,1,,
64,1,25212,19,4094,0,2,1,0,3,2,0.0,1,4.377370923578484,0,3,272,1,,
57,0,62311,45,4072,0,4,0,2,2,0,2.0,2,3.686448863550321,2,3,176,1,2023.0,1.0
41,1,80635,88,287,3,2,0,1,2,0,2.0,2,2.32102222923972,2,1,129,0,,
53,2,115210,16,2784,4,0,2,1,3,1,0.9984059511158342,0,2.2311963752726904,1,0,226,0,2023.0,1.0
58,1,98467,78,1049,0,3,4,4,2,2,1.0,1,2.210040923683807,3,3,181,0,,
23,1,70886,7,2136,1,2,0,3,3,2,1.0,0,1.421677704062947,3,1,161,1,,
51,1,69979,2,1335,2,1,0,4,2,2,2.0,1,2.1517503343539035,3,2,203,0,,
33,1,26615,50,3839,0,4,0,1,3,1,0.9984059511158342,0,1.2535195395326553,3,2,94,0,,
52,1,40422,86,4751,4,0,0,1,3,0,2.0,1,2.8293952198488883,3,0,284,1,,
40,0,58501,8,1227,2,1,3,1,2,1,0.0,0,2.743051168594548,1,2,183,1,2023.0,1.0
25,1,81189,57,2390,2,0,1,1,0,1,0.0,1,2.7392064847846367,3,0,167,1,,
56,1,63013,58,1340,4,1,4,4,1,0,0.9984059511158342,1,1.2612960746041408,2,0,280,1,,
41,1,27207,34,4925,3,4,3,2,2,1,0.0,2,1.2968966679719052,1,2,23,0,,
63,0,112044,42,2039,2,3,2,3,3,2,1.0,0,2.798705243844036,3,2,74,1,,
66,1,43039,48,4968,0,0,1,1,3,0,1.0,1,2.944118793835211,2,2,260,0,,
29,1,57823,66,2041,1,0,3,4,1,2,1.0,0,2.084242015513187,2,0,70,1,2023.0,1.0
66,1,24454,37,369,0,1,1,4,1,2,2.0,2,1.790732163201358,1,3,161,0,2023.0,1.0
34,1,48924,35,3519,0,4,4,3,0,0,0.0,2,1.4761517243279338,0,1,52,0,,
33,0,111788,75,2762,4,1,2,1,2,2,0.9984059511158342,0,4.220789598525066,1,0,114,1,,
53,1,66707,19,3457,3,0,2,0,1,0,0.0,2,3.0412568758287675,0,2,251,0,,
18,1,20395,67,3401,2,3,0,4,2,2,1.0,1,1.4550984962599802,3,2,137,1,,
53,1,98784,39,3222,2,2,0,1,3,2,0.9984059511158342,0,1.3994528458472677,2,1,184,1,2023.0,1.0
69,0,94034,96,2048,4,2,2,2,2,0,0.9984059511158342,0,2.991858207119144,3,2,86,1,2023.0,1.0
34,1,84094,59,1693,2,0,4,0,2,0,0.9984059511158342,2,4.570658402361091,3,2,205,0,,
56,2,83087,14,2738,0,0,3,2,3,1,2.0,0,4.152324912990713,3,1,245,1,2023.0,1.0
62,0,20824,35,1142,4,0,2,1,1,2,0.9984059511158342,1,4.3796278479833255,1,0,82,1,,
38,0,104083,2,1673,4,3,3,2,2,2,0.9984059511158342,0,2.699426403505807,2,2,249,0,,
65,0,53541,70,714,0,4,1,1,1,2,0.9984059511158342,2,4.539377721474958,2,3,12,0,2023.0,1.0
37,2,92302,95,2996,2,2,2,1,0,0,0.0,1,3.20915803499664,3,3,76,0,,
43,1,75152,9,1158,4,1,4,1,1,0,0.0,1,4.414204934945644,2,0,122,1,,
61,0,65520,42,618,1,4,1,0,1,2,0.0,0,3.052015252145037,3,2,127,1,,
28,0,40505,25,3826,3,2,4,2,2,2,1.0,1,4.74324934545554,3,1,210,1,,
49,0,27523,9,2492,1,0,0,4,3,2,1.0,2,4.825108127143745,1,0,71,0,,
22,0,50614,73,4572,4,1,4,4,3,2,0.0,2,4.41333802905574,0,0,171,1,,
23,1,81509,18,3412,3,1,3,3,3,2,0.0,2,3.085237807524583,2,1,176,0,,
23,1,51250,78,626,1,0,3,3,0,0,1.0,2,1.7307640645291165,1,2,241,1,2023.0,1.0
26,1,73251,95,2902,4,4,4,1,0,2,0.0,2,2.398758642051857,3,3,41,1,2023.0,1.0
67,1,50624,68,4737,0,0,3,2,0,2,0.9984059511158342,1,4.438969401510368,3,1,69,0,,
28,1,118412,43,3785,3,2,2,3,0,0,0.0,0,2.686550248212057,1,3,152,1,,
54,1,47453,5,1456,1,1,4,1,2,0,1.0,1,1.9969833450782328,0,3,43,1,2023.0,1.0
41,0,71458,79,2018,1,2,3,2,1,2,0.0,2,1.5456453785182798,0,3,25,0,2023.0,1.0
18,1,28271,6,3110,1,1,3,1,2,2,0.0,2,4.010057186156606,3,2,248,0,,
58,1,77600,63,1161,1,0,4,0,1,0,2.0,1,2.6813033166309337,1,1,5,1,,
53,1,89374,77,4122,3,1,2,3,0,1,0.0,1,3.924397220211192,0,3,291,1,,
21,0,37241,32,253,0,0,2,2,1,0,0.9984059511158342,2,4.19665235425607,0,2,246,0,2023.0,1.0
65,0,116771,32,1139,3,3,2,4,2,2,1.0,2,2.165487291834866,1,1,275,0,2023.0,1.0
57,0,77199,20,163,1,4,2,3,3,0,1.0,0,1.962499149081813,3,1,63,0,,
49,2,59986,78,1878,4,4,3,1,0,0,1.0,1,1.4436978204931297,3,0,195,0,,
47,0,89687,31,2495,4,0,4,0,0,0,0.0,1,3.059763084053428,2,0,269,1,,
47,2,28744,69,2422,2,3,4,3,1,2,1.0,2,2.182785291320439,1,0,206,1,,
20,1,103920,37,3814,4,0,3,2,1,2,0.0,1,3.495783981196521,1,3,28,0,,
31,0,91326,18,624,3,2,1,1,1,2,0.9984059511158342,2,1.208015183968378,1,2,141,0,2023.0,1.0
39,2,86770,77,3730,4,2,2,4,0,2,2.0,2,4.848614876256733,3,0,9,0,,
68,2,25506,46,1342,1,2,3,0,3,2,0.0,0,2.724156373527109,2,2,184,0,,
52,2,27973,5,2405,2,4,0,3,1,0,0.9984059511158342,1,3.489451032154653,3,1,151,0,,
19,0,101447,27,4817,1,4,3,4,2,2,1.0,1,2.9424487153705194,0,3,123,0,2023.0,1.0
31,0,110875,18,2402,4,2,4,1,0,1,0.9984059511158342,2,3.3243239041177834,3,1,34,0,,
35,1,27394,69,2899,3,4,2,2,1,0,2.0,1,3.754763219528854,3,1,113,0,,
26,2,53289,12,2694,0,4,0,3,0,0,0.0,0,1.239346380804653,3,1,100,1,,
45,0,65987,29,2323,4,2,1,0,0,2,0.9984059511158342,2,4.485644750328035,0,2,7,0,,
59,0,114605,42,2906,4,3,3,1,3,2,0.0,1,1.700508636584154,0,3,260,1,,
42,2,60138,50,4322,4,1,1,2,0,0,1.0,0,4.85148080797313,2,1,84,0,,
43,0,55518,19,4937,3,1,3,3,2,0,2.0,2,1.455580625326253,0,0,171,1,,
36,2,97975,55,1134,1,1,0,4,0,2,0.9984059511158342,0,2.8987802772962925,3,3,169,0,,
51,0,20865,68,4048,3,4,2,0,3,0,2.0,1,4.716742534864645,1,1,104,0,,
29,1,81860,73,1505,1,3,3,2,0,2,0.9984059511158342,1,1.2716711444126,3,3,43,1,2023.0,1.0
29,0,95199,54,4801,0,0,1,4,2,0,2.0,0,3.3315157990843822,1,3,33,0,,
21,0,73934,92,2351,0,4,3,0,3,1,1.0,1,2.9182788361409,3,3,112,1,,
32,0,27634,78,2256,3,2,2,4,1,1,2.0,2,1.4510791750689735,3,0,136,1,,
67,1,62915,31,4409,4,3,1,1,0,0,2.0,2,3.9887585895133455,2,3,270,0,,
22,1,115464,21,4780,1,3,4,1,2,1,0.0,2,4.550471873067193,0,1,186,0,,
38,1,78830,37,1814,3,1,4,4,2,2,1.0,0,1.6161542793488946,2,3,251,0,,
59,0,30846,71,4562,4,2,2,4,1,1,1.0,2,4.556527706545092,2,2,88,0,2023.0,1.0
50,0,116489,44,2770,1,4,1,3,3,1,1.0,1,3.5600621751741013,2,0,214,1,,
59,2,21559,39,1796,2,1,3,0,2,0,2.0,2,3.975259107455701,1,3,64,0,,
25,2,84555,12,210,0,4,1,2,1,1,0.9984059511158342,0,3.865745961242328,1,1,100,1,,
23,1,106879,97,3030,0,3,0,2,2,2,0.0,1,3.554546428818908,0,3,70,1,2023.0,1.0
32,0,109142,75,3462,4,1,2,4,2,0,0.9984059511158342,0,4.47104102794109,3,1,46,1,,
23,0,83589,7,3319,2,0,2,4,0,1,2.0,0,2.0402695074809856,1,1,2,1,,
46,2,98065,46,3594,0,4,3,3,3,0,0.0,0,2.7408680366991724,3,1,149,1,,
41,1,89157,89,704,4,3,4,0,0,0,0.9984059511158342,2,4.653042024770781,1,1,2,1,,
18,1,114025,89,176,2,4,4,3,3,0,0.0,2,2.645258605772363,2,1,140,0,,
52,2,51533,68,2337,1,4,3,3,2,0,2.0,2,4.127863072634147,2,0,185,1,,
46,2,36991,60,3854,0,3,0,4,1,0,2.0,2,1.1297305543658922,1,2,46,0,,
27,1,42787,91,4589,2,4,1,0,2,1,0.0,2,4.124964248495898,3,3,123,0,,
39,1,32974,95,3632,2,3,2,1,1,2,2.0,1,2.6537250542877064,3,0,127,0,,
59,2,90202,18,2838,2,4,1,3,3,2,0.9984059511158342,1,4.802643320876484,2,0,24,1,2023.0,1.0
21,0,76344,85,2178,1,4,2,3,0,0,0.0,0,3.114205843573026,0,3,121,1,,
66,0,57890,56,811,4,1,0,3,2,0,0.0,2,4.239333632346726,0,0,60,0,,
30,0,93177,64,3112,2,2,1,2,0,2,2.0,1,2.679038907481569,3,0,191,1,,
54,1,44687,51,1128,0,3,2,0,1,0,0.0,1,4.9603202718809705,2,2,192,1,,
34,0,44028,21,1169,3,2,0,1,1,2,0.9984059511158342,1,3.875179697641988,1,2,101,0,2023.0,1.0
64,1,101352,64,1205,2,0,1,2,3,0,2.0,0,3.31922709506557,3,1,109,1,,
44,2,25349,13,2975,4,3,2,0,1,2,0.0,2,2.004719892152316,1,2,17,1,,
64,2,51821,17,3263,0,1,0,1,2,1,0.9984059511158342,0,3.217936042056045,0,0,11,0,2023.0,1.0
21,0,90765,76,1984,3,1,4,2,3,0,0.9984059511158342,2,1.7847868659210726,0,2,99,0,,
26,0,82744,11,3412,3,0,4,1,1,0,0.0,2,4.802850007619584,1,0,200,0,,
46,1,98933,33,2827,2,1,0,1,2,2,2.0,2,2.658438429906417,3,2,243,0,,
34,0,40234,89,2002,0,2,1,3,3,1,0.9984059511158342,2,1.911772144674221,0,2,231,0,,
18,1,48214,19,2365,0,1,2,1,1,0,0.9984059511158342,2,1.387637942129388,0,0,266,0,,
47,0,39726,34,4816,3,4,0,3,1,0,0.0,0,4.707131472750758,3,1,86,0,,
23,0,100268,71,300,1,0,2,3,1,0,0.0,0,4.845566693977229,1,3,284,1,,
51,1,101981,77,561,0,4,0,4,2,0,2.0,0,2.3588317027297228,2,3,247,0,,
18,1,34677,87,3978,3,1,2,4,0,0,0.0,0,4.544605943378452,0,3,80,1,,
31,1,93366,38,1224,0,1,0,1,2,2,0.0,1,2.0484447174849545,0,3,116,1,2023.0,1.0
38,2,47007,5,1606,0,4,4,4,3,2,0.9984059511158342,2,3.868683438063607,3,3,12,1,2023.0,1.0
36,0,111665,68,2841,1,2,0,3,2,1,1.0,1,3.1954114479457174,1,0,192,0,2023.0,1.0
61,1,85888,26,3186,1,4,0,4,2,2,1.0,1,2.0121505415410854,0,3,98,1,,
45,2,109493,36,331,3,0,4,1,2,0,0.9984059511158342,2,1.49799122125922,1,0,74,0,,
60,2,114223,84,4952,4,3,4,0,0,2,0.0,0,1.882360195546723,0,2,187,1,2023.0,1.0
43,1,92717,55,4943,2,3,4,0,1,1,0.9984059511158342,2,2.187855270700157,3,0,252,0,2023.0,1.0
55,1,41683,53,1483,1,4,2,1,0,2,0.0,1,3.2941991618451327,1,3,89,1,,
61,0,71370,19,4673,2,0,2,1,2,0,1.0,1,2.0293871125909595,3,2,55,1,,
20,0,28998,77,1843,0,4,3,3,2,1,0.9984059511158342,1,3.4020520013141384,3,3,215,1,2023.0,1.0
19,0,57743,6,3742,0,1,3,2,0,1,0.0,1,2.3513699831255352,1,0,39,1,,
37,0,44276,25,2183,4,4,0,1,2,2,2.0,1,4.471572683586701,2,2,299,0,,
53,1,111207,22,3305,3,2,0,2,1,0,1.0,1,1.182240668064372,0,1,245,0,,
64,2,54314,49,1356,3,0,2,3,3,2,2.0,2,2.74932261736318,0,1,95,0,,
67,1,74796,28,548,2,1,2,0,2,0,1.0,0,4.450174725410719,3,1,188,1,,
45,0,47073,50,394,1,4,0,3,1,2,2.0,0,3.033551405603064,0,1,198,1,,
32,1,106914,13,363,3,2,2,3,0,1,2.0,1,4.284350202466866,3,2,75,1,,
42,0,104101,48,1570,4,0,2,0,3,2,2.0,1,4.354470308807272,3,0,185,0,,
66,1,33285,26,513,2,0,4,4,0,2,0.9984059511158342,2,3.4008889658210566,1,3,197,1,2023.0,1.0
20,2,119059,46,1515,3,2,4,0,2,2,0.0,2,4.731254998466984,2,2,218,0,2023.0,1.0
55,1,82233,35,193,3,3,3,1,1,1,0.9984059511158342,1,4.1128842238589725,0,3,105,0,,
25,2,47301,90,4241,1,0,2,3,2,0,0.0,0,3.1508401522961784,1,0,205,0,,
66,1,69167,15,2523,4,3,0,2,1,0,0.0,1,4.010529446810379,3,1,156,1,,
32,1,46898,53,3241,0,0,1,2,2,2,0.9984059511158342,2,2.748721256685258,3,3,116,0,,
57,1,106569,88,4319,4,4,4,1,0,2,2.0,1,2.665376265385265,2,0,158,0,,
52,1,117012,42,1623,0,2,1,0,3,1,0.0,0,3.866830686267349,0,1,48,1,,
18,1,27750,96,1196,4,2,1,3,3,2,2.0,0,2.363881319128992,3,1,278,1,,
27,2,102948,6,2832,4,4,0,2,1,1,0.0,0,2.4275154332015854,0,0,58,1,,
34,0,43401,19,3894,2,2,2,0,0,0,0.0,2,2.8962516359554327,1,0,265,1,,
67,0,21614,57,657,1,0,1,0,1,2,2.0,0,4.377642695682876,3,0,79,0,,
60,0,112035,63,1991,4,4,4,3,1,0,0.9984059511158342,1,4.915464947094939,3,2,90,1,,
65,1,87203,74,1358,0,0,3,2,2,0,2.0,1,1.1805794914287886,3,3,119,1,,
37,0,111080,68,2180,4,3,3,2,2,2,0.0,2,3.2360017953851274,3,1,6,0,,
54,0,70126,43,4325,3,4,0,1,0,0,0.9984059511158342,2,4.65661915462975,2,3,59,1,,
49,0,103024,65,2660,3,0,3,4,2,2,1.0,1,2.7467895390010826,2,1,42,1,,
25,1,43052,84,3965,4,1,2,3,0,2,0.0,0,1.387032477256604,0,2,277,1,,
58,2,60491,68,2154,1,0,3,1,1,1,1.0,2,2.7458206741721742,2,1,262,0,,
28,2,98629,85,4085,0,2,2,4,0,2,0.0,0,2.4592635574726467,3,3,149,1,2023.0,1.0
26,0,32638,65,3022,0,2,4,0,1,2,0.0,0,1.828675291735128,2,0,149,0,,
42,0,60750,36,894,0,2,4,1,3,2,1.0,2,2.261528862591916,0,2,142,1,,
32,2,93339,94,2803,0,4,0,4,0,0,0.0,0,4.100484824401466,0,0,17,0,,
54,2,60081,73,1006,4,4,2,3,2,1,0.9984059511158342,1,1.3052589791667413,2,3,244,1,,
63,0,83310,77,4905,2,1,0,0,1,2,0.9984059511158342,2,4.6886925572609135,0,3,142,0,,
34,1,43086,90,3414,3,4,2,3,1,0,0.0,2,1.1510296970300846,0,3,77,1,,
22,1,81687,76,3305,3,4,3,4,0,2,0.9984059511158342,1,2.606040153912611,3,2,235,1,2023.0,1.0
66,0,98413,53,4429,4,4,3,3,2,0,0.0,0,2.013128217780861,3,1,132,1,,
47,2,34961,13,2421,2,1,2,0,2,0,0.9984059511158342,1,2.5332837116661637,2,0,157,1,2023.0,1.0
54,1,117136,15,4656,4,2,0,3,1,2,1.0,2,2.292956701299407,1,2,178,0,,
42,2,118756,47,625,0,1,0,0,0,2,0.9984059511158342,0,2.732495405234591,3,2,162,0,,
24,0,98232,51,1519,4,1,3,4,1,0,1.0,2,4.487363994561624,3,3,260,0,,
55,0,102516,69,3469,1,2,1,3,1,2,1.0,1,3.288430631831722,2,3,273,0,,
57,0,101991,58,1183,3,2,2,1,2,0,1.0,1,3.5032243634725777,2,0,165,0,2023.0,1.0
35,1,23196,83,936,2,2,1,0,1,0,0.9984059511158342,0,3.532487033903197,2,2,124,0,,
54,0,97066,61,2176,3,3,3,2,1,1,0.0,1,4.475809521648021,1,2,240,1,,
57,1,36702,86,3217,4,1,3,1,0,1,0.0,2,3.811521379106962,1,0,73,0,,
29,0,100274,56,2259,1,4,3,3,0,0,2.0,2,4.45871593664426,1,2,146,0,2023.0,1.0
39,1,108667,47,1842,3,0,0,4,1,1,0.0,1,2.843005226832142,1,2,58,0,,
54,1,103602,90,3252,4,1,2,2,1,1,0.0,1,3.99963855068972,1,2,259,1,2023.0,1.0
25,2,80261,70,4813,1,4,0,4,0,2,0.0,0,3.599089932481041,1,3,61,1,,
38,0,86118,7,3690,3,1,1,2,1,2,2.0,0,2.4264891967652567,3,1,109,1,2023.0,1.0
52,0,20427,97,4043,2,1,2,4,0,2,1.0,2,4.045382793348294,2,1,236,1,,
57,0,65227,73,885,1,3,0,0,3,0,0.0,1,3.987510581153427,2,0,76,1,2023.0,1.0
18,2,89445,53,4748,2,0,2,4,0,0,0.0,1,3.5813361067244527,2,3,94,0,2023.0,1.0
43,1,71012,88,1530,2,1,4,2,0,1,0.9984059511158342,2,1.1372555121453891,2,3,109,1,2023.0,1.0
30,1,79858,70,3064,3,3,1,0,1,2,1.0,0,3.699408180417997,2,1,94,0,,
56,0,66553,65,4402,1,2,3,3,3,2,0.0,1,3.2061112450714813,2,1,62,0,,
32,1,114791,15,2249,2,0,1,2,1,0,2.0,0,4.291019254362556,3,3,114,0,,
67,1,96820,32,3828,4,4,0,1,1,2,0.9984059511158342,1,3.4614460299143386,3,2,176,0,,
62,0,59384,32,1917,4,3,1,0,3,2,0.9984059511158342,0,4.581057403586991,1,2,13,0,,
56,0,106332,15,4525,4,0,2,4,0,0,2.0,2,4.860938307854669,1,2,71,1,,
65,1,95787,72,617,1,2,2,0,1,0,2.0,0,3.023719343815855,2,2,43,0,2023.0,1.0
39,0,109461,34,4792,2,3,0,1,2,1,2.0,2,3.679286390221331,2,3,167,0,,
27,0,37529,34,861,2,2,4,4,0,0,1.0,0,2.0852268150246016,2,0,43,1,,
43,0,43396,4,4653,4,2,2,4,0,0,0.9984059511158342,0,2.9657052879341754,1,2,270,1,,
56,1,58485,17,2126,0,3,4,2,0,2,0.9984059511158342,2,4.117903374199551,1,0,32,0,2023.0,1.0
51,0,26928,6,4723,0,4,4,4,3,0,1.0,0,2.96290316514989,1,1,162,0,,
51,1,90649,84,4674,0,1,4,0,3,0,1.0,2,3.758639141242906,1,2,267,1,,
42,0,29466,27,1520,3,3,1,0,3,1,2.0,2,1.043370731729888,0,0,153,0,,
68,1,33453,37,4412,1,1,3,3,2,2,1.0,1,2.3916312865861267,0,2,92,1,,
53,0,63371,97,4041,4,4,1,2,2,2,2.0,0,1.198035940339922,3,1,93,0,,
59,0,97850,38,3614,3,4,1,3,3,1,2.0,2,3.283724314561896,0,0,143,1,,
69,0,80797,44,3857,4,0,3,2,0,0,0.0,2,3.0835010543483534,3,1,169,1,,
26,1,62676,66,2012,2,0,1,1,2,2,0.9984059511158342,2,1.1192695244038044,0,2,149,0,,
66,0,113517,47,4794,3,1,3,1,3,0,2.0,0,4.337307581711648,2,0,220,1,,
53,0,50226,2,4818,1,2,0,4,1,0,0.9984059511158342,0,1.8391449533764292,2,1,25,0,,
27,2,24102,72,3514,3,3,4,3,2,0,1.0,2,2.0489804267121614,0,2,110,0,,
50,0,89224,98,1454,3,4,0,0,3,2,0.9984059511158342,2,4.5433441848455125,2,2,192,0,,
69,1,77920,76,2603,0,4,2,0,2,0,1.0,1,3.252887782427512,0,1,164,1,,
63,0,92328,20,3653,0,1,3,1,1,0,1.0,1,2.1050762780336223,0,2,66,0,,
54,2,56744,42,4572,1,1,4,2,0,1,0.9984059511158342,2,3.007996997906578,3,0,165,0,,
66,1,101641,9,393,2,1,0,2,1,2,0.9984059511158342,2,3.968978575829752,0,2,172,0,,
62,2,117896,49,1540,2,2,3,4,3,1,0.9984059511158342,1,2.539031778857141,0,0,231,1,,
28,0,107483,31,1558,4,3,4,1,2,0,0.9984059511158342,1,2.921087007432181,1,1,166,1,,
64,1,69386,24,3611,0,2,4,0,2,0,0.0,1,4.387700199894512,1,1,35,1,,
66,2,109082,80,1320,2,2,4,3,0,0,0.9984059511158342,2,1.341395029555133,0,1,254,1,,
31,0,33454,48,1429,3,2,3,3,0,1,0.9984059511158342,0,4.357867953982692,0,2,227,0,,
69,1,34648,75,3090,3,2,4,3,2,0,2.0,1,4.840277021715011,2,1,104,0,,
43,1,119865,77,866,3,1,2,4,1,2,0.0,0,3.778910824081528,3,0,103,0,,
55,2,103312,44,3786,2,4,4,1,1,2,2.0,1,4.245828062626988,1,3,239,0,,
51,2,37601,97,1092,4,2,3,4,3,1,2.0,2,3.0888000354952245,2,0,237,1,2023.0,1.0
47,0,67037,62,3422,4,0,4,3,0,0,0.0,1,4.177399203578819,3,0,289,0,,
69,1,90819,81,249,0,3,2,0,1,1,0.0,2,2.1941665697875923,3,1,233,1,2023.0,1.0
19,2,118384,81,4616,4,1,2,4,2,2,0.9984059511158342,0,1.9725801719579965,2,0,135,1,,
37,1,65499,95,1349,3,2,3,2,0,1,2.0,2,1.2476984190814695,0,0,224,1,,
61,1,67176,59,416,0,2,0,0,3,0,2.0,0,4.107910139789393,2,3,178,0,,
53,0,70912,96,3726,0,2,1,1,3,0,0.0,2,3.529609558493666,3,0,231,1,,
60,0,92413,26,3225,3,0,0,3,1,0,0.9984059511158342,0,4.479215818327038,0,2,275,0,,
62,1,54381,26,2629,4,3,4,3,0,1,0.0,0,4.0460082254083,3,1,219,0,,
31,0,94283,89,3276,2,2,3,1,0,2,1.0,2,2.6870995819824954,1,0,45,0,,
67,2,100992,45,4245,3,1,4,1,1,1,1.0,0,4.409693492562473,0,0,218,0,2023.0,1.0
69,0,33092,37,4607,1,4,3,1,1,1,0.9984059511158342,0,2.2795465390354224,3,3,33,0,,
46,0,115295,21,3439,2,3,0,4,2,2,1.0,1,4.024472973460894,0,0,90,0,,
44,0,115148,86,4219,2,3,3,3,1,2,1.0,1,2.8356607520289137,2,2,295,0,,
38,0,89306,59,1329,3,0,1,1,3,1,1.0,0,1.7984890243374605,3,3,201,1,,
29,0,46309,48,885,1,3,4,1,0,0,1.0,1,2.054150860733551,2,3,298,1,,
66,1,119445,81,733,1,3,2,0,0,0,0.9984059511158342,2,1.0225390215887549,1,1,204,0,,
53,1,86351,52,3890,4,4,3,4,2,1,1.0,1,1.0438720835959212,1,1,256,0,2023.0,1.0
65,0,75479,92,2825,0,1,3,3,3,1,2.0,0,1.3408976197498506,1,0,68,0,,
35,1,53758,66,3487,0,0,4,3,0,1,0.9984059511158342,1,1.4313313959736615,0,2,183,1,,
69,2,87321,51,2562,1,4,2,0,3,2,1.0,0,4.144487070611483,0,3,42,1,,
67,1,81920,91,1501,4,1,3,3,3,2,1.0,0,4.022156365866518,0,0,47,1,,
21,2,70061,44,453,1,4,2,1,2,0,0.0,2,1.238596336275099,3,2,168,1,2023.0,1.0
63,2,89634,91,3006,1,2,3,2,3,0,2.0,1,4.619448049923457,2,2,75,1,2023.0,1.0
32,0,88475,46,210,0,2,4,1,3,2,0.0,1,4.006009541503939,0,1,194,0,,
48,2,40601,84,737,1,4,0,1,1,0,1.0,0,4.92198523430628,0,3,57,1,2023.0,1.0
56,0,75956,52,4057,2,0,1,3,1,0,0.0,1,2.975341263605521,0,3,146,1,2023.0,1.0
18,0,57389,6,737,0,0,1,1,1,2,1.0,0,3.428251544051447,0,0,251,0,,
34,1,115031,12,3433,3,1,2,4,1,2,0.0,0,3.26118637568084,3,2,187,1,2023.0,1.0
54,1,71364,39,3802,4,3,0,4,1,2,1.0,1,3.716686530829025,1,0,216,0,,
64,2,93438,91,1215,0,1,1,2,0,0,2.0,0,2.6070573609118077,1,3,237,0,,
44,1,70603,94,461,3,4,3,4,2,1,0.9984059511158342,0,2.8529233992546934,0,0,12,1,,
60,1,90192,38,3866,3,1,2,0,3,2,2.0,2,4.275016926165289,3,3,136,1,,
59,2,112202,49,2391,2,3,2,1,0,0,0.9984059511158342,2,4.699110545029912,2,1,247,1,2023.0,1.0
26,1,64324,81,3092,3,2,2,3,2,0,0.0,2,2.1642096640722066,3,0,132,1,2023.0,1.0
25,1,96215,10,2539,4,1,0,0,0,0,0.0,2,4.603720442147946,1,2,148,0,,
67,0,49203,57,2953,3,0,1,1,3,0,2.0,1,3.30844095386288,2,0,35,1,,
60,0,59470,31,4901,2,0,2,0,1,0,0.0,2,4.185326288295125,1,1,221,1,2023.0,1.0
52,0,100224,66,4748,3,0,1,2,2,0,2.0,1,4.711739886347503,3,2,275,0,,
34,1,74638,46,3351,1,2,1,2,1,2,2.0,2,4.98666973612322,3,3,184,1,,
24,2,63060,24,1097,0,0,1,2,3,2,0.9984059511158342,0,2.952634727466992,0,3,160,0,,
64,1,43259,63,1804,0,3,3,1,0,0,2.0,0,2.581673776629737,1,1,38,0,2023.0,1.0
66,0,33338,69,1824,1,0,1,1,0,0,2.0,2,3.627616887594783,1,0,142,1,,
50,0,105205,99,1885,0,2,1,0,1,0,1.0,2,4.5673186926933225,1,3,294,0,,
45,2,69817,69,1310,1,3,2,0,1,0,0.9984059511158342,2,2.9511291723535504,0,1,16,1,2023.0,1.0
53,2,96095,9,3475,1,3,0,2,3,0,0.9984059511158342,1,1.1088327200455503,1,1,43,1,,
20,1,113260,56,2643,0,0,2,3,2,0,1.0,1,3.1701633974880474,2,3,214,0,2023.0,1.0
40,0,103211,85,1702,2,2,3,3,2,1,1.0,0,3.2061889847732914,0,3,85,1,2023.0,1.0
54,1,33463,32,933,4,1,3,3,0,2,2.0,2,3.3088963455033475,3,2,54,1,2023.0,1.0
37,0,29777,70,2374,2,2,2,1,2,1,0.0,0,4.412874895007228,3,2,100,0,,
69,1,34799,62,3192,0,3,2,0,3,0,0.9984059511158342,0,1.8547334245585525,0,0,223,1,,
22,0,31785,15,3518,4,0,1,3,0,2,1.0,0,1.2984609722531504,2,3,35,1,2023.0,1.0
54,0,115761,24,4780,4,3,3,2,1,1,1.0,2,4.930029433026741,1,0,123,0,,
30,0,77803,70,3323,2,3,3,4,0,2,2.0,2,4.697878117240478,2,1,87,1,2023.0,1.0
46,1,56659,37,4659,0,4,0,1,2,0,2.0,2,3.30085091284482,1,2,222,0,,
56,2,25487,87,327,0,2,3,0,0,1,1.0,1,1.2632182239899716,1,1,142,0,,
67,0,36352,54,1508,3,0,4,2,3,1,0.9984059511158342,0,4.733623318700952,2,2,197,0,2023.0,1.0
50,0,68542,13,3925,3,0,2,3,2,2,0.0,1,2.1815007161296,2,2,201,1,,
46,2,108027,71,1035,3,0,3,3,3,2,1.0,2,1.9678186305237788,3,1,118,1,2023.0,1.0
60,1,73450,76,278,4,0,1,4,0,0,1.0,1,4.1914706045829,2,0,79,1,,
53,0,101696,99,1270,1,1,2,4,0,2,2.0,0,2.5465809240023267,3,0,59,1,2023.0,1.0
50,0,37682,57,689,2,2,1,4,1,0,1.0,0,4.0538862373332165,3,3,11,0,,
36,0,65434,64,1643,0,0,3,2,3,2,0.0,2,2.503613093352488,2,0,91,0,2023.0,1.0
51,2,80955,20,760,1,2,2,1,3,0,2.0,1,2.50933310525099,0,1,100,0,2023.0,1.0
61,1,49410,18,4909,4,3,3,3,2,2,1.0,1,1.9564989472534875,1,2,147,1,2023.0,1.0
63,1,42099,99,3894,0,0,2,1,2,0,2.0,0,3.983992873564121,1,0,2,0,2023.0,1.0
30,1,88666,85,3719,4,1,4,2,0,0,0.0,2,3.503178615384656,2,0,23,0,,
52,1,91736,68,1799,3,3,1,1,3,2,0.0,0,2.7062537608057933,3,0,127,1,,
28,0,119869,20,2720,4,2,3,1,2,0,2.0,0,4.1037985772631655,0,1,117,1,,
27,0,79660,26,293,1,1,2,0,3,0,1.0,0,2.203434065156181,3,2,60,0,,
40,1,66947,72,2198,3,4,4,3,0,1,0.0,2,4.218054811245471,0,0,242,0,,
50,0,60391,44,3734,4,4,3,1,2,2,0.9984059511158342,1,2.454921137838246,0,1,177,1,,
43,1,85715,68,3304,0,3,3,0,3,2,2.0,2,3.4025705235159456,2,2,144,1,,
66,1,64552,77,704,0,0,4,4,0,0,0.0,1,4.007837602955979,2,2,9,1,,
49,2,29228,77,2698,1,2,0,2,1,1,1.0,0,1.9474178630022347,3,2,36,1,,
23,1,51541,77,1890,4,1,0,3,2,2,0.0,2,1.2329699848891005,1,3,44,1,2023.0,1.0
37,0,37862,54,3833,2,2,4,2,0,2,2.0,1,4.763785600684414,3,2,122,0,,
66,1,36350,69,2051,1,4,1,3,1,0,2.0,0,2.45185578991105,1,1,284,0,,
60,1,29695,53,1786,0,4,3,0,0,2,1.0,1,3.3762975091339844,0,1,262,1,,
40,2,72076,48,2466,3,1,1,3,0,0,0.9984059511158342,2,2.142600050566879,1,3,102,0,2023.0,1.0
55,1,87965,17,3799,1,1,3,4,0,1,1.0,0,3.3561614167256213,3,2,225,1,,
41,0,84325,44,3815,3,1,2,3,3,2,2.0,1,4.999446144832952,1,1,45,1,,
25,0,101144,83,4044,0,4,1,3,2,2,1.0,1,1.2549785303822576,3,0,84,0,2023.0,1.0
29,0,64674,32,1567,0,0,3,1,2,2,0.9984059511158342,1,1.3900872577207304,0,1,245,0,,
66,0,96621,73,3194,2,3,3,4,0,2,0.0,0,1.9826141092951128,1,0,191,0,,
52,1,105013,24,2749,4,0,3,3,3,2,0.9984059511158342,1,3.230014499947474,2,1,93,0,,
45,1,50505,50,3937,3,0,4,4,1,1,1.0,1,3.899916248539937,3,2,116,1,,
34,1,76221,88,3904,4,4,3,1,3,1,1.0,2,3.669479753949252,2,3,181,1,,
36,2,48173,53,4345,3,2,2,0,0,1,0.9984059511158342,2,1.476703044257074,3,3,254,1,2023.0,1.0
54,1,21999,2,4718,1,3,3,1,0,0,2.0,0,3.9734032835089454,0,2,275,0,,
59,0,79201,22,2566,1,1,2,2,2,2,2.0,2,2.507335507550841,1,3,282,0,2023.0,1.0
42,0,92788,43,1123,1,4,0,2,3,0,2.0,2,2.264036940439803,3,3,174,1,,
67,2,80077,70,206,2,0,4,3,0,0,0.9984059511158342,0,4.22945088819227,0,3,259,0,,
33,1,65802,18,3353,1,3,1,4,0,0,0.9984059511158342,2,3.236853318060521,0,1,124,1,2023.0,1.0
42,0,28080,46,392,1,4,4,1,1,1,2.0,1,3.662905241035362,0,0,26,1,2023.0,1.0
55,0,25674,48,3918,0,4,4,2,1,2,1.0,2,1.1704344327145422,0,3,137,0,2023.0,1.0
49,1,65382,18,1105,0,3,4,4,0,0,1.0,1,3.2365040748983747,0,2,278,1,,
22,1,103008,8,903,2,4,0,0,0,2,0.0,2,1.862837125791028,0,3,44,1,,
62,0,79004,85,1673,0,1,0,1,1,2,2.0,2,4.756639342745457,3,1,163,0,,
28,2,88795,68,614,3,4,1,3,1,2,1.0,0,3.15068985481024,1,1,133,1,,
44,1,48690,42,4916,0,2,3,1,0,0,2.0,0,4.5481441326157785,0,0,50,1,,
26,1,90097,40,4201,1,0,1,1,0,0,1.0,2,1.5018161734572453,2,3,25,0,,
51,1,111891,34,4449,2,0,3,1,0,2,0.0,2,3.5945631667016213,3,0,43,1,,
37,0,31695,71,4823,3,3,2,1,0,1,1.0,2,2.953652111522699,3,1,251,1,2023.0,1.0
65,2,112160,64,1269,4,3,1,4,3,0,0.9984059511158342,2,2.114307522430064,1,0,101,0,,
47,1,22473,88,4110,0,1,1,0,1,0,0.9984059511158342,2,1.310525988855228,3,1,177,0,2023.0,1.0
18,1,73526,28,1300,4,1,4,2,0,1,1.0,0,4.11134066406442,2,3,91,0,,
30,0,99099,39,4742,2,1,0,0,1,2,2.0,2,4.5222131444236044,1,1,62,0,2023.0,1.0
59,0,90507,29,2258,2,4,0,4,1,1,0.9984059511158342,1,1.48652181173632,2,0,168,1,,
43,1,116748,85,4048,1,0,2,3,2,0,0.9984059511158342,2,2.0405376193721945,3,0,37,0,,
47,0,37693,95,4030,3,1,4,2,3,1,1.0,1,3.912097622662732,1,1,262,0,,
39,0,98572,80,2397,0,0,0,4,1,2,0.9984059511158342,2,2.2436480823987166,0,0,166,1,,
38,0,50105,99,3331,2,4,0,4,0,0,0.0,0,1.6286816563718598,0,2,125,1,2023.0,1.0
56,2,59477,82,2090,2,3,3,0,3,1,0.9984059511158342,2,2.1741471201359106,2,0,83,1,,
26,2,49048,44,2063,0,4,3,4,1,1,2.0,0,1.760570616753108,0,2,26,0,,
22,2,78144,51,3962,3,3,2,0,0,0,0.0,0,2.016831229825565,1,0,176,0,,
44,0,59080,3,2029,0,3,2,0,3,2,0.0,2,4.120404589587706,3,1,36,1,2023.0,1.0
56,1,106623,15,2595,3,0,1,1,3,0,0.9984059511158342,2,1.1485446220487625,0,3,219,0,,
48,0,110886,31,457,0,3,0,2,0,1,0.0,1,3.579618233561599,1,1,214,1,,
65,0,66728,75,1422,0,2,3,1,1,2,0.0,2,4.412989868339583,3,0,43,1,2023.0,1.0
36,1,36738,77,3012,4,1,3,2,1,0,2.0,0,3.053778843717163,3,2,291,1,2023.0,1.0
56,1,94135,54,4375,2,0,2,2,0,0,0.9984059511158342,1,1.880804391492512,2,1,118,0,,
18,1,102001,28,4907,2,0,3,2,3,0,2.0,0,2.152645154243361,0,0,103,1,2023.0,1.0
36,2,78841,78,1763,0,4,4,3,2,2,0.9984059511158342,1,1.840639620535638,0,1,80,0,,
35,2,78013,66,3086,4,1,2,1,2,2,2.0,2,1.7749373634953796,3,1,162,1,,
61,1,66246,25,4547,0,3,2,3,1,2,2.0,0,2.813013873507242,3,1,94,0,,
54,0,86673,96,3649,2,3,2,0,3,0,0.0,2,4.069393077803772,0,0,7,0,,
50,1,116730,1,1573,1,4,4,3,0,0,0.0,0,4.054175416318971,1,1,205,0,2023.0,1.0
61,1,58562,79,4113,3,2,4,3,3,1,2.0,1,2.1773573213453674,1,0,79,1,,
63,0,119855,63,1739,4,4,0,0,0,0,0.0,1,2.430764144199629,2,2,48,0,,
51,2,66628,88,4375,0,2,3,2,0,2,0.9984059511158342,1,4.205781418171998,2,3,233,1,,
29,1,70867,75,326,2,2,1,3,3,0,0.9984059511158342,1,2.5836145218583244,0,0,167,1,2023.0,1.0
45,0,56978,3,1979,4,0,4,4,1,1,1.0,1,3.869284620823148,2,2,43,1,,
37,0,33880,69,1741,0,1,3,0,1,1,0.0,1,1.898774352522888,2,0,255,0,,
34,1,22179,55,1440,4,0,3,2,1,1,0.0,0,3.1696712475786457,1,0,147,1,,
34,2,42597,63,1605,0,3,2,2,1,2,0.0,1,2.037219429963672,1,2,191,1,,
42,1,30208,10,2978,3,0,1,3,0,0,0.9984059511158342,1,3.255168158971207,2,2,207,0,,
59,1,47528,23,3154,0,0,1,0,1,0,0.9984059511158342,1,3.952063426518188,2,3,276,1,,
51,1,90022,2,1973,1,1,4,1,1,1,0.9984059511158342,0,4.889487568150043,1,1,105,0,,
40,0,88122,37,4174,4,2,0,1,2,0,0.0,2,3.593493176163816,0,1,199,1,,
19,0,57018,23,233,1,1,2,4,0,0,2.0,2,1.0929079391471506,3,1,40,1,,
67,2,53055,68,4678,3,4,2,0,1,1,0.9984059511158342,1,3.984539549077769,1,2,131,0,,
21,1,108738,44,1602,3,3,1,0,3,0,0.0,2,3.9164467100665257,1,0,40,1,,
31,1,102630,61,3577,2,3,2,1,2,2,0.0,0,4.796303990990426,3,3,245,0,,
37,0,85049,77,1919,1,3,0,4,2,0,1.0,1,2.657166452339518,3,3,113,0,,
47,1,109449,41,1075,3,0,4,4,0,1,1.0,0,1.300569981329708,0,0,282,1,,
64,2,75665,88,1030,3,4,4,0,3,1,1.0,0,4.596897035848719,0,3,219,1,,
22,2,21756,31,3766,2,4,0,2,3,2,1.0,2,4.20400870500824,2,1,23,0,2023.0,1.0
29,1,102735,29,1971,2,1,1,4,0,2,0.0,2,2.095262283566698,3,0,148,1,,
38,1,93048,76,756,4,1,0,0,0,0,2.0,1,1.844993716536266,1,2,50,0,,
30,1,93079,53,3508,4,1,0,3,2,1,1.0,1,3.9614247426794,0,3,130,1,,
38,2,92153,77,1537,0,3,1,4,2,2,0.9984059511158342,2,4.692016087285388,0,1,235,1,2023.0,1.0
20,0,103661,3,2244,1,1,1,0,0,2,2.0,0,4.644774115788745,1,1,269,0,,
25,0,86555,11,1551,0,4,0,3,3,0,1.0,2,4.8643250906515405,2,2,35,1,,
68,1,84068,1,2159,3,0,1,2,1,1,2.0,0,1.667923242547674,0,1,200,1,,
62,0,46119,20,589,0,4,0,3,0,2,2.0,2,1.0791358912439546,3,0,18,1,,
41,2,79155,15,4878,4,2,2,3,3,2,2.0,0,2.3634959232555453,2,1,230,1,,
68,1,106971,90,2361,0,0,4,1,0,0,2.0,1,1.4907794513583426,3,0,85,0,,
56,0,81032,6,1049,2,2,0,4,0,2,0.0,2,3.78068672717398,1,1,223,0,,
62,1,106540,8,2243,3,0,3,1,2,1,0.9984059511158342,0,4.605864569355731,3,2,37,1,2023.0,1.0
56,1,36498,98,4586,1,3,2,1,2,0,1.0,2,4.533584803943501,0,2,152,0,,
66,2,86697,99,793,1,0,4,1,0,0,0.0,2,1.0481879024331215,1,2,60,0,2023.0,1.0
46,1,26533,59,2755,1,3,0,4,3,2,0.0,0,4.818113421302373,3,1,133,0,,
35,0,75735,42,421,2,3,3,1,0,2,0.9984059511158342,1,3.95744755014266,1,2,111,0,,
29,1,83753,24,4649,1,0,0,2,1,2,2.0,1,1.0021141357342311,1,3,92,0,,
20,1,50048,55,3105,3,2,3,3,0,1,2.0,2,2.682694014662105,3,1,42,1,,
37,0,34456,99,955,4,3,0,0,1,0,0.0,1,2.376166202055475,3,2,74,1,,
42,2,59386,41,3836,0,3,4,4,0,1,0.9984059511158342,1,2.95311621891241,0,1,288,1,,
44,0,32026,8,1757,0,2,1,3,0,0,0.0,1,2.077408035677,0,0,141,0,,
18,0,34568,5,884,0,3,4,2,3,0,1.0,1,1.0637790173495438,0,1,153,1,2023.0,1.0
21,0,62235,88,4706,2,0,3,0,0,2,1.0,2,3.912102940714198,2,1,146,1,,
32,1,21754,98,1969,0,4,4,0,3,2,0.9984059511158342,1,2.5172053535306365,3,1,30,1,,
55,1,29916,25,4882,3,0,3,0,1,0,2.0,1,3.9564812386606354,3,2,6,1,,
59,2,60639,34,3141,2,3,0,3,2,0,1.0,0,1.2014156061144607,0,0,65,0,,
35,0,49714,9,4757,0,0,1,1,1,1,0.9984059511158342,2,2.218994293885169,0,2,60,0,,
41,2,117356,66,1578,4,0,3,1,1,1,1.0,0,2.5949901732203813,2,0,106,0,,
47,0,53298,51,2993,0,3,4,1,2,2,2.0,2,2.785736371129476,0,3,188,0,,
24,1,65215,29,1498,1,3,1,0,2,0,1.0,0,2.867864005731352,0,1,136,1,,
50,0,57997,70,1121,2,4,2,1,0,0,0.9984059511158342,1,3.875367538259172,2,2,107,1,,
26,1,38996,3,2222,4,0,0,3,3,2,1.0,2,1.2659711477546365,1,3,164,1,,
46,0,20947,58,1599,4,3,4,1,3,2,0.9984059511158342,0,2.157810003139782,3,3,95,0,,
67,0,56943,52,4823,2,0,0,3,0,1,0.9984059511158342,2,2.5408397897302515,1,0,14,1,,
57,1,65702,46,849,1,0,0,0,2,0,1.0,2,3.762763793509632,1,1,147,0,,
66,2,105279,30,3115,3,2,0,4,1,0,0.0,1,4.073334804359415,1,3,228,0,,
36,1,69684,38,2538,0,2,4,2,1,1,0.0,1,3.08135900279936,2,3,90,0,2023.0,1.0
22,1,93030,1,3604,4,0,2,0,3,0,2.0,1,4.095077770841533,2,2,173,1,2023.0,1.0
38,2,31826,75,2135,3,0,2,2,1,1,1.0,2,3.8819288718058593,2,3,54,1,2023.0,1.0
49,0,87470,63,489,0,4,0,2,1,2,0.0,0,2.234408568433089,3,0,142,0,,
57,2,58294,86,2180,1,4,1,4,3,2,0.0,2,3.306606592725374,3,1,181,1,,
69,2,85642,8,2214,2,4,1,4,1,2,2.0,2,1.173230441000233,1,3,30,0,,
52,1,100140,50,2805,4,4,4,3,3,2,1.0,1,1.1950030754042724,3,1,263,0,,
59,0,21922,58,2290,0,0,4,4,3,1,0.9984059511158342,2,3.3865240136897325,3,0,224,1,,
28,0,49765,94,195,0,3,3,1,1,2,0.9984059511158342,2,2.911306037928726,2,0,75,1,,
61,0,36191,57,1547,3,4,0,3,2,2,1.0,2,1.768100767880714,1,3,137,0,2023.0,1.0
50,1,58749,21,1438,3,1,1,2,1,0,0.9984059511158342,1,4.92955372056498,2,1,99,0,,
39,0,55843,9,1175,4,0,3,0,0,1,0.9984059511158342,2,2.022982146647194,3,1,186,0,,
29,0,88578,29,1017,1,1,3,2,0,2,1.0,0,3.995873108924565,0,1,67,1,2023.0,1.0
41,0,110068,90,2775,0,1,2,1,1,0,1.0,2,1.6615451561800128,2,0,106,0,,
41,1,59236,24,1760,4,4,3,4,1,0,0.0,0,2.21197133208486,2,3,263,1,,
59,0,57317,74,3220,2,4,3,0,1,0,2.0,2,1.4990945370729474,1,2,204,0,,
58,2,23729,18,971,4,0,4,1,2,2,2.0,2,3.2107288780227337,2,1,244,1,,
65,2,102427,75,3010,4,4,2,2,2,0,0.0,2,2.8249922561604355,3,3,17,0,,
43,2,110290,8,309,2,1,3,0,1,0,0.0,1,4.280556423753202,3,2,269,1,,
34,0,39781,78,686,3,4,4,3,2,0,0.9984059511158342,2,3.0417902592061803,3,2,279,1,,
35,1,113618,86,827,1,3,2,3,0,0,0.0,0,1.995238756528768,1,3,273,0,,
46,0,45765,50,3292,2,2,3,0,0,2,0.0,0,1.4213275890772017,2,2,260,0,,
56,1,26780,7,4471,0,0,2,1,2,0,0.9984059511158342,2,2.9664262427071235,0,0,64,0,,
46,0,84912,71,4133,3,1,0,4,1,0,0.9984059511158342,2,4.8106724336734645,2,0,35,1,,
40,0,68478,79,1074,0,1,1,4,2,0,1.0,2,3.657733156606591,3,0,40,0,2023.0,1.0
49,1,68817,46,2994,4,3,2,0,3,2,1.0,0,1.0385704573499297,0,3,110,1,,
26,0,104932,59,3620,1,4,3,4,3,1,2.0,0,3.6870374466867455,0,2,79,1,,
60,2,26765,34,215,1,2,0,1,2,2,0.9984059511158342,1,1.756588261821885,3,3,221,1,,
61,1,81521,46,942,1,3,3,1,0,1,1.0,2,1.7135375190992517,1,2,275,0,,
68,0,99305,95,2813,0,1,4,1,2,1,0.0,1,4.348103856494941,2,0,182,0,,
50,0,67361,88,3101,1,1,4,1,2,0,0.0,1,1.55298417800465,0,0,115,0,2023.0,1.0
58,1,56292,76,2190,0,0,4,3,1,0,1.0,2,2.813999448379169,2,2,248,0,2023.0,1.0
62,0,105177,79,2657,4,3,0,1,2,1,0.0,1,4.666308791176812,2,0,131,1,,
18,0,30638,71,1758,2,1,0,1,0,2,2.0,0,2.7071798073644944,0,1,93,1,,
19,0,24150,23,2492,4,2,3,4,0,2,0.9984059511158342,2,4.422592648696287,3,2,228,1,2023.0,1.0
57,2,39171,42,793,0,1,4,3,2,1,1.0,0,4.905419335974317,3,0,4,1,2023.0,1.0
58,0,87996,98,515,1,4,2,4,0,0,2.0,0,1.25469899134225,1,2,249,0,,
30,2,80839,94,2025,4,4,0,0,3,2,0.0,0,4.002305504701738,3,3,11,1,,
50,0,66326,23,4448,0,3,3,2,2,2,0.9984059511158342,1,4.825739160092888,1,2,218,0,,
25,2,114334,19,2907,3,4,1,1,0,2,0.9984059511158342,1,4.352349234763726,2,0,152,0,,
50,2,47370,23,3192,3,1,3,3,1,2,1.0,0,2.6645051505778987,3,2,264,1,,
58,0,79021,37,3624,2,1,1,0,1,2,0.9984059511158342,1,4.772207877076285,3,3,18,1,,
64,0,109342,51,4063,0,2,3,1,1,2,0.0,2,2.104797232592474,1,2,127,0,2023.0,1.0
19,0,42560,50,4152,3,3,0,1,2,0,0.9984059511158342,0,3.03345830445284,0,0,146,0,,
63,0,34706,40,1405,3,0,4,3,3,1,2.0,2,3.5367118623738785,2,1,108,1,,
58,1,95024,9,4006,0,3,1,2,2,1,0.9984059511158342,0,2.9624712298048093,0,2,134,1,2023.0,1.0
39,1,51655,17,4590,1,3,4,3,2,1,1.0,1,3.206940528724306,1,0,224,0,,
58,2,60159,41,1055,1,2,3,3,0,2,1.0,1,3.426641743954564,1,2,86,1,,
34,0,99991,81,1524,2,3,4,4,2,2,1.0,2,1.927854929211406,0,1,57,0,,
19,1,75954,94,660,0,3,2,3,1,2,0.9984059511158342,1,4.893005617824757,0,1,89,1,,
23,0,114020,64,1657,2,3,1,2,3,2,2.0,0,3.3820199194422838,0,2,11,1,,
19,1,67249,1,4755,1,2,2,4,2,1,2.0,2,3.4658430901770085,1,0,77,0,,
23,1,94292,21,1364,0,4,4,3,3,1,1.0,0,3.1653218910981806,2,1,189,1,,
68,1,107212,95,769,0,0,4,4,3,2,2.0,2,2.40551721150005,0,0,213,0,,
21,0,68481,46,3187,1,2,4,3,2,0,0.9984059511158342,0,3.350549923153705,2,0,293,1,2023.0,1.0
42,2,49362,88,619,4,4,3,0,2,1,0.9984059511158342,2,1.4704082866066224,3,3,69,0,,
24,0,29677,34,737,2,1,0,2,2,0,1.0,1,4.650771860146677,1,1,108,0,,
28,1,33795,1,3342,4,0,1,4,3,0,0.9984059511158342,2,4.591181283779266,1,3,193,1,,
28,1,91667,75,3797,3,1,2,0,1,0,1.0,1,2.071872920825531,0,1,192,1,2023.0,1.0
63,2,69907,46,510,2,0,4,3,2,0,0.9984059511158342,0,1.2820950551837096,3,0,142,1,,
21,1,69954,63,4588,3,2,2,4,1,1,0.0,2,3.1830138663625998,1,1,8,0,,
62,1,44204,51,3285,4,0,2,4,2,1,2.0,0,2.4204473249956795,2,2,246,0,,
43,0,48114,3,683,3,3,0,2,2,1,0.9984059511158342,1,4.419656089492385,0,2,45,1,,
23,0,34988,96,711,1,4,4,4,0,2,0.0,0,1.494510102415603,1,3,126,1,2023.0,1.0
65,1,40256,9,4438,3,3,3,3,1,2,2.0,2,3.592206594998819,3,1,110,1,2023.0,1.0
39,0,43580,7,1966,1,0,1,4,3,1,0.0,1,4.4090862743677866,2,2,217,0,,
20,0,20022,42,3063,1,3,1,2,1,2,0.0,2,1.5909186672672804,2,0,219,1,,
54,1,62875,95,4512,1,4,3,2,1,0,1.0,2,1.1020101200378094,2,1,225,1,,
50,0,50013,61,693,2,2,4,2,3,1,1.0,2,2.3741388039974574,0,2,185,1,,
49,0,47002,92,4769,2,0,4,1,0,0,0.9984059511158342,2,1.541037696357578,1,1,3,1,,
38,0,97502,76,2216,0,2,0,3,0,1,1.0,2,1.8941468878935976,0,2,240,0,2023.0,1.0
49,0,38240,63,3009,2,4,3,0,3,0,1.0,2,1.0336621721780288,3,2,231,1,,
37,0,53649,5,4524,3,2,3,3,2,2,2.0,0,1.5536971208955903,1,3,176,1,,
59,1,109407,55,1229,3,3,0,2,2,1,0.0,0,3.1322508899317496,2,2,254,1,,
59,1,39871,87,3118,4,4,0,1,3,1,2.0,2,3.029060646552981,0,2,146,0,2023.0,1.0
53,0,118075,13,2497,4,1,1,2,2,2,1.0,0,2.649414160289691,3,0,87,1,,
49,1,52430,96,864,0,3,1,0,2,2,0.9984059511158342,2,1.2698585765411847,0,0,61,0,,
27,1,64706,23,4272,1,1,2,0,0,2,1.0,0,4.511660140558988,0,3,271,1,,
67,1,92115,76,3907,2,4,0,4,3,0,1.0,2,2.069199217239761,2,2,268,1,,
37,0,29415,10,768,0,4,0,0,0,0,0.0,1,3.422730920047834,3,0,273,1,,
62,0,110815,42,3227,0,4,1,3,3,1,0.0,1,1.1319870449187095,2,0,82,0,,
50,2,114626,44,2070,1,1,0,3,3,0,1.0,2,2.2901204995667115,1,2,286,1,,
35,1,46754,47,1319,1,3,3,3,0,0,1.0,2,2.4932307001202,3,3,236,0,,
43,0,118035,27,1999,0,0,2,1,0,0,0.9984059511158342,0,1.4456649200760192,0,2,294,0,2023.0,1.0
48,1,64078,94,3238,3,1,1,2,0,0,0.9984059511158342,0,3.45050751756324,2,3,122,1,,
59,0,35295,27,3753,1,4,1,0,0,1,1.0,0,4.575934787256118,3,3,216,0,,
22,1,48133,15,309,0,1,1,1,3,0,0.9984059511158342,0,4.440802949804084,1,3,248,0,2023.0,1.0
52,1,99459,38,1623,1,2,3,0,0,2,2.0,2,2.640760861239301,1,0,118,1,,
48,0,108553,98,4915,4,4,0,1,2,2,1.0,0,4.69892945222143,3,1,173,0,2023.0,1.0
37,0,81742,43,4317,0,0,1,4,3,0,0.9984059511158342,1,2.167433330013077,1,0,254,1,2023.0,1.0
47,1,89812,74,2812,3,1,2,0,0,1,1.0,0,2.4277745735760807,2,2,151,0,,
39,0,90603,4,1307,2,0,4,4,1,0,0.9984059511158342,1,2.814846508433261,1,2,43,1,,
44,2,48460,87,4921,1,4,4,3,1,0,0.9984059511158342,0,3.095846942059544,0,3,278,1,,
58,0,104861,38,1672,1,4,4,3,3,2,0.9984059511158342,0,3.024608788859008,1,1,85,1,,
21,1,56534,93,597,1,2,4,4,1,2,2.0,1,1.2502192391544904,3,0,56,0,,
41,2,105015,20,3458,2,4,0,0,3,2,0.0,2,3.8879940817436367,2,3,277,1,2023.0,1.0
19,2,113302,33,3337,4,3,4,1,0,1,2.0,1,3.471058174844644,0,2,35,1,,
64,2,97779,63,1235,4,0,0,4,1,0,1.0,1,4.524178534038668,1,2,50,1,,
67,0,82142,73,275,3,4,2,1,1,2,1.0,0,1.97988434814794,3,3,275,1,,
37,1,68268,19,1267,3,1,1,2,1,0,2.0,1,2.297029078832348,1,0,200,1,,
68,0,60891,46,4036,1,2,1,3,3,2,2.0,1,2.6727717119766514,1,0,174,1,,
22,0,61751,64,856,4,3,4,1,3,0,0.0,1,4.12140329751827,2,3,69,1,,
48,1,111103,86,1772,0,0,3,3,3,1,1.0,1,1.589552149482075,2,0,25,1,2023.0,1.0
33,1,71432,16,301,3,0,1,2,0,0,0.0,1,4.128974473732033,1,1,193,0,,
19,1,32856,18,1099,0,2,4,3,2,2,0.0,1,3.292475551063016,0,0,195,1,2023.0,1.0
30,2,105001,80,2003,1,0,4,4,0,2,1.0,2,4.738998159865098,1,2,255,0,,
45,0,82248,17,4814,1,4,3,3,3,0,2.0,1,4.632364312757433,1,2,26,1,,
21,1,23691,7,413,1,1,3,4,1,0,0.0,0,4.301193220060995,0,1,177,1,,
20,1,55497,83,1633,0,0,0,3,1,1,0.0,0,4.50217937420773,1,1,193,0,,
47,0,104720,29,762,0,0,4,3,2,0,1.0,2,1.3082013931865943,2,0,257,0,,
34,0,91887,3,2932,0,3,1,3,1,0,0.0,0,1.357658614173261,2,2,230,0,,
68,1,34716,87,2891,1,4,1,3,0,2,0.0,0,4.493940917205846,0,0,35,0,2023.0,1.0
35,2,48391,36,207,3,0,3,0,0,2,0.9984059511158342,1,4.210738427126534,2,1,174,0,,
31,2,90880,91,3423,0,4,3,4,2,0,0.9984059511158342,0,2.379384295286093,0,1,84,0,,
56,0,98692,34,1326,4,3,4,4,1,2,2.0,2,4.347723857486468,1,1,187,0,,
58,1,94816,51,1822,0,4,1,0,3,2,1.0,0,2.154409443632506,2,2,197,1,,
40,1,114154,69,224,2,4,3,4,2,2,1.0,0,1.3327354150492026,3,0,10,0,,
38,0,102094,13,1543,0,4,2,3,1,1,1.0,0,3.802276090878422,2,0,175,1,2023.0,1.0
46,0,75659,33,4895,4,0,2,0,1,2,0.0,2,3.1368412961080017,1,0,222,0,,
39,2,117427,75,3261,0,2,3,0,3,1,1.0,1,2.614064297920914,2,2,26,0,2023.0,1.0
25,1,27971,9,4667,4,0,2,4,0,1,0.0,1,3.892869532841428,2,1,251,1,2023.0,1.0
46,0,48176,57,2606,3,2,2,1,1,2,0.0,0,4.636352284457773,3,0,279,1,,
34,1,100978,77,930,1,1,4,2,2,1,2.0,0,2.259369086872129,3,3,93,0,2023.0,1.0
29,0,27432,81,2980,3,2,4,2,2,2,0.9984059511158342,0,3.2243336351121346,1,0,15,0,,
19,2,114415,1,1970,0,0,1,2,1,2,0.0,0,3.596250687865148,0,2,91,1,,
23,0,63554,56,1642,3,0,0,0,3,1,1.0,1,4.102983059469242,1,2,271,0,,
28,1,75565,95,2356,1,4,4,2,2,0,0.9984059511158342,2,1.3918343768583514,1,1,54,0,,
57,0,113993,63,4533,0,2,3,4,3,1,1.0,0,4.015356046520943,1,0,270,1,2023.0,1.0
61,2,114786,8,1809,0,0,0,2,0,0,0.0,1,3.373830456379157,1,3,237,1,,
42,0,107638,75,368,2,2,1,0,0,0,2.0,0,4.027910919964334,1,3,192,1,,
50,0,20037,46,3009,0,0,1,3,0,2,1.0,0,4.3326369104273255,3,2,286,0,,
62,0,110744,83,2452,4,2,2,1,2,2,1.0,0,1.609399164370461,2,0,201,0,,
27,0,104106,79,696,0,3,4,1,3,2,2.0,1,2.9490024948510998,1,1,9,1,2023.0,1.0
28,0,28463,5,3285,0,2,0,1,3,2,0.0,1,3.255309492519842,3,3,248,1,,
18,0,52705,30,179,1,4,0,2,3,0,0.0,2,3.161627222048759,2,3,175,0,2023.0,1.0
61,0,49756,65,1286,2,2,0,3,1,0,2.0,0,4.987746473960941,0,2,3,1,,
62,1,44074,74,4982,4,3,4,4,2,2,0.0,1,2.658775163361196,3,0,37,1,,
53,0,77016,6,458,4,3,1,2,3,2,1.0,2,4.433606528254726,3,0,37,0,,
24,1,40545,94,1318,4,2,0,1,2,0,0.9984059511158342,1,2.2131019075678178,2,0,162,0,,
38,0,23420,60,4261,0,3,0,1,0,2,1.0,2,4.470813334927458,1,1,248,0,,
34,0,88943,95,1368,2,3,4,2,1,2,2.0,0,3.2298844953366315,0,1,31,0,,
49,1,41468,81,443,2,0,1,4,1,1,2.0,2,4.74838089648361,0,2,281,0,,
46,0,39476,14,3566,2,4,1,2,3,0,1.0,0,2.3314574955310783,2,0,80,1,2023.0,1.0
20,0,88752,43,1194,3,4,3,4,1,0,2.0,2,3.242471207481626,2,3,264,0,,
58,0,45825,21,4682,1,3,3,1,1,0,1.0,0,2.469846480343058,2,1,207,1,,
50,0,35861,56,3154,0,3,4,3,0,1,2.0,2,3.2931646944108013,2,0,29,0,2023.0,1.0
25,0,103694,12,3693,4,1,4,2,0,2,2.0,1,3.373641398565993,2,0,266,0,,
24,0,74418,20,3723,3,1,1,3,1,1,2.0,2,2.381072802842394,2,2,142,0,,
27,1,36292,94,474,2,3,2,3,0,0,0.9984059511158342,0,4.534675769247948,1,3,136,1,,
65,0,105751,34,179,2,1,4,2,3,0,0.0,0,3.129394701862686,1,3,216,1,2023.0,1.0
46,0,67366,65,2390,0,1,1,2,3,0,0.0,1,4.183193020028101,3,3,95,1,,
51,0,89072,64,3247,4,1,3,1,1,2,0.0,2,4.0404672130426125,0,2,46,0,,
56,1,80695,89,1042,2,2,3,3,0,0,0.0,1,1.0891550692529677,1,1,85,1,2023.0,1.0
35,2,94519,81,1370,3,4,1,4,0,1,0.0,0,4.3954920668942,1,2,168,1,,
48,2,43572,64,1844,3,3,2,3,1,2,2.0,0,3.0228900019173217,3,1,248,1,2023.0,1.0
42,0,105366,28,3819,1,1,3,0,3,0,0.0,0,3.518263358508214,1,2,262,1,,
64,2,25782,22,2304,4,0,1,3,3,2,0.0,1,1.444589819482898,2,2,125,1,,
32,1,64788,94,3451,4,3,0,1,2,0,2.0,2,2.792806582224824,0,2,108,1,,
25,1,78595,98,929,3,3,2,4,1,2,1.0,0,2.7299814873794324,3,2,202,1,,
30,1,31244,81,4641,3,0,0,3,2,2,0.9984059511158342,2,3.8470879859004152,2,3,180,1,,
63,1,115880,2,371,2,1,4,2,0,0,1.0,2,4.777454365122061,2,0,220,0,,
50,2,98424,45,2250,0,3,1,1,0,2,1.0,0,4.993268572568445,3,0,143,0,,
68,1,59941,96,4467,0,1,4,1,1,2,1.0,0,4.7980654606225865,1,2,110,0,,
66,0,45105,74,2874,1,0,1,4,0,0,0.9984059511158342,1,4.948214748538773,3,3,107,0,2023.0,1.0
46,2,70385,61,112,1,1,4,2,0,2,0.0,0,4.920330516500598,3,0,51,0,,
20,1,23192,7,2451,2,3,0,0,1,1,1.0,0,3.1566733070990143,0,2,127,1,2023.0,1.0
40,1,93508,97,1871,0,4,4,1,0,2,1.0,2,2.220876015377917,0,1,32,1,2023.0,1.0
41,1,57436,91,2489,4,2,4,0,0,0,1.0,0,1.6862144842828752,2,2,245,0,2023.0,1.0
23,0,26862,3,1629,4,1,1,1,0,0,0.0,0,1.685485667231606,3,3,50,1,,
61,1,27386,26,2078,2,3,1,0,3,2,0.0,0,2.62849130467995,0,0,21,1,2023.0,1.0
35,2,20496,30,967,0,3,3,2,3,2,0.0,1,1.5035561300567402,2,3,74,1,2023.0,1.0
61,2,58038,38,2138,3,4,2,2,1,0,0.0,1,2.91540965144312,3,2,33,1,2023.0,1.0
28,0,24030,69,116,4,2,3,0,2,0,1.0,1,1.139387107163826,3,1,110,0,,
43,2,40125,93,1726,4,0,1,0,3,0,0.0,2,2.390173679694781,1,3,18,0,,
22,1,70906,80,2893,0,0,2,0,0,2,0.0,0,1.5503500152009182,2,0,228,0,2023.0,1.0
51,2,101638,99,3078,0,0,4,1,1,2,0.0,2,4.791995186002632,1,0,208,1,,
68,1,70151,77,2792,0,2,0,3,0,0,0.0,0,3.708139534125633,1,1,84,1,2023.0,1.0
19,2,94248,15,1720,0,1,2,4,3,2,1.0,1,4.076659054874712,2,3,285,0,2023.0,1.0
69,0,48415,90,1170,4,3,3,2,2,1,0.9984059511158342,0,4.667514620644424,1,2,154,0,,
68,0,103337,72,2821,4,0,3,3,3,0,0.0,2,3.610809803684089,2,3,297,0,,
28,0,23688,21,2833,2,1,0,1,2,2,1.0,2,2.741199167346993,2,0,41,1,2023.0,1.0
64,0,30060,79,2988,0,0,3,3,2,2,2.0,2,4.255975556733853,3,1,5,0,2023.0,1.0
58,2,65510,12,4426,4,3,0,4,1,0,2.0,1,3.343440977586496,0,3,180,0,,
49,1,64308,11,4151,0,3,0,2,2,2,1.0,2,3.058371083410463,0,3,282,1,,
57,0,119468,15,2076,4,3,0,3,2,0,2.0,0,1.6017020394059331,3,1,202,1,,
39,0,51921,81,2891,4,4,1,0,0,2,0.9984059511158342,0,4.138015166880024,2,0,228,0,,
24,1,89506,51,1062,0,3,4,1,1,2,0.9984059511158342,1,3.2683873653401854,0,2,25,1,2023.0,1.0
25,1,27835,32,2285,4,1,4,4,0,2,0.0,2,4.281881223293334,1,3,44,0,,
57,2,58699,35,2438,2,1,4,1,1,1,1.0,2,3.582074684962651,0,1,64,0,,
47,0,22365,22,1494,2,1,4,0,3,0,0.0,1,4.431518976825016,3,1,257,1,,
29,1,94442,60,3469,4,3,0,0,0,0,0.9984059511158342,2,4.59004009364367,1,0,298,1,,
32,0,110360,21,3725,1,4,2,2,1,1,1.0,0,3.466254540561782,3,1,21,1,,
69,0,48757,95,4575,4,1,1,4,0,0,0.9984059511158342,0,2.258858026310975,1,0,275,1,,
47,0,77589,42,4287,3,3,2,3,3,1,2.0,2,3.122631156312281,1,2,101,1,,
63,1,92936,89,2845,3,4,2,0,1,2,2.0,1,1.1867555051551184,1,2,265,0,2023.0,1.0
26,2,50666,9,2022,4,3,1,2,2,0,0.9984059511158342,1,2.2689863865585247,3,1,69,1,,
58,0,29046,86,4480,4,0,1,1,3,1,2.0,0,3.409741136636283,1,1,3,0,,
41,1,42076,70,1592,0,1,3,3,2,0,1.0,0,3.5539889190241176,0,1,187,0,,
58,1,104238,41,2379,1,3,2,2,3,2,0.9984059511158342,2,3.8991669427912594,1,1,25,1,,
50,1,28120,62,3390,0,3,0,0,3,2,0.0,2,1.595263953362219,1,2,85,0,,
46,0,74380,45,3399,2,3,4,2,1,0,2.0,1,2.5744464391011754,2,0,205,1,2023.0,1.0
44,0,45143,50,951,1,1,2,4,3,1,0.9984059511158342,2,1.2596482828771003,0,1,267,1,,
